-- phpMyAdmin SQL Dump
-- version 5.2.1
-- https://www.phpmyadmin.net/
--
-- Host: 127.0.0.1:3306
-- Generation Time: Oct 24, 2024 at 04:44 AM
-- Server version: 10.4.32-MariaDB
-- PHP Version: 8.2.12

SET SQL_MODE = "NO_AUTO_VALUE_ON_ZERO";
START TRANSACTION;
SET time_zone = "+00:00";

--
-- Database: `homedb`
--

-- --------------------------------------------------------

--
-- Table structure for table `nv4_authors`
--

CREATE TABLE `nv4_authors` (
  `admin_id` int(11) UNSIGNED NOT NULL,
  `editor` varchar(100) DEFAULT '',
  `lev` tinyint(1) UNSIGNED NOT NULL DEFAULT 0,
  `files_level` varchar(255) DEFAULT '',
  `position` varchar(255) NOT NULL,
  `main_module` varchar(50) NOT NULL DEFAULT 'siteinfo',
  `admin_theme` varchar(100) NOT NULL DEFAULT '',
  `addtime` int(11) NOT NULL DEFAULT 0,
  `edittime` int(11) NOT NULL DEFAULT 0,
  `is_suspend` tinyint(1) UNSIGNED NOT NULL DEFAULT 0,
  `susp_reason` text DEFAULT NULL,
  `pre_check_num` varchar(40) NOT NULL DEFAULT '',
  `pre_last_login` int(11) UNSIGNED NOT NULL DEFAULT 0,
  `pre_last_ip` varchar(45) DEFAULT '',
  `pre_last_agent` varchar(255) DEFAULT '',
  `check_num` varchar(40) NOT NULL DEFAULT '',
  `last_login` int(11) UNSIGNED NOT NULL DEFAULT 0,
  `last_ip` varchar(45) DEFAULT '',
  `last_agent` varchar(255) DEFAULT ''
) ENGINE=MyISAM DEFAULT CHARSET=utf8mb4 COLLATE=utf8mb4_unicode_ci;

--
-- Dumping data for table `nv4_authors`
--

INSERT INTO `nv4_authors` (`admin_id`, `editor`, `lev`, `files_level`, `position`, `main_module`, `admin_theme`, `addtime`, `edittime`, `is_suspend`, `susp_reason`, `pre_check_num`, `pre_last_login`, `pre_last_ip`, `pre_last_agent`, `check_num`, `last_login`, `last_ip`, `last_agent`) VALUES
(1, 'ckeditor5-classic', 1, 'adobe,archives,audio,documents,flash,images,real,video|1|1|1', 'Administrator', 'siteinfo', '', 0, 0, 0, '', '', 0, '', '', 'f4cab7305f95778505b3a11d8f38040a', 1729737128, '127.0.0.1', 'Mozilla/5.0 (Windows NT 10.0; Win64; x64) AppleWebKit/537.36 (KHTML, like Gecko) Chrome/130.0.0.0 Safari/537.36');

-- --------------------------------------------------------

--
-- Table structure for table `nv4_authors_api_credential`
--

CREATE TABLE `nv4_authors_api_credential` (
  `admin_id` int(11) UNSIGNED NOT NULL,
  `credential_title` varchar(255) NOT NULL DEFAULT '',
  `credential_ident` varchar(50) NOT NULL DEFAULT '',
  `credential_secret` varchar(250) NOT NULL DEFAULT '',
  `credential_ips` varchar(255) NOT NULL DEFAULT '',
  `auth_method` enum('none','password_verify') NOT NULL DEFAULT 'password_verify' COMMENT 'Phương thức xác thực',
  `api_roles` varchar(255) NOT NULL DEFAULT '',
  `addtime` int(11) NOT NULL DEFAULT 0,
  `edittime` int(11) NOT NULL DEFAULT 0,
  `last_access` int(11) NOT NULL DEFAULT 0
) ENGINE=MyISAM DEFAULT CHARSET=utf8mb4 COLLATE=utf8mb4_unicode_ci COMMENT='Bảng lưu key API của quản trị';

-- --------------------------------------------------------

--
-- Table structure for table `nv4_authors_api_role`
--

CREATE TABLE `nv4_authors_api_role` (
  `role_id` smallint(4) NOT NULL,
  `role_title` varchar(250) NOT NULL DEFAULT '',
  `role_description` text NOT NULL,
  `role_data` text NOT NULL,
  `addtime` int(11) NOT NULL DEFAULT 0,
  `edittime` int(11) NOT NULL DEFAULT 0
) ENGINE=MyISAM DEFAULT CHARSET=utf8mb4 COLLATE=utf8mb4_unicode_ci COMMENT='Bảng lưu quyền truy cập API';

-- --------------------------------------------------------

--
-- Table structure for table `nv4_authors_config`
--

CREATE TABLE `nv4_authors_config` (
  `id` mediumint(8) UNSIGNED NOT NULL,
  `keyname` varchar(39) NOT NULL DEFAULT '',
  `mask` tinyint(4) NOT NULL DEFAULT 0,
  `begintime` int(11) UNSIGNED NOT NULL DEFAULT 0,
  `endtime` int(11) UNSIGNED NOT NULL DEFAULT 0,
  `notice` varchar(255) NOT NULL DEFAULT ''
) ENGINE=MyISAM DEFAULT CHARSET=utf8mb4 COLLATE=utf8mb4_unicode_ci;

-- --------------------------------------------------------

--
-- Table structure for table `nv4_authors_module`
--

CREATE TABLE `nv4_authors_module` (
  `mid` mediumint(8) NOT NULL,
  `module` varchar(50) NOT NULL,
  `lang_key` varchar(50) NOT NULL DEFAULT '',
  `weight` mediumint(8) NOT NULL DEFAULT 0,
  `act_1` tinyint(4) NOT NULL DEFAULT 0,
  `act_2` tinyint(4) NOT NULL DEFAULT 1,
  `act_3` tinyint(4) NOT NULL DEFAULT 1,
  `checksum` varchar(32) DEFAULT ''
) ENGINE=MyISAM DEFAULT CHARSET=utf8mb4 COLLATE=utf8mb4_unicode_ci;

--
-- Dumping data for table `nv4_authors_module`
--

INSERT INTO `nv4_authors_module` (`mid`, `module`, `lang_key`, `weight`, `act_1`, `act_2`, `act_3`, `checksum`) VALUES
(1, 'siteinfo', 'mod_siteinfo', 1, 1, 1, 1, '9c3c676b73034707700d489785493b46'),
(2, 'authors', 'mod_authors', 2, 1, 1, 1, '9b5c193a43a8a0a4ffadd037a94168bc'),
(3, 'settings', 'mod_settings', 3, 1, 1, 0, 'f19ab5ac061f5431e254d483e63fdfcc'),
(4, 'database', 'mod_database', 4, 1, 0, 0, 'd1078de7b3e222e96069fce673fb69b8'),
(5, 'webtools', 'mod_webtools', 5, 1, 1, 0, 'f2759a41db248717bd69e3f1ed146ac5'),
(6, 'seotools', 'mod_seotools', 6, 1, 1, 0, '34ad6a44966f5209ab219d72603bbecf'),
(7, 'language', 'mod_language', 7, 1, 1, 0, 'a7cc350f6d3c1353367c87b42e5d0a4e'),
(8, 'modules', 'mod_modules', 8, 1, 1, 0, '9b079787016cd009252438f11859f8dd'),
(9, 'themes', 'mod_themes', 9, 1, 1, 0, '583ef4e1a7af143445197ceed8185f3d'),
(10, 'extensions', 'mod_extensions', 10, 1, 0, 0, '68bd850ca6adb51bfb1df55362e9b398'),
(11, 'upload', 'mod_upload', 11, 1, 1, 1, '32a3e27bfa851a86a8fb6a10d9fbe4f3'),
(12, 'zalo', 'mod_zalo', 12, 1, 0, 0, '5361892ebb38e9a7a836d304bbad6ec3');

-- --------------------------------------------------------

--
-- Table structure for table `nv4_authors_oauth`
--

CREATE TABLE `nv4_authors_oauth` (
  `id` mediumint(8) UNSIGNED NOT NULL,
  `admin_id` int(11) UNSIGNED NOT NULL COMMENT 'ID của quản trị',
  `oauth_server` varchar(50) NOT NULL COMMENT 'Eg: facebook, google...',
  `oauth_uid` varchar(50) NOT NULL COMMENT 'ID duy nhất ứng với server',
  `oauth_email` varchar(50) NOT NULL COMMENT 'Email',
  `oauth_id` varchar(50) NOT NULL DEFAULT '',
  `addtime` int(11) UNSIGNED NOT NULL DEFAULT 0
) ENGINE=MyISAM DEFAULT CHARSET=utf8mb4 COLLATE=utf8mb4_unicode_ci COMMENT='Bảng lưu xác thực 2 bước từ oauth của admin';

-- --------------------------------------------------------

--
-- Table structure for table `nv4_banners_click`
--

CREATE TABLE `nv4_banners_click` (
  `id` int(11) UNSIGNED NOT NULL,
  `bid` mediumint(8) NOT NULL DEFAULT 0,
  `click_time` int(11) UNSIGNED NOT NULL DEFAULT 0,
  `click_day` int(2) NOT NULL,
  `click_ip` varchar(46) NOT NULL,
  `click_country` varchar(10) NOT NULL,
  `click_browse_key` varchar(100) NOT NULL,
  `click_browse_name` varchar(100) NOT NULL,
  `click_os_key` varchar(100) NOT NULL,
  `click_os_name` varchar(100) NOT NULL,
  `click_ref` varchar(255) NOT NULL
) ENGINE=MyISAM DEFAULT CHARSET=utf8mb4 COLLATE=utf8mb4_unicode_ci;

-- --------------------------------------------------------

--
-- Table structure for table `nv4_banners_plans`
--

CREATE TABLE `nv4_banners_plans` (
  `id` smallint(5) UNSIGNED NOT NULL,
  `blang` char(2) DEFAULT '',
  `title` varchar(250) NOT NULL,
  `description` text DEFAULT NULL,
  `form` varchar(100) NOT NULL,
  `width` smallint(4) UNSIGNED NOT NULL DEFAULT 0,
  `height` smallint(4) UNSIGNED NOT NULL DEFAULT 0,
  `act` tinyint(1) UNSIGNED NOT NULL DEFAULT 0,
  `require_image` tinyint(1) UNSIGNED NOT NULL DEFAULT 1,
  `uploadtype` varchar(255) NOT NULL DEFAULT '',
  `uploadgroup` varchar(255) NOT NULL DEFAULT '',
  `exp_time` int(11) UNSIGNED NOT NULL DEFAULT 0
) ENGINE=MyISAM DEFAULT CHARSET=utf8mb4 COLLATE=utf8mb4_unicode_ci;

--
-- Dumping data for table `nv4_banners_plans`
--

INSERT INTO `nv4_banners_plans` (`id`, `blang`, `title`, `description`, `form`, `width`, `height`, `act`, `require_image`, `uploadtype`, `uploadgroup`, `exp_time`) VALUES
(1, '', 'Mid-page ad block', '', 'sequential', 575, 72, 1, 1, 'images', '', 0),
(2, '', 'Left-column ad block', '', 'sequential', 212, 800, 1, 1, 'images', '', 0),
(3, '', 'Right-column ad block', '', 'random', 250, 500, 1, 1, 'images', '', 0);

-- --------------------------------------------------------

--
-- Table structure for table `nv4_banners_rows`
--

CREATE TABLE `nv4_banners_rows` (
  `id` mediumint(8) UNSIGNED NOT NULL,
  `title` varchar(255) NOT NULL,
  `pid` smallint(5) UNSIGNED NOT NULL DEFAULT 0,
  `clid` mediumint(8) UNSIGNED NOT NULL DEFAULT 0,
  `file_name` varchar(255) NOT NULL,
  `file_ext` varchar(100) NOT NULL,
  `file_mime` varchar(100) NOT NULL,
  `width` int(4) UNSIGNED NOT NULL DEFAULT 0,
  `height` int(4) UNSIGNED NOT NULL DEFAULT 0,
  `file_alt` varchar(255) DEFAULT '',
  `imageforswf` varchar(255) DEFAULT '',
  `click_url` varchar(255) DEFAULT '',
  `target` varchar(10) NOT NULL DEFAULT '_blank',
  `bannerhtml` mediumtext NOT NULL,
  `add_time` int(11) UNSIGNED NOT NULL DEFAULT 0,
  `publ_time` int(11) UNSIGNED NOT NULL DEFAULT 0,
  `exp_time` int(11) UNSIGNED NOT NULL DEFAULT 0,
  `hits_total` mediumint(8) UNSIGNED NOT NULL DEFAULT 0,
  `act` tinyint(1) UNSIGNED NOT NULL DEFAULT 0,
  `weight` int(11) NOT NULL DEFAULT 0
) ENGINE=MyISAM DEFAULT CHARSET=utf8mb4 COLLATE=utf8mb4_unicode_ci;

--
-- Dumping data for table `nv4_banners_rows`
--

INSERT INTO `nv4_banners_rows` (`id`, `title`, `pid`, `clid`, `file_name`, `file_ext`, `file_mime`, `width`, `height`, `file_alt`, `imageforswf`, `click_url`, `target`, `bannerhtml`, `add_time`, `publ_time`, `exp_time`, `hits_total`, `act`, `weight`) VALUES
(1, 'Mid-page advertisement', 1, 1, 'webnhanh.jpg', 'png', 'image/jpeg', 575, 72, '', '', 'http://webnhanh.vn', '_blank', '', 1724657086, 1724657086, 0, 0, 1, 1),
(2, 'Left-column advertisement', 2, 1, 'vinades.jpg', 'jpg', 'image/jpeg', 212, 400, '', '', 'http://vinades.vn', '_blank', '', 1724657086, 1724657086, 0, 0, 1, 2);

-- --------------------------------------------------------

--
-- Table structure for table `nv4_config`
--

CREATE TABLE `nv4_config` (
  `lang` varchar(3) NOT NULL DEFAULT 'sys',
  `module` varchar(50) NOT NULL DEFAULT 'global',
  `config_name` varchar(30) NOT NULL DEFAULT '',
  `config_value` text DEFAULT NULL
) ENGINE=MyISAM DEFAULT CHARSET=utf8mb4 COLLATE=utf8mb4_unicode_ci;

--
-- Dumping data for table `nv4_config`
--

INSERT INTO `nv4_config` (`lang`, `module`, `config_name`, `config_value`) VALUES
('sys', 'site', 'admin_theme', 'admin_default'),
('sys', 'site', 'date_pattern', 'l, d/m/Y'),
('sys', 'site', 'time_pattern', 'H:i'),
('sys', 'site', 'online_upd', '1'),
('sys', 'site', 'statistic', '1'),
('sys', 'site', 'site_phone', '0123456789'),
('sys', 'site', 'mailer_mode', 'smtp'),
('sys', 'site', 'smtp_host', 'smtp.gmail.com'),
('sys', 'site', 'smtp_ssl', '1'),
('sys', 'site', 'smtp_port', '465'),
('sys', 'site', 'verify_peer_ssl', '0'),
('sys', 'site', 'verify_peer_name_ssl', '0'),
('sys', 'site', 'smtp_username', 'tuyenhoang2442002@gmail.com'),
('sys', 'site', 'smtp_password', 'JXW3mskREOulahs9_ixLOUWbuN7-Gysz8XR2M4pVdXs,'),
('sys', 'site', 'sender_name', 'Home'),
('sys', 'site', 'sender_email', 'tuyenhoang2442002@gmail.com'),
('sys', 'site', 'reply_name', ''),
('sys', 'site', 'reply_email', ''),
('sys', 'site', 'force_sender', '0'),
('sys', 'site', 'force_reply', '0'),
('sys', 'site', 'notify_email_error', '0'),
('sys', 'site', 'googleAnalyticsID', ''),
('sys', 'site', 'googleAnalyticsSetDomainName', '0'),
('sys', 'site', 'googleAnalyticsMethod', 'classic'),
('sys', 'site', 'googleAnalytics4ID', ''),
('sys', 'site', 'searchEngineUniqueID', ''),
('sys', 'site', 'zaloOfficialAccountID', ''),
('sys', 'site', 'zaloAppID', ''),
('sys', 'site', 'zaloAppSecretKey', ''),
('sys', 'site', 'zaloOAAccessToken', ''),
('sys', 'site', 'zaloOARefreshToken', ''),
('sys', 'site', 'zaloOAAccessTokenTime', '0'),
('sys', 'site', 'metaTagsOgp', '1'),
('sys', 'site', 'pageTitleMode', 'pagetitle'),
('sys', 'site', 'description_length', '170'),
('sys', 'site', 'nv_unickmin', '4'),
('sys', 'site', 'nv_unickmax', '20'),
('sys', 'site', 'nv_upassmin', '8'),
('sys', 'site', 'nv_upassmax', '32'),
('sys', 'site', 'dir_forum', ''),
('sys', 'site', 'nv_unick_type', '4'),
('sys', 'site', 'nv_upass_type', '3'),
('sys', 'site', 'allowmailchange', '1'),
('sys', 'site', 'allowuserpublic', '1'),
('sys', 'site', 'allowquestion', '0'),
('sys', 'site', 'allowloginchange', '0'),
('sys', 'site', 'allowuserlogin', '1'),
('sys', 'site', 'allowuserloginmulti', '0'),
('sys', 'site', 'allowuserreg', '2'),
('sys', 'site', 'is_user_forum', '0'),
('sys', 'site', 'openid_servers', ''),
('sys', 'site', 'openid_processing', 'connect,create,auto'),
('sys', 'site', 'user_check_pass_time', '1800'),
('sys', 'site', 'auto_login_after_reg', '1'),
('sys', 'site', 'whoviewuser', '2'),
('sys', 'site', 'ssl_https', '0'),
('sys', 'site', 'facebook_client_id', ''),
('sys', 'site', 'facebook_client_secret', ''),
('sys', 'site', 'google_client_id', ''),
('sys', 'site', 'google_client_secret', ''),
('sys', 'site', 'referer_blocker', '1'),
('sys', 'site', 'private_site', '1'),
('sys', 'site', 'max_user_admin', '0'),
('sys', 'site', 'max_user_number', '0'),
('sys', 'site', 'captcha_area', 'r,m,p'),
('sys', 'site', 'captcha_type', 'captcha'),
('sys', 'site', 'dkim_included', 'smtp,sendmail,mail'),
('sys', 'site', 'smime_included', 'smtp,sendmail,mail'),
('sys', 'site', 'nv_csp', 'script-src &#039;self&#039; *.google.com *.google-analytics.com *.googletagmanager.com *.gstatic.com *.facebook.com *.facebook.net *.twitter.com *.zalo.me *.zaloapp.com *.tawk.to *.cloudflareinsights.com &#039;unsafe-inline&#039; &#039;unsafe-hashes&#039; &#039;unsafe-eval&#039;;object-src &#039;self&#039;;style-src &#039;self&#039; *.google.com *.googleapis.com *.tawk.to &#039;unsafe-inline&#039;;img-src &#039;self&#039; data: *.twitter.com *.google.com *.googleapis.com *.gstatic.com *.facebook.com tawk.link *.tawk.to static.nukeviet.vn;media-src &#039;self&#039; *.tawk.to;frame-src &#039;self&#039; *.google.com *.youtube.com *.facebook.com *.facebook.net *.twitter.com *.zalo.me *.live.com;font-src &#039;self&#039; *.googleapis.com *.gstatic.com *.tawk.to;connect-src &#039;self&#039; *.zalo.me *.tawk.to wss://*.tawk.to;form-action &#039;self&#039; *.google.com;base-uri &#039;self&#039;;'),
('sys', 'site', 'nv_csp_act', '0'),
('sys', 'site', 'nv_rp', 'no-referrer-when-downgrade, strict-origin-when-cross-origin'),
('sys', 'site', 'nv_rp_act', '1'),
('sys', 'site', 'nv_pp', 'accelerometer=(self), autoplay=(self \"https://youtube.com\" \"https://www.youtube.com\" \"https://*.youtube.com\"), camera=(self), display-capture=(self), encrypted-media=(self), fullscreen=(self \"https://youtube.com\" \"https://www.youtube.com\" \"https://*.youtube.com\"), gamepad=(self), geolocation=(self), gyroscope=(self), hid=(self), identity-credentials-get=(self), idle-detection=(self), local-fonts=(self), magnetometer=(self), microphone=(self), midi=(self), otp-credentials=(self), payment=(self), picture-in-picture=(self \"https://youtube.com\" \"https://www.youtube.com\" \"https://*.youtube.com\"), publickey-credentials-get=(self), screen-wake-lock=(self), serial=(self), storage-access=(self), usb=(self), web-share=(self), window-management=(self), xr-spatial-tracking=(self)'),
('sys', 'site', 'nv_pp_act', '1'),
('sys', 'site', 'nv_fp', 'accelerometer \'self\'; autoplay \'self\' https://youtube.com https://www.youtube.com; camera \'self\'; display-capture \'self\'; encrypted-media \'self\'; fullscreen \'self\' https://youtube.com https://www.youtube.com; gamepad \'self\'; geolocation \'self\'; gyroscope \'self\'; hid \'self\'; identity-credentials-get \'self\'; idle-detection \'self\'; local-fonts \'self\'; magnetometer \'self\'; microphone \'self\'; midi \'self\'; otp-credentials \'self\'; payment \'self\'; picture-in-picture \'self\' https://youtube.com https://www.youtube.com; publickey-credentials-get \'self\'; screen-wake-lock \'self\'; serial \'self\'; storage-access \'self\'; usb \'self\'; web-share \'self\'; window-management \'self\'; xr-spatial-tracking \'self\''),
('sys', 'site', 'nv_fp_act', '1'),
('sys', 'site', 'ogp_image', ''),
('sys', 'site', 'over_capacity', '0'),
('sys', 'site', 'show_folder_size', '0'),
('sys', 'define', 'nv_gfx_num', '6'),
('sys', 'global', 'closed_site', '0'),
('sys', 'global', 'site_reopening_time', '0'),
('sys', 'global', 'notification_active', '1'),
('sys', 'global', 'notification_autodel', '15'),
('sys', 'global', 'site_keywords', 'NukeViet, portal, mysql, php'),
('sys', 'global', 'block_admin_ip', '0'),
('sys', 'global', 'admfirewall', '0'),
('sys', 'global', 'dump_autobackup', '0'),
('sys', 'global', 'dump_backup_ext', 'gz'),
('sys', 'global', 'dump_backup_day', '30'),
('sys', 'global', 'file_allowed_ext', 'adobe,archives,audio,documents,flash,images,real,video'),
('sys', 'global', 'forbid_extensions', 'htm,html,htmls,js,php,php3,php4,php5,phtml,inc'),
('sys', 'global', 'forbid_mimes', 'application/ecmascript,application/javascript,application/x-javascript,text/ecmascript,text/html,text/javascript,application/x-httpd-php,application/x-httpd-php-source,application/php,application/x-php,text/php,text/x-php'),
('sys', 'global', 'nv_max_size', '41943040'),
('sys', 'global', 'nv_overflow_size', '0'),
('sys', 'global', 'upload_checking_mode', 'strong'),
('sys', 'global', 'upload_alt_require', '1'),
('sys', 'global', 'upload_auto_alt', '1'),
('sys', 'global', 'upload_chunk_size', '0'),
('sys', 'global', 'useactivate', '2'),
('sys', 'global', 'allow_sitelangs', 'vi'),
('sys', 'global', 'read_type', '0'),
('sys', 'global', 'rewrite_enable', '1'),
('sys', 'global', 'rewrite_optional', '0'),
('sys', 'global', 'rewrite_endurl', '/'),
('sys', 'global', 'rewrite_exturl', '.html'),
('sys', 'global', 'rewrite_op_mod', ''),
('sys', 'global', 'autocheckupdate', '1'),
('sys', 'global', 'autoupdatetime', '24'),
('sys', 'global', 'gzip_method', '1'),
('sys', 'global', 'authors_detail_main', '0'),
('sys', 'global', 'spadmin_add_admin', '1'),
('sys', 'global', 'timestamp', '1728228704'),
('sys', 'global', 'version', '4.5.06'),
('sys', 'global', 'cookie_httponly', '1'),
('sys', 'global', 'admin_check_pass_time', '1800'),
('sys', 'global', 'cookie_secure', '0'),
('sys', 'global', 'cookie_SameSite', 'Lax'),
('sys', 'global', 'cookie_share', '0'),
('sys', 'global', 'is_flood_blocker', '1'),
('sys', 'global', 'max_requests_60', '40'),
('sys', 'global', 'max_requests_300', '150'),
('sys', 'global', 'is_login_blocker', '1'),
('sys', 'global', 'login_number_tracking', '5'),
('sys', 'global', 'login_time_tracking', '5'),
('sys', 'global', 'login_time_ban', '30'),
('sys', 'global', 'nv_display_errors_list', '1'),
('sys', 'global', 'display_errors_list', '1'),
('sys', 'global', 'nv_auto_resize', '1'),
('sys', 'global', 'dump_interval', '1'),
('sys', 'global', 'nv_static_url', ''),
('sys', 'global', 'cdn_url', ''),
('sys', 'global', 'two_step_verification', '0'),
('sys', 'global', 'admin_2step_opt', 'code'),
('sys', 'global', 'admin_2step_default', 'code'),
('sys', 'global', 'recaptcha_sitekey', ''),
('sys', 'global', 'recaptcha_secretkey', ''),
('sys', 'global', 'recaptcha_type', 'image'),
('sys', 'global', 'recaptcha_ver', '2'),
('sys', 'global', 'users_special', '0'),
('sys', 'global', 'crosssite_restrict', '1'),
('sys', 'global', 'crosssite_valid_domains', ''),
('sys', 'global', 'crosssite_valid_ips', ''),
('sys', 'global', 'crossadmin_restrict', '1'),
('sys', 'global', 'crossadmin_valid_domains', ''),
('sys', 'global', 'crossadmin_valid_ips', ''),
('sys', 'global', 'domains_whitelist', '[\"youtube.com\",\"www.youtube.com\",\"google.com\",\"www.google.com\",\"drive.google.com\",\"docs.google.com\",\"view.officeapps.live.com\"]'),
('sys', 'global', 'domains_restrict', '1'),
('sys', 'global', 'remote_api_access', '0'),
('sys', 'global', 'remote_api_log', '1'),
('sys', 'global', 'api_check_time', '5'),
('sys', 'global', 'allow_null_origin', '0'),
('sys', 'global', 'ip_allow_null_origin', ''),
('sys', 'global', 'cookie_notice_popup', '0'),
('sys', 'global', 'XSSsanitize', '1'),
('sys', 'global', 'admin_XSSsanitize', '1'),
('sys', 'define', 'nv_gfx_width', '150'),
('sys', 'define', 'nv_gfx_height', '40'),
('sys', 'define', 'nv_max_width', '1500'),
('sys', 'define', 'nv_max_height', '1500'),
('sys', 'define', 'nv_mobile_mode_img', '480'),
('sys', 'define', 'nv_live_cookie_time', '31104000'),
('sys', 'define', 'nv_live_session_time', '0'),
('sys', 'define', 'nv_anti_iframe', '1'),
('sys', 'define', 'nv_anti_agent', '0'),
('sys', 'define', 'nv_allowed_html_tags', 'embed, object, param, a, b, blockquote, br, caption, col, colgroup, div, em, h1, h2, h3, h4, h5, h6, hr, i, img, li, p, span, strong, s, sub, sup, table, tbody, td, th, tr, u, ul, ol, iframe, figure, figcaption, video, audio, source, track, code, pre, mark'),
('sys', 'define', 'nv_debug', '1'),
('vi', 'global', 'site_domain', ''),
('vi', 'global', 'site_name', 'HomeHotel'),
('vi', 'global', 'site_logo', 'uploads/logo.png'),
('vi', 'global', 'site_banner', ''),
('vi', 'global', 'site_favicon', ''),
('vi', 'global', 'site_description', 'Lấy cảm hứng từ hình ảnh ngôi nhà thân thương của mỗi người, Home Hotel mang đến một không gian gần gũi, dễ chịu nhưng cũng không kém phần tinh tế, hiện đại.'),
('vi', 'global', 'site_keywords', ''),
('vi', 'global', 'theme_type', 'r,d,m'),
('vi', 'global', 'site_theme', 'home'),
('vi', 'global', 'preview_theme', ''),
('vi', 'global', 'user_allowed_theme', ''),
('vi', 'global', 'mobile_theme', 'mobile_default'),
('vi', 'global', 'site_home_module', 'news'),
('vi', 'global', 'switch_mobi_des', '1'),
('vi', 'global', 'upload_logo', ''),
('vi', 'global', 'upload_logo_pos', 'bottomRight'),
('vi', 'global', 'autologosize1', '50'),
('vi', 'global', 'autologosize2', '40'),
('vi', 'global', 'autologosize3', '30'),
('vi', 'global', 'autologomod', ''),
('vi', 'global', 'name_show', '0'),
('vi', 'global', 'cronjobs_next_time', '1729737722'),
('vi', 'global', 'disable_site_content', '<p>Vì lý do kỹ thuật website tạm ngưng hoạt động. Thành thật xin lỗi các bạn vì sự bất tiện này!</p>'),
('vi', 'seotools', 'prcservice', ''),
('vi', 'about', 'captcha_area_comm', '1'),
('vi', 'about', 'auto_postcomm', '1'),
('vi', 'about', 'allowed_comm', '-1'),
('vi', 'about', 'view_comm', '6'),
('vi', 'about', 'setcomm', '4'),
('vi', 'about', 'activecomm', '1'),
('vi', 'about', 'emailcomm', '0'),
('vi', 'about', 'adminscomm', ''),
('vi', 'about', 'sortcomm', '0'),
('vi', 'news', 'indexfile', 'viewcat_main_right'),
('vi', 'news', 'mobile_indexfile', 'viewcat_page_new'),
('vi', 'news', 'per_page', '20'),
('vi', 'news', 'st_links', '10'),
('vi', 'news', 'homewidth', '100'),
('vi', 'news', 'homeheight', '150'),
('vi', 'news', 'blockwidth', '70'),
('vi', 'news', 'blockheight', '75'),
('vi', 'news', 'imagefull', '460'),
('vi', 'news', 'copyright', 'Chú ý: Việc đăng lại bài viết trên ở website hoặc các phương tiện truyền thông khác mà không ghi rõ nguồn http://nukeviet.vn là vi phạm bản quyền'),
('vi', 'news', 'showtooltip', '1'),
('vi', 'news', 'tooltip_position', 'bottom'),
('vi', 'news', 'tooltip_length', '150'),
('vi', 'news', 'showhometext', '1'),
('vi', 'news', 'timecheckstatus', '0'),
('vi', 'news', 'config_source', '0'),
('vi', 'news', 'show_no_image', ''),
('vi', 'news', 'allowed_rating', '1'),
('vi', 'news', 'allowed_rating_point', '1'),
('vi', 'news', 'facebookappid', ''),
('vi', 'news', 'socialbutton', 'facebook,twitter'),
('vi', 'news', 'alias_lower', '1'),
('vi', 'news', 'tags_alias', '0'),
('vi', 'news', 'auto_tags', '0'),
('vi', 'news', 'tags_remind', '1'),
('vi', 'news', 'keywords_tag', '1'),
('vi', 'news', 'copy_news', '0'),
('vi', 'news', 'structure_upload', 'Ym'),
('vi', 'news', 'imgposition', '2'),
('vi', 'news', 'htmlhometext', '0'),
('vi', 'news', 'order_articles', '0'),
('vi', 'news', 'identify_cat_change', '0'),
('vi', 'news', 'active_history', '0'),
('vi', 'news', 'hide_author', '0'),
('vi', 'news', 'hide_inauthor', '0'),
('vi', 'news', 'elas_use', '0'),
('vi', 'news', 'elas_host', ''),
('vi', 'news', 'elas_port', '9200'),
('vi', 'news', 'elas_index', ''),
('vi', 'news', 'instant_articles_active', '0'),
('vi', 'news', 'instant_articles_template', 'default'),
('vi', 'news', 'instant_articles_httpauth', '0'),
('vi', 'news', 'instant_articles_username', ''),
('vi', 'news', 'instant_articles_password', ''),
('vi', 'news', 'instant_articles_livetime', '60'),
('vi', 'news', 'instant_articles_gettime', '120'),
('vi', 'news', 'instant_articles_auto', '1'),
('vi', 'news', 'auto_postcomm', '1'),
('vi', 'news', 'allowed_comm', '-1'),
('vi', 'news', 'view_comm', '6'),
('vi', 'news', 'setcomm', '4'),
('vi', 'news', 'activecomm', '1'),
('vi', 'news', 'emailcomm', '0'),
('vi', 'news', 'adminscomm', ''),
('vi', 'news', 'sortcomm', '0'),
('vi', 'news', 'captcha_area_comm', '1'),
('vi', 'news', 'perpagecomm', '5'),
('vi', 'news', 'timeoutcomm', '360'),
('vi', 'news', 'allowattachcomm', '0'),
('vi', 'news', 'alloweditorcomm', '0'),
('vi', 'news', 'frontend_edit_alias', '0'),
('vi', 'news', 'frontend_edit_layout', '1'),
('vi', 'news', 'captcha_type', 'captcha'),
('vi', 'contact', 'bodytext', 'Để không ngừng nâng cao chất lượng dịch vụ và đáp ứng tốt hơn nữa các yêu cầu của Quý khách, chúng tôi mong muốn nhận được các thông tin phản hồi. Nếu Quý khách có bất kỳ thắc mắc hoặc đóng góp nào, xin vui lòng liên hệ với chúng tôi theo thông tin dưới đây. Chúng tôi sẽ phản hồi lại Quý khách trong thời gian sớm nhất.'),
('vi', 'contact', 'sendcopymode', '0'),
('vi', 'contact', 'captcha_type', 'captcha'),
('vi', 'voting', 'difftimeout', '3600'),
('vi', 'voting', 'captcha_type', 'captcha'),
('sys', 'banners', 'captcha_type', 'captcha'),
('vi', 'page', 'auto_postcomm', '1'),
('vi', 'page', 'allowed_comm', '-1'),
('vi', 'page', 'view_comm', '6'),
('vi', 'page', 'setcomm', '4'),
('vi', 'page', 'activecomm', '0'),
('vi', 'page', 'emailcomm', '0'),
('vi', 'page', 'adminscomm', ''),
('vi', 'page', 'sortcomm', '0'),
('vi', 'page', 'captcha_area_comm', '1'),
('vi', 'page', 'perpagecomm', '5'),
('vi', 'page', 'timeoutcomm', '360'),
('vi', 'page', 'allowattachcomm', '0'),
('vi', 'page', 'alloweditorcomm', '0'),
('vi', 'comment', 'captcha_type', 'captcha'),
('vi', 'siteterms', 'auto_postcomm', '1'),
('vi', 'siteterms', 'allowed_comm', '-1'),
('vi', 'siteterms', 'view_comm', '6'),
('vi', 'siteterms', 'setcomm', '4'),
('vi', 'siteterms', 'activecomm', '0'),
('vi', 'siteterms', 'emailcomm', '0'),
('vi', 'siteterms', 'adminscomm', ''),
('vi', 'siteterms', 'sortcomm', '0'),
('vi', 'siteterms', 'captcha_area_comm', '1'),
('vi', 'siteterms', 'perpagecomm', '5'),
('vi', 'siteterms', 'timeoutcomm', '360'),
('vi', 'siteterms', 'allowattachcomm', '0'),
('vi', 'siteterms', 'alloweditorcomm', '0'),
('vi', 'freecontent', 'next_execute', '0'),
('vi', 'themes', 'home', 'a:3:{s:6:\"header\";a:1:{s:16:\"background_color\";s:7:\"#ffffff\";}s:5:\"block\";a:1:{s:16:\"background_color\";s:7:\"#ffffff\";}s:11:\"css_content\";s:69:\"[header]{background-color:#ffffff;}[block]{background-color:#ffffff;}\";}'),
('sys', 'site', 'statistics_timezone', 'Asia/Bangkok'),
('sys', 'site', 'site_email', 'hoangtuyen2442002@gmail.com'),
('sys', 'global', 'error_set_logs', '1'),
('sys', 'global', 'error_send_email', 'hoangtuyen2442002@gmail.com'),
('sys', 'global', 'site_lang', 'vi'),
('sys', 'global', 'my_domains', 'home.my'),
('sys', 'global', 'cookie_prefix', 'nv4'),
('sys', 'global', 'session_prefix', 'nv4s_r4iA7u'),
('sys', 'global', 'site_timezone', 'byCountry'),
('sys', 'global', 'proxy_blocker', '0'),
('sys', 'global', 'str_referer_blocker', '0'),
('sys', 'global', 'lang_multi', '1'),
('sys', 'global', 'lang_geo', '0'),
('sys', 'global', 'ftp_server', 'localhost'),
('sys', 'global', 'ftp_port', '21'),
('sys', 'global', 'ftp_user_name', ''),
('sys', 'global', 'ftp_user_pass', 'BecWXCniSL-AFMgDyuQ0_A,,'),
('sys', 'global', 'ftp_path', '/'),
('sys', 'global', 'ftp_check_login', '0'),
('vi', 'about', 'perpagecomm', '5'),
('vi', 'about', 'timeoutcomm', '360'),
('vi', 'about', 'allowattachcomm', '0'),
('vi', 'about', 'alloweditorcomm', '0'),
('sys', 'site', 'sitetimestamp', '6');

-- --------------------------------------------------------

--
-- Table structure for table `nv4_cookies`
--

CREATE TABLE `nv4_cookies` (
  `name` varchar(50) NOT NULL DEFAULT '',
  `value` mediumtext NOT NULL,
  `domain` varchar(100) NOT NULL DEFAULT '',
  `path` varchar(100) NOT NULL DEFAULT '',
  `expires` int(11) NOT NULL DEFAULT 0,
  `secure` tinyint(1) NOT NULL DEFAULT 0
) ENGINE=MyISAM DEFAULT CHARSET=utf8mb4 COLLATE=utf8mb4_unicode_ci;

-- --------------------------------------------------------

--
-- Table structure for table `nv4_counter`
--

CREATE TABLE `nv4_counter` (
  `c_type` varchar(100) NOT NULL,
  `c_val` varchar(100) NOT NULL,
  `last_update` int(11) NOT NULL DEFAULT 0,
  `c_count` int(11) UNSIGNED NOT NULL DEFAULT 0,
  `vi_count` int(11) UNSIGNED NOT NULL DEFAULT 0
) ENGINE=MyISAM DEFAULT CHARSET=utf8mb4 COLLATE=utf8mb4_unicode_ci;

--
-- Dumping data for table `nv4_counter`
--

INSERT INTO `nv4_counter` (`c_type`, `c_val`, `last_update`, `c_count`, `vi_count`) VALUES
('c_time', 'start', 0, 0, 0),
('c_time', 'last', 0, 1729736796, 0),
('total', 'hits', 1729736796, 441, 441),
('year', '2024', 1729736796, 441, 441),
('year', '2025', 0, 0, 0),
('year', '2026', 0, 0, 0),
('year', '2027', 0, 0, 0),
('year', '2028', 0, 0, 0),
('year', '2029', 0, 0, 0),
('year', '2030', 0, 0, 0),
('year', '2031', 0, 0, 0),
('year', '2032', 0, 0, 0),
('month', 'Jan', 0, 0, 0),
('month', 'Feb', 0, 0, 0),
('month', 'Mar', 0, 0, 0),
('month', 'Apr', 0, 0, 0),
('month', 'May', 0, 0, 0),
('month', 'Jun', 0, 0, 0),
('month', 'Jul', 0, 0, 0),
('month', 'Aug', 1725118783, 21, 21),
('month', 'Sep', 1727709627, 271, 271),
('month', 'Oct', 1729736796, 149, 149),
('month', 'Nov', 0, 0, 0),
('month', 'Dec', 0, 0, 0),
('day', '01', 1727796629, 8, 8),
('day', '02', 1727883471, 12, 12),
('day', '03', 1727969715, 17, 17),
('day', '04', 1728060460, 17, 17),
('day', '05', 1728146878, 21, 21),
('day', '06', 1728232757, 21, 21),
('day', '07', 1728309004, 14, 14),
('day', '08', 1728405603, 3, 3),
('day', '09', 1728483869, 3, 3),
('day', '10', 1728563996, 3, 3),
('day', '11', 1726066676, 0, 0),
('day', '12', 1726151987, 0, 0),
('day', '13', 1728830850, 3, 3),
('day', '14', 1728913043, 4, 4),
('day', '15', 1726413578, 0, 0),
('day', '16', 1726500564, 0, 0),
('day', '17', 1726587568, 0, 0),
('day', '18', 1729265372, 4, 4),
('day', '19', 1729298707, 1, 1),
('day', '20', 1729437703, 1, 1),
('day', '21', 1729502450, 4, 4),
('day', '22', 1729608904, 4, 4),
('day', '23', 1729697251, 8, 8),
('day', '24', 1729736796, 1, 1),
('day', '25', 1727275587, 0, 0),
('day', '26', 1727364917, 0, 0),
('day', '27', 1727452984, 0, 0),
('day', '28', 1727535620, 0, 0),
('day', '29', 1727623970, 0, 0),
('day', '30', 1727709627, 0, 0),
('day', '31', 1725118783, 0, 0),
('dayofweek', 'Sunday', 1729437703, 55, 55),
('dayofweek', 'Monday', 1729502450, 73, 73),
('dayofweek', 'Tuesday', 1729608904, 54, 54),
('dayofweek', 'Wednesday', 1729697251, 64, 64),
('dayofweek', 'Thursday', 1729736796, 62, 62),
('dayofweek', 'Friday', 1729265372, 69, 69),
('dayofweek', 'Saturday', 1729298707, 64, 64),
('hour', '00', 1728235164, 0, 0),
('hour', '01', 1728237880, 0, 0),
('hour', '02', 0, 0, 0),
('hour', '03', 0, 0, 0),
('hour', '04', 0, 0, 0),
('hour', '05', 0, 0, 0),
('hour', '06', 1726788478, 0, 0),
('hour', '07', 1729298707, 0, 0),
('hour', '08', 1728870205, 0, 0),
('hour', '09', 1729736796, 1, 1),
('hour', '10', 1728272948, 0, 0),
('hour', '11', 1729656555, 0, 0),
('hour', '12', 1728193630, 0, 0),
('hour', '13', 1728283028, 0, 0),
('hour', '14', 1728890133, 0, 0),
('hour', '15', 1729671639, 0, 0),
('hour', '16', 1729674116, 0, 0),
('hour', '17', 1727865922, 0, 0),
('hour', '18', 1728126700, 0, 0),
('hour', '19', 1729687556, 0, 0),
('hour', '20', 1729605084, 0, 0),
('hour', '21', 1729695399, 0, 0),
('hour', '22', 1729697251, 0, 0),
('hour', '23', 1728405603, 0, 0),
('bot', 'googlebot', 0, 0, 0),
('bot', 'msnbot', 0, 0, 0),
('bot', 'bingbot', 0, 0, 0),
('bot', 'yahooslurp', 0, 0, 0),
('bot', 'w3cvalidator', 0, 0, 0),
('browser', 'opera', 0, 0, 0),
('browser', 'operamini', 0, 0, 0),
('browser', 'webtv', 0, 0, 0),
('browser', 'explorer', 0, 0, 0),
('browser', 'edge', 1728269718, 1, 1),
('browser', 'pocket', 0, 0, 0),
('browser', 'konqueror', 0, 0, 0),
('browser', 'icab', 0, 0, 0),
('browser', 'omniweb', 0, 0, 0),
('browser', 'firebird', 0, 0, 0),
('browser', 'firefox', 0, 0, 0),
('browser', 'iceweasel', 0, 0, 0),
('browser', 'shiretoko', 0, 0, 0),
('browser', 'mozilla', 0, 0, 0),
('browser', 'amaya', 0, 0, 0),
('browser', 'lynx', 0, 0, 0),
('browser', 'safari', 0, 0, 0),
('browser', 'iphone', 0, 0, 0),
('browser', 'ipod', 0, 0, 0),
('browser', 'ipad', 0, 0, 0),
('browser', 'chrome', 1729736796, 440, 440),
('browser', 'cococ', 0, 0, 0),
('browser', 'android', 0, 0, 0),
('browser', 'googlebot', 0, 0, 0),
('browser', 'yahooslurp', 0, 0, 0),
('browser', 'w3cvalidator', 0, 0, 0),
('browser', 'blackberry', 0, 0, 0),
('browser', 'icecat', 0, 0, 0),
('browser', 'nokias60', 0, 0, 0),
('browser', 'nokia', 0, 0, 0),
('browser', 'msn', 0, 0, 0),
('browser', 'msnbot', 0, 0, 0),
('browser', 'bingbot', 0, 0, 0),
('browser', 'netscape', 0, 0, 0),
('browser', 'galeon', 0, 0, 0),
('browser', 'netpositive', 0, 0, 0),
('browser', 'phoenix', 0, 0, 0),
('browser', 'Mobile', 0, 0, 0),
('browser', 'bots', 0, 0, 0),
('browser', 'Unknown', 0, 0, 0),
('os', 'unknown', 0, 0, 0),
('os', 'win', 0, 0, 0),
('os', 'win10', 1729736796, 441, 441),
('os', 'win8', 0, 0, 0),
('os', 'win7', 0, 0, 0),
('os', 'win2003', 0, 0, 0),
('os', 'winvista', 0, 0, 0),
('os', 'wince', 0, 0, 0),
('os', 'winxp', 0, 0, 0),
('os', 'win2000', 0, 0, 0),
('os', 'apple', 0, 0, 0),
('os', 'linux', 0, 0, 0),
('os', 'os2', 0, 0, 0),
('os', 'beos', 0, 0, 0),
('os', 'iphone', 0, 0, 0),
('os', 'ipod', 0, 0, 0),
('os', 'ipad', 0, 0, 0),
('os', 'blackberry', 0, 0, 0),
('os', 'nokia', 0, 0, 0),
('os', 'freebsd', 0, 0, 0),
('os', 'openbsd', 0, 0, 0),
('os', 'netbsd', 0, 0, 0),
('os', 'sunos', 0, 0, 0),
('os', 'opensolaris', 0, 0, 0),
('os', 'android', 0, 0, 0),
('os', 'irix', 0, 0, 0),
('os', 'palm', 0, 0, 0),
('country', 'AD', 0, 0, 0),
('country', 'AE', 0, 0, 0),
('country', 'AF', 0, 0, 0),
('country', 'AG', 0, 0, 0),
('country', 'AI', 0, 0, 0),
('country', 'AL', 0, 0, 0),
('country', 'AM', 0, 0, 0),
('country', 'AN', 0, 0, 0),
('country', 'AO', 0, 0, 0),
('country', 'AQ', 0, 0, 0),
('country', 'AR', 0, 0, 0),
('country', 'AS', 0, 0, 0),
('country', 'AT', 0, 0, 0),
('country', 'AU', 0, 0, 0),
('country', 'AW', 0, 0, 0),
('country', 'AZ', 0, 0, 0),
('country', 'BA', 0, 0, 0),
('country', 'BB', 0, 0, 0),
('country', 'BD', 0, 0, 0),
('country', 'BE', 0, 0, 0),
('country', 'BF', 0, 0, 0),
('country', 'BG', 0, 0, 0),
('country', 'BH', 0, 0, 0),
('country', 'BI', 0, 0, 0),
('country', 'BJ', 0, 0, 0),
('country', 'BM', 0, 0, 0),
('country', 'BN', 0, 0, 0),
('country', 'BO', 0, 0, 0),
('country', 'BR', 0, 0, 0),
('country', 'BS', 0, 0, 0),
('country', 'BT', 0, 0, 0),
('country', 'BW', 0, 0, 0),
('country', 'BY', 0, 0, 0),
('country', 'BZ', 0, 0, 0),
('country', 'CA', 0, 0, 0),
('country', 'CD', 0, 0, 0),
('country', 'CF', 0, 0, 0),
('country', 'CG', 0, 0, 0),
('country', 'CH', 0, 0, 0),
('country', 'CI', 0, 0, 0),
('country', 'CK', 0, 0, 0),
('country', 'CL', 0, 0, 0),
('country', 'CM', 0, 0, 0),
('country', 'CN', 0, 0, 0),
('country', 'CO', 0, 0, 0),
('country', 'CR', 0, 0, 0),
('country', 'CS', 0, 0, 0),
('country', 'CU', 0, 0, 0),
('country', 'CV', 0, 0, 0),
('country', 'CY', 0, 0, 0),
('country', 'CZ', 0, 0, 0),
('country', 'DE', 0, 0, 0),
('country', 'DJ', 0, 0, 0),
('country', 'DK', 0, 0, 0),
('country', 'DM', 0, 0, 0),
('country', 'DO', 0, 0, 0),
('country', 'DZ', 0, 0, 0),
('country', 'EC', 0, 0, 0),
('country', 'EE', 0, 0, 0),
('country', 'EG', 0, 0, 0),
('country', 'ER', 0, 0, 0),
('country', 'ES', 0, 0, 0),
('country', 'ET', 0, 0, 0),
('country', 'EU', 0, 0, 0),
('country', 'FI', 0, 0, 0),
('country', 'FJ', 0, 0, 0),
('country', 'FK', 0, 0, 0),
('country', 'FM', 0, 0, 0),
('country', 'FO', 0, 0, 0),
('country', 'FR', 0, 0, 0),
('country', 'GA', 0, 0, 0),
('country', 'GB', 0, 0, 0),
('country', 'GD', 0, 0, 0),
('country', 'GE', 0, 0, 0),
('country', 'GF', 0, 0, 0),
('country', 'GH', 0, 0, 0),
('country', 'GI', 0, 0, 0),
('country', 'GL', 0, 0, 0),
('country', 'GM', 0, 0, 0),
('country', 'GN', 0, 0, 0),
('country', 'GP', 0, 0, 0),
('country', 'GQ', 0, 0, 0),
('country', 'GR', 0, 0, 0),
('country', 'GS', 0, 0, 0),
('country', 'GT', 0, 0, 0),
('country', 'GU', 0, 0, 0),
('country', 'GW', 0, 0, 0),
('country', 'GY', 0, 0, 0),
('country', 'HK', 0, 0, 0),
('country', 'HN', 0, 0, 0),
('country', 'HR', 0, 0, 0),
('country', 'HT', 0, 0, 0),
('country', 'HU', 0, 0, 0),
('country', 'ID', 0, 0, 0),
('country', 'IE', 0, 0, 0),
('country', 'IL', 0, 0, 0),
('country', 'IN', 0, 0, 0),
('country', 'IO', 0, 0, 0),
('country', 'IQ', 0, 0, 0),
('country', 'IR', 0, 0, 0),
('country', 'IS', 0, 0, 0),
('country', 'IT', 0, 0, 0),
('country', 'JM', 0, 0, 0),
('country', 'JO', 0, 0, 0),
('country', 'JP', 0, 0, 0),
('country', 'KE', 0, 0, 0),
('country', 'KG', 0, 0, 0),
('country', 'KH', 0, 0, 0),
('country', 'KI', 0, 0, 0),
('country', 'KM', 0, 0, 0),
('country', 'KN', 0, 0, 0),
('country', 'KR', 0, 0, 0),
('country', 'KW', 0, 0, 0),
('country', 'KY', 0, 0, 0),
('country', 'KZ', 0, 0, 0),
('country', 'LA', 0, 0, 0),
('country', 'LB', 0, 0, 0),
('country', 'LC', 0, 0, 0),
('country', 'LI', 0, 0, 0),
('country', 'LK', 0, 0, 0),
('country', 'LR', 0, 0, 0),
('country', 'LS', 0, 0, 0),
('country', 'LT', 0, 0, 0),
('country', 'LU', 0, 0, 0),
('country', 'LV', 0, 0, 0),
('country', 'LY', 0, 0, 0),
('country', 'MA', 0, 0, 0),
('country', 'MC', 0, 0, 0),
('country', 'MD', 0, 0, 0),
('country', 'MG', 0, 0, 0),
('country', 'MH', 0, 0, 0),
('country', 'MK', 0, 0, 0),
('country', 'ML', 0, 0, 0),
('country', 'MM', 0, 0, 0),
('country', 'MN', 0, 0, 0),
('country', 'MO', 0, 0, 0),
('country', 'MP', 0, 0, 0),
('country', 'MQ', 0, 0, 0),
('country', 'MR', 0, 0, 0),
('country', 'MT', 0, 0, 0),
('country', 'MU', 0, 0, 0),
('country', 'MV', 0, 0, 0),
('country', 'MW', 0, 0, 0),
('country', 'MX', 0, 0, 0),
('country', 'MY', 0, 0, 0),
('country', 'MZ', 0, 0, 0),
('country', 'NA', 0, 0, 0),
('country', 'NC', 0, 0, 0),
('country', 'NE', 0, 0, 0),
('country', 'NF', 0, 0, 0),
('country', 'NG', 0, 0, 0),
('country', 'NI', 0, 0, 0),
('country', 'NL', 0, 0, 0),
('country', 'NO', 0, 0, 0),
('country', 'NP', 0, 0, 0),
('country', 'NR', 0, 0, 0),
('country', 'NU', 0, 0, 0),
('country', 'NZ', 0, 0, 0),
('country', 'OM', 0, 0, 0),
('country', 'PA', 0, 0, 0),
('country', 'PE', 0, 0, 0),
('country', 'PF', 0, 0, 0),
('country', 'PG', 0, 0, 0),
('country', 'PH', 0, 0, 0),
('country', 'PK', 0, 0, 0),
('country', 'PL', 0, 0, 0),
('country', 'PR', 0, 0, 0),
('country', 'PS', 0, 0, 0),
('country', 'PT', 0, 0, 0),
('country', 'PW', 0, 0, 0),
('country', 'PY', 0, 0, 0),
('country', 'QA', 0, 0, 0),
('country', 'RE', 0, 0, 0),
('country', 'RO', 0, 0, 0),
('country', 'RU', 0, 0, 0),
('country', 'RW', 0, 0, 0),
('country', 'SA', 0, 0, 0),
('country', 'SB', 0, 0, 0),
('country', 'SC', 0, 0, 0),
('country', 'SD', 0, 0, 0),
('country', 'SE', 0, 0, 0),
('country', 'SG', 0, 0, 0),
('country', 'SI', 0, 0, 0),
('country', 'SK', 0, 0, 0),
('country', 'SL', 0, 0, 0),
('country', 'SM', 0, 0, 0),
('country', 'SN', 0, 0, 0),
('country', 'SO', 0, 0, 0),
('country', 'SR', 0, 0, 0),
('country', 'ST', 0, 0, 0),
('country', 'SV', 0, 0, 0),
('country', 'SY', 0, 0, 0),
('country', 'SZ', 0, 0, 0),
('country', 'TD', 0, 0, 0),
('country', 'TF', 0, 0, 0),
('country', 'TG', 0, 0, 0),
('country', 'TH', 0, 0, 0),
('country', 'TJ', 0, 0, 0),
('country', 'TK', 0, 0, 0),
('country', 'TL', 0, 0, 0),
('country', 'TM', 0, 0, 0),
('country', 'TN', 0, 0, 0),
('country', 'TO', 0, 0, 0),
('country', 'TR', 0, 0, 0),
('country', 'TT', 0, 0, 0),
('country', 'TV', 0, 0, 0),
('country', 'TW', 0, 0, 0),
('country', 'TZ', 0, 0, 0),
('country', 'UA', 0, 0, 0),
('country', 'UG', 0, 0, 0),
('country', 'US', 0, 0, 0),
('country', 'UY', 0, 0, 0),
('country', 'UZ', 0, 0, 0),
('country', 'VA', 0, 0, 0),
('country', 'VC', 0, 0, 0),
('country', 'VE', 0, 0, 0),
('country', 'VG', 0, 0, 0),
('country', 'VI', 0, 0, 0),
('country', 'VN', 0, 0, 0),
('country', 'VU', 0, 0, 0),
('country', 'WS', 0, 0, 0),
('country', 'YE', 0, 0, 0),
('country', 'YT', 0, 0, 0),
('country', 'YU', 0, 0, 0),
('country', 'ZA', 0, 0, 0),
('country', 'ZM', 0, 0, 0),
('country', 'ZW', 0, 0, 0),
('country', 'ZZ', 1729736796, 441, 441),
('country', 'unkown', 0, 0, 0);

-- --------------------------------------------------------

--
-- Table structure for table `nv4_cronjobs`
--

CREATE TABLE `nv4_cronjobs` (
  `id` mediumint(8) UNSIGNED NOT NULL,
  `start_time` int(11) UNSIGNED NOT NULL DEFAULT 0,
  `inter_val` int(11) UNSIGNED NOT NULL DEFAULT 0,
  `inter_val_type` tinyint(1) UNSIGNED NOT NULL DEFAULT 0 COMMENT '0: Lặp lại sau thời điểm bắt đầu thực tế, 1:lặp lại sau thời điểm bắt đầu trong CSDL',
  `run_file` varchar(255) NOT NULL,
  `run_func` varchar(255) NOT NULL,
  `params` varchar(255) DEFAULT NULL,
  `del` tinyint(1) UNSIGNED NOT NULL DEFAULT 0,
  `is_sys` tinyint(1) UNSIGNED NOT NULL DEFAULT 0,
  `act` tinyint(1) UNSIGNED NOT NULL DEFAULT 0,
  `last_time` int(11) UNSIGNED NOT NULL DEFAULT 0,
  `last_result` tinyint(1) UNSIGNED NOT NULL DEFAULT 0,
  `vi_cron_name` varchar(255) NOT NULL DEFAULT ''
) ENGINE=MyISAM DEFAULT CHARSET=utf8mb4 COLLATE=utf8mb4_unicode_ci;

--
-- Dumping data for table `nv4_cronjobs`
--

INSERT INTO `nv4_cronjobs` (`id`, `start_time`, `inter_val`, `inter_val_type`, `run_file`, `run_func`, `params`, `del`, `is_sys`, `act`, `last_time`, `last_result`, `vi_cron_name`) VALUES
(1, 1724657086, 5, 0, 'online_expired_del.php', 'cron_online_expired_del', '', 0, 1, 1, 1729737422, 1, 'Xóa các dòng ghi trạng thái online đã cũ trong CSDL'),
(2, 1724657086, 1440, 0, 'dump_autobackup.php', 'cron_dump_autobackup', '', 0, 1, 1, 1729671600, 1, 'Tự động lưu CSDL'),
(3, 1724657086, 60, 0, 'temp_download_destroy.php', 'cron_auto_del_temp_download', '', 0, 1, 1, 1729736797, 1, 'Xóa các file tạm trong thư mục tmp'),
(4, 1724657086, 30, 0, 'ip_logs_destroy.php', 'cron_del_ip_logs', '', 0, 1, 1, 1729736797, 1, 'Xóa IP log files, Xóa các file nhật ký truy cập'),
(5, 1724657086, 1440, 0, 'error_log_destroy.php', 'cron_auto_del_error_log', '', 0, 1, 1, 1729671600, 1, 'Xóa các file error_log quá hạn'),
(6, 1724657086, 360, 0, 'error_log_sendmail.php', 'cron_auto_sendmail_error_log', '', 0, 1, 0, 0, 0, 'Gửi email các thông báo lỗi cho admin'),
(7, 1724657086, 60, 0, 'ref_expired_del.php', 'cron_ref_expired_del', '', 0, 1, 1, 1729736797, 1, 'Xóa các referer quá hạn'),
(8, 1724657086, 60, 0, 'check_version.php', 'cron_auto_check_version', '', 0, 1, 1, 1729736797, 1, 'Kiểm tra phiên bản NukeViet'),
(9, 1724657086, 1440, 0, 'notification_autodel.php', 'cron_notification_autodel', '', 0, 1, 1, 1729671600, 1, 'Xóa thông báo cũ');

-- --------------------------------------------------------

--
-- Table structure for table `nv4_extension_files`
--

CREATE TABLE `nv4_extension_files` (
  `idfile` mediumint(8) UNSIGNED NOT NULL,
  `type` varchar(10) NOT NULL DEFAULT 'other',
  `title` varchar(55) NOT NULL DEFAULT '',
  `path` varchar(255) NOT NULL DEFAULT '',
  `lastmodified` int(11) UNSIGNED NOT NULL DEFAULT 0,
  `duplicate` smallint(4) UNSIGNED NOT NULL DEFAULT 0
) ENGINE=MyISAM DEFAULT CHARSET=utf8mb4 COLLATE=utf8mb4_unicode_ci;

-- --------------------------------------------------------

--
-- Table structure for table `nv4_ips`
--

CREATE TABLE `nv4_ips` (
  `id` mediumint(8) NOT NULL,
  `type` tinyint(4) UNSIGNED NOT NULL DEFAULT 0,
  `ip` varchar(32) DEFAULT NULL,
  `mask` tinyint(4) UNSIGNED NOT NULL DEFAULT 0,
  `area` tinyint(3) NOT NULL,
  `begintime` int(11) DEFAULT NULL,
  `endtime` int(11) DEFAULT NULL,
  `notice` varchar(255) NOT NULL
) ENGINE=MyISAM DEFAULT CHARSET=utf8mb4 COLLATE=utf8mb4_unicode_ci;

--
-- Dumping data for table `nv4_ips`
--

INSERT INTO `nv4_ips` (`id`, `type`, `ip`, `mask`, `area`, `begintime`, `endtime`, `notice`) VALUES
(1, 1, '127.0.0.1', 0, 1, 1724657117, 0, '');

-- --------------------------------------------------------

--
-- Table structure for table `nv4_language`
--

CREATE TABLE `nv4_language` (
  `id` mediumint(8) UNSIGNED NOT NULL,
  `idfile` mediumint(8) UNSIGNED NOT NULL DEFAULT 0,
  `langtype` varchar(50) NOT NULL DEFAULT 'lang_module',
  `lang_key` varchar(50) NOT NULL,
  `lang_vi` text DEFAULT NULL,
  `update_vi` int(11) DEFAULT 0
) ENGINE=MyISAM DEFAULT CHARSET=utf8mb4 COLLATE=utf8mb4_unicode_ci;

--
-- Dumping data for table `nv4_language`
--

INSERT INTO `nv4_language` (`id`, `idfile`, `langtype`, `lang_key`, `lang_vi`, `update_vi`) VALUES
(1, 1, 'lang_global', 'locale', 'vi_VN.utf8', 1728146692),
(2, 1, 'lang_global', 'Content_Language', 'vi', 1728146692),
(3, 1, 'lang_global', 'LanguageName', 'vietnamese', 1728146692),
(4, 1, 'lang_global', 'site_info', 'Thông báo từ hệ thống', 1728146692),
(5, 1, 'lang_global', 'welcome', 'Thân ái chào mừng bạn trên website của %s', 1728146692),
(6, 1, 'lang_global', 'disable_site_title', 'Website tạm ngưng hoạt động', 1728146692),
(7, 1, 'lang_global', 'disable_site_content', 'Vì lý do kỹ thuật website tạm ngưng hoạt động. Thành thật xin lỗi các bạn vì sự bất tiện này!', 1728146692),
(8, 1, 'lang_global', 'closed_site_reopening_time', 'Dự kiến thời gian hoạt động lại', 1728146692),
(9, 1, 'lang_global', 'Home', 'Trang nhất', 1728146692),
(10, 1, 'lang_global', 'go_homepage', 'Về trang chủ', 1728146692),
(11, 1, 'lang_global', 'error_404_title', 'Lỗi truy cập 404', 1728146692),
(12, 1, 'lang_global', 'error_404_content', 'Lỗi 404: Trang web mà bạn đã cố gắng truy cập không tồn tại trên máy chủ của website.', 1728146692),
(13, 1, 'lang_global', 'error_layout_title', 'Lỗi xử lý giao diện', 1728146692),
(14, 1, 'lang_global', 'error_layout_content', 'Lỗi, hệ thống không tồn tại giao diện, bạn cần liên hệ với quản trị site để sửa lại', 1728146692),
(15, 1, 'lang_global', 'logout', 'Thoát', 1728146692),
(16, 1, 'lang_global', 'admin_logout_title', 'Thoát khỏi tài khoản Quản trị', 1728146692),
(17, 1, 'lang_global', 'admin_logout_ok', 'Toàn bộ thông tin đăng nhập Quản trị đã được xóa. Bạn đã thoát khỏi tài khoản Quản trị', 1728146692),
(18, 1, 'lang_global', 'admin_logout_question', 'Bạn thực sự muốn thoát khỏi tài khoản Quản trị', 1728146692),
(19, 1, 'lang_global', 'admin_ipincorrect', 'Bạn đang truy cập bằng IP: %s. Rất tiếc IP này không được cấp phép truy cập vào khu vực quản lý site!', 1728146692),
(20, 1, 'lang_global', 'ok', 'OK', 1728146692),
(21, 1, 'lang_global', 'cancel', 'Hủy bỏ', 1728146692),
(22, 1, 'lang_global', 'reset', 'Thiết lập lại', 1728146692),
(23, 1, 'lang_global', 'fail', 'Thất bại', 1728146692),
(24, 1, 'lang_global', 'confirm', 'Xác nhận', 1728146692),
(25, 1, 'lang_global', 'manage', 'Quản lý', 1728146692),
(26, 1, 'lang_global', 'firewallsystem', 'Administrators Section', 1728146692),
(27, 1, 'lang_global', 'firewallincorrect', 'Hệ thống tường lửa đã chặn việc truy cập với tư cách Admin của bạn!', 1728146692),
(28, 1, 'lang_global', 'limit_user_number', 'Website của bạn bị giới hạn %s tài khoản, để thêm tài khoản bạn vui lòng liên hệ quản trị hệ thống', 1728146692),
(29, 1, 'lang_global', 'limit_admin_number', 'Website của bạn bị giới hạn %s quản trị, để thêm quản trị bạn vui lòng liên hệ quản trị hệ thống', 1728146692),
(30, 1, 'lang_global', 'username_empty', 'Tên đăng nhập chưa được khai báo', 1728146692),
(31, 1, 'lang_global', 'usernamelong', 'Tên đăng nhập quá dài. Chỉ chấp nhận tên có số ký tự tối đa là %1$d', 1728146692),
(32, 1, 'lang_global', 'usernameadjective', 'Tên đăng nhập quá ngắn. Nó phải có ít nhất %1$d ký tự', 1728146692),
(33, 1, 'lang_global', 'unick_type_1', 'Tên đăng nhập chỉ được sử dụng chữ số', 1728146692),
(34, 1, 'lang_global', 'unick_type_2', 'Tên đăng nhập chỉ được sử dụng chữ số và chữ cái', 1728146692),
(35, 1, 'lang_global', 'unick_type_3', 'Tên đăng nhập chỉ được sử dụng chữ số, chữ cái, và các ký tự sau nằm giữa: gạch ngang, gạch dưới, cách trống', 1728146692),
(36, 1, 'lang_global', 'unick_type_4', 'Tên đăng nhập chỉ được sử dụng Unicode, không có các ký tự đặc biệt', 1728146692),
(37, 1, 'lang_global', 'username_rule_limit', 'Tên đăng nhập không hợp lệ: %1$s và có từ %2$d đến %3$d ký tự', 1728146692),
(38, 1, 'lang_global', 'username_rule_nolimit', 'Tên đăng nhập phải từ %1$d đến %2$d ký tự', 1728146692),
(39, 1, 'lang_global', 'password_empty', 'Mật khẩu đăng nhập chưa được khai báo', 1728146692),
(40, 1, 'lang_global', 'passwordlong', 'Mật khẩu quá dài. Chỉ chấp nhận mật khẩu có số ký tự tối đa là %1$d', 1728146692),
(41, 1, 'lang_global', 'passwordadjective', 'Mật khẩu quá ngắn. Ít nhất phải có %1$d ký tự', 1728146692),
(42, 1, 'lang_global', 'passwordsincorrect', 'Hai mật khẩu khác nhau. Hãy khai báo lại', 1728146692),
(43, 1, 'lang_global', 're_password_empty', 'Bạn chưa viết lại mật khẩu vào ô nhập lại mật khẩu', 1728146692),
(44, 1, 'lang_global', 'upass_type_1', 'Mật khẩu cần kết hợp số và chữ', 1728146692),
(45, 1, 'lang_global', 'upass_type_2', 'Mật khẩu cần kết hợp số và chữ, yêu cầu có ký tự đặc biệt', 1728146692),
(46, 1, 'lang_global', 'upass_type_3', 'Mật khẩu cần kết hợp số và chữ, yêu cầu có chữ in HOA', 1728146692),
(47, 1, 'lang_global', 'upass_type_4', 'Mật khẩu cần kết hợp số và chữ, yêu cầu có chữ in HOA, có ký tự đặc biệt', 1728146692),
(48, 1, 'lang_global', 'upass_type_simple', 'Mật khẩu bạn đã sử dụng là mật khẩu dễ đoán, cần nhập mật khẩu phức tạp hơn', 1728146692),
(49, 1, 'lang_global', 'password_rule_limit', 'Mật khẩu không hợp lệ: %1$s và có từ %2$d đến %3$d ký tự', 1728146692),
(50, 1, 'lang_global', 'password_rule_nolimit', 'Mật khẩu phải từ %1$d đến %2$d ký tự', 1728146692),
(51, 1, 'lang_global', 'content_ssl', 'Dữ liệu gửi tới trang này hiện không được mã hóa. Tên đăng nhập, mật khẩu hoặc bất kỳ dữ liệu nào bạn gửi đi đều ở dạng nhìn thấy được. Hãy cân nhắc trước khi đăng nhập. Để có thêm thông tin, hãy liên hệ với người quản trị website của bạn!', 1728146692),
(52, 1, 'lang_global', 'securitycodeincorrect', 'Mã bảo mật không chính xác', 1728146692),
(53, 1, 'lang_global', 'securitycodeincorrect1', 'Chưa xác thực không phải là Robot, vui lòng xác thực lại', 1728146692),
(54, 1, 'lang_global', 'loginincorrect', 'Hệ thống không tìm thấy tài khoản nào phù hợp với thông tin khai báo của bạn. Có thể bạn đã khai báo sai Tên đăng nhập hoặc Mật khẩu truy cập', 1728146692),
(55, 1, 'lang_global', 'admin_loginsuccessfully', 'Bạn đã đăng nhập thành công. Bây giờ hệ thống sẽ chuyển bạn đến khu vực Quản trị của site', 1728146692),
(56, 1, 'lang_global', 'incorrect_password', 'Mật khẩu sai', 1728146692),
(57, 1, 'lang_global', 'userlogin_blocked', 'Bạn đã đăng nhập thất bại %s lần liên tiếp nên hệ thống tạm khóa công cụ đăng nhập cho đến %s', 1728146692),
(58, 1, 'lang_global', '2teplogin_totppin_label', 'Nhập mã do ứng dụng xác thực cung cấp', 1728146692),
(59, 1, 'lang_global', '2teplogin_totppin_placeholder', 'Nhập mã 6 chữ số', 1728146692),
(60, 1, 'lang_global', '2teplogin_code_label', 'Nhập một trong các mã dự phòng bạn đã nhận được.', 1728146692),
(61, 1, 'lang_global', '2teplogin_code_placeholder', 'Nhập mã 8 chữ số', 1728146692),
(62, 1, 'lang_global', '2teplogin_other_menthod', 'Thử cách khác', 1728146692),
(63, 1, 'lang_global', '2teplogin_error_opt', 'Mã xác nhận không chính xác, vui lòng nhập lại', 1728146692),
(64, 1, 'lang_global', '2teplogin_error_backup', 'Mã dự phòng không chính xác, vui lòng nhập lại', 1728146692),
(65, 1, 'lang_global', '2teplogin_require', 'Hệ thống bắt buộc bạn phải kích hoạt chức năng xác thực hai bước mới có thể đăng nhập được. Nhấp vào đây để kích hoạt chức năng này', 1728146692),
(66, 1, 'lang_global', '2teplogin', 'Xác thực hai bước', 1728146692),
(67, 1, 'lang_global', 'memory_time_usage', 'Bộ nhớ: %1$s, Thời gian xử lý: %2$s giây', 1728146692),
(68, 1, 'lang_global', 'for_admin', 'Dành cho admin', 1728146692),
(69, 1, 'lang_global', 'admin_account', 'Tài khoản quản trị', 1728146692),
(70, 1, 'lang_global', 'admin_view', 'Tài khoản quản trị của bạn', 1728146692),
(71, 1, 'lang_global', 'admin_page', 'Quản lý site', 1728146692),
(72, 1, 'lang_global', 'admin_module_sector', 'Quản lý module', 1728146692),
(73, 1, 'lang_global', 'adminlogin', 'Đăng nhập quản trị hệ thống', 1728146692),
(74, 1, 'lang_global', 'module_for_admin', 'Khu vực chỉ dành cho <em>Người quản trị</em>', 1728146692),
(75, 1, 'lang_global', 'in_groups', 'Nhóm thành viên', 1728146692),
(76, 1, 'lang_global', 'username', 'Tên đăng nhập', 1728146692),
(77, 1, 'lang_global', 'username_email', 'Tên đăng nhập hoặc email', 1728146692),
(78, 1, 'lang_global', 'password', 'Mật khẩu', 1728146692),
(79, 1, 'lang_global', 'password2', 'Lặp lại mật khẩu', 1728146692),
(80, 1, 'lang_global', 'captcharefresh', 'Thay mới', 1728146692),
(81, 1, 'lang_global', 'securitycode', 'Mã bảo mật', 1728146692),
(82, 1, 'lang_global', 'securitycode1', 'Xác minh bạn không phải là Robot', 1728146692),
(83, 1, 'lang_global', 'loginsubmit', 'Đăng nhập', 1728146692),
(84, 1, 'lang_global', 'register', 'Đăng ký', 1728146692),
(85, 1, 'lang_global', 'lostpass', 'Quên mật khẩu', 1728146692),
(86, 1, 'lang_global', 'warning_ssl', 'Cảnh báo', 1728146692),
(87, 1, 'lang_global', 'logininfo', 'Hãy đăng nhập thành viên để trải nghiệm đầy đủ các tiện ích trên site', 1728146692),
(88, 1, 'lang_global', 'adminlogininfo', 'Để đăng nhập quản trị, vui lòng khai báo tất cả các ô trống dưới đây', 1728146692),
(89, 1, 'lang_global', 'site_rss', 'RSS - Tin mới', 1728146692),
(90, 1, 'lang_global', 'copyright', '&copy; Copyright %s. All right reserved', 1728146692),
(91, 1, 'lang_global', 'phonenumber', 'Điện thoại', 1728146692),
(92, 1, 'lang_global', 'address', 'Điạ chỉ', 1728146692),
(93, 1, 'lang_global', 'full_name', 'Họ và tên', 1728146692),
(94, 1, 'lang_global', 'first_name', 'Tên', 1728146692),
(95, 1, 'lang_global', 'last_name', 'Họ', 1728146692),
(96, 1, 'lang_global', 'email', 'Email', 1728146692),
(97, 1, 'lang_global', 'email_empty', 'Email chưa được khai báo', 1728146692),
(98, 1, 'lang_global', 'email_incorrect', 'Email không đúng quy định', 1728146692),
(99, 1, 'lang_global', 'regdate', 'Ngày đăng ký', 1728146692),
(100, 1, 'lang_global', 'online', 'Đang truy cập', 1728146692),
(101, 1, 'lang_global', 'hits', 'Tổng lượt truy cập', 1728146692),
(102, 1, 'lang_global', 'viewstats', 'Xem thống kê truy cập', 1728146692),
(103, 1, 'lang_global', 'last_login', 'Lần truy cập trước', 1728146692),
(104, 1, 'lang_global', 'current_login', 'Lần truy cập này', 1728146692),
(105, 1, 'lang_global', 'your_account', 'Tài khoản', 1728146692),
(106, 1, 'lang_global', 'sec', 'giây', 1728146692),
(107, 1, 'lang_global', 'min', 'phút', 1728146692),
(108, 1, 'lang_global', 'hour', 'giờ', 1728146692),
(109, 1, 'lang_global', 'day', 'ngày', 1728146692),
(110, 1, 'lang_global', 'month', 'tháng', 1728146692),
(111, 1, 'lang_global', 'year', 'năm', 1728146692),
(112, 1, 'lang_global', 'plural_sec', 'giây', 1728146692),
(113, 1, 'lang_global', 'plural_min', 'phút', 1728146692),
(114, 1, 'lang_global', 'plural_hour', 'giờ', 1728146692),
(115, 1, 'lang_global', 'plural_day', 'ngày', 1728146692),
(116, 1, 'lang_global', 'plural_month', 'tháng', 1728146692),
(117, 1, 'lang_global', 'plural_year', 'năm', 1728146692),
(118, 1, 'lang_global', 'today', 'Hôm nay', 1728146692),
(119, 1, 'lang_global', 'current_month', 'Tháng hiện tại', 1728146692),
(120, 1, 'lang_global', 'nojs', 'Trình duyệt của bạn đã tắt chức năng hỗ trợ JavaScript.<br />Website chỉ làm việc khi bạn bật nó trở lại.<br />Để tham khảo cách bật JavaScript, hãy click chuột <a href=\"http://wiki.nukeviet.vn/support:browser:enable_javascript\">vào đây</a>!', 1728146692),
(121, 1, 'lang_global', 'chromeframe', 'Bạn đang sử dụng một trình duyệt <strong>lỗi thời</strong>. Vui lòng <a href=\"http://browsehappy.com/\">nâng cấp trình duyệt của bạn</a> hoạt <a href=\"http://www.google.com/chromeframe/?redirect=true\">kích hoạt Google Chrome Frame</a> để cải thiện trải nghiệm của bạn.', 1728146692),
(122, 1, 'lang_global', 'sun', 'CN', 1728146692),
(123, 1, 'lang_global', 'mon', 'T2', 1728146692),
(124, 1, 'lang_global', 'tue', 'T3', 1728146692),
(125, 1, 'lang_global', 'wed', 'T4', 1728146692),
(126, 1, 'lang_global', 'thu', 'T5', 1728146692),
(127, 1, 'lang_global', 'fri', 'T6', 1728146692),
(128, 1, 'lang_global', 'sat', 'T7', 1728146692),
(129, 1, 'lang_global', 'sunday', 'Chủ nhật', 1728146692),
(130, 1, 'lang_global', 'monday', 'Thứ hai', 1728146692),
(131, 1, 'lang_global', 'tuesday', 'Thứ ba', 1728146692),
(132, 1, 'lang_global', 'wednesday', 'Thứ tư', 1728146692),
(133, 1, 'lang_global', 'thursday', 'Thứ năm', 1728146692),
(134, 1, 'lang_global', 'friday', 'Thứ sáu', 1728146692),
(135, 1, 'lang_global', 'saturday', 'Thứ bảy', 1728146692),
(136, 1, 'lang_global', 'january', 'Tháng Một', 1728146692),
(137, 1, 'lang_global', 'february', 'Tháng Hai', 1728146692),
(138, 1, 'lang_global', 'march', 'Tháng Ba', 1728146692),
(139, 1, 'lang_global', 'april', 'Tháng Tư', 1728146692),
(140, 1, 'lang_global', 'may', 'Tháng Năm', 1728146692),
(141, 1, 'lang_global', 'june', 'Tháng Sáu', 1728146692),
(142, 1, 'lang_global', 'july', 'Tháng Bảy', 1728146692),
(143, 1, 'lang_global', 'august', 'Tháng Tám', 1728146692),
(144, 1, 'lang_global', 'september', 'Tháng Chín', 1728146692),
(145, 1, 'lang_global', 'october', 'Tháng Mười', 1728146692),
(146, 1, 'lang_global', 'november', 'Tháng M. một', 1728146692),
(147, 1, 'lang_global', 'december', 'Tháng M. hai', 1728146692),
(148, 1, 'lang_global', 'jan', 'T01', 1728146692),
(149, 1, 'lang_global', 'feb', 'T02', 1728146692),
(150, 1, 'lang_global', 'mar', 'T03', 1728146692),
(151, 1, 'lang_global', 'apr', 'T04', 1728146692),
(152, 1, 'lang_global', 'may2', 'T05', 1728146692),
(153, 1, 'lang_global', 'jun', 'T06', 1728146692),
(154, 1, 'lang_global', 'jul', 'T07', 1728146692),
(155, 1, 'lang_global', 'aug', 'T08', 1728146692),
(156, 1, 'lang_global', 'sep', 'T09', 1728146692),
(157, 1, 'lang_global', 'oct', 'T10', 1728146692),
(158, 1, 'lang_global', 'nov', 'T11', 1728146692),
(159, 1, 'lang_global', 'dec', 'T12', 1728146692),
(160, 1, 'lang_global', 'lang_vi', 'Tiếng Việt', 1728146692),
(161, 1, 'lang_global', 'lang_en', 'Tiếng Anh', 1728146692),
(162, 1, 'lang_global', 'option', 'Tùy chọn', 1728146692),
(163, 1, 'lang_global', 'value', 'Giá trị', 1728146692),
(164, 1, 'lang_global', 'reviews', 'Đánh giá', 1728146692),
(165, 1, 'lang_global', 'add', 'Thêm', 1728146692),
(166, 1, 'lang_global', 'edit', 'Sửa', 1728146692),
(167, 1, 'lang_global', 'delete', 'Xóa', 1728146692),
(168, 1, 'lang_global', 'disable', 'Đình chỉ', 1728146692),
(169, 1, 'lang_global', 'activate', 'Kích hoạt', 1728146692),
(170, 1, 'lang_global', 'check', 'Kiểm tra', 1728146692),
(171, 1, 'lang_global', 'active', 'Hiệu lực', 1728146692),
(172, 1, 'lang_global', 'save', 'Lưu thay đổi', 1728146692),
(173, 1, 'lang_global', 'submit', 'Thực hiện', 1728146692),
(174, 1, 'lang_global', 'empty', 'Làm rỗng', 1728146692),
(175, 1, 'lang_global', 'recreate', 'Cài lại', 1728146692),
(176, 1, 'lang_global', 'error_directory_does_not_exist', 'Thực hiện %s không tồn tại', 1728146692),
(177, 1, 'lang_global', 'error_directory_can_not_write', 'Thư mục %s không cho phép ghi', 1728146692),
(178, 1, 'lang_global', 'error_create_directories_name_invalid', 'Tên thư mục %s không được chấp nhận', 1728146692),
(179, 1, 'lang_global', 'error_create_directories_failed', 'Hệ thống không thể tạo thư mục %s vì một lý do không xác định', 1728146692),
(180, 1, 'lang_global', 'error_create_directories_name_used', 'Thư mục %s đã tồn tại', 1728146692),
(181, 1, 'lang_global', 'directory_was_created', 'Thư mục %s đã được tạo thành công', 1728146692),
(182, 1, 'lang_global', 'error_non_existent_file', 'Không tồn tại file hay thư mục %s', 1728146692),
(183, 1, 'lang_global', 'error_delete_forbidden', 'File hoặc thư mục %s bị cấm xóa', 1728146692),
(184, 1, 'lang_global', 'error_delete_subdirectories_not_empty', 'Thư mục %s có chứa file hoặc thư mục con. Hãy xóa chúng trước đã', 1728146692),
(185, 1, 'lang_global', 'error_delete_subdirectories_failed', 'Hệ thống không thể xóa thư mục %s vì một lý do không xác định', 1728146692),
(186, 1, 'lang_global', 'error_delete_failed', 'Hệ thống không thể xóa file %s vì một lý do không xác định', 1728146692),
(187, 1, 'lang_global', 'file_deleted', 'File %s đã được xóa', 1728146692),
(188, 1, 'lang_global', 'directory_deleted', 'Thư mục %s đã được xóa', 1728146692),
(189, 1, 'lang_global', 'error_rename_forbidden', 'File hoặc thư mục %s bị cấm đổi tên', 1728146692),
(190, 1, 'lang_global', 'error_rename_file_exists', 'File hoặc thư mục %s đã tồn tại', 1728146692),
(191, 1, 'lang_global', 'error_rename_directories_invalid', 'Tên thư mục mới %s không được chấp nhận', 1728146692),
(192, 1, 'lang_global', 'error_rename_file_invalid', 'Tên file mới %s không được chấp nhận', 1728146692),
(193, 1, 'lang_global', 'error_rename_extension_changed', 'Đuôi file mới %1$s không giống với đuôi file cũ %2$s', 1728146692),
(194, 1, 'lang_global', 'error_rename_failed', 'Hệ thống không thể đổi tên thư mục hoặc file %1$s thành %2$s', 1728146692),
(195, 1, 'lang_global', 'file_has_been_renamed', 'Hệ thống đã đổi tên thư mục hoặc file %1$s thành %2$s', 1728146692),
(196, 1, 'lang_global', 'yes', 'Có', 1728146692),
(197, 1, 'lang_global', 'no', 'Không', 1728146692),
(198, 1, 'lang_global', 'unlimited', 'Không giới hạn', 1728146692),
(199, 1, 'lang_global', 'status', 'Trạng thái', 1728146692),
(200, 1, 'lang_global', 'actions', 'Thao tác', 1728146692),
(201, 1, 'lang_global', 'never', 'Chưa bao giờ', 1728146692),
(202, 1, 'lang_global', 'page', 'Trang', 1728146692),
(203, 1, 'lang_global', 'pageprev', 'Trang trước', 1728146692),
(204, 1, 'lang_global', 'pagenext', 'Trang sau', 1728146692),
(205, 1, 'lang_global', 'langinterface', 'Ngôn ngữ giao diện', 1728146692),
(206, 1, 'lang_global', 'langdata', 'Ngôn ngữ xử lý dữ liệu', 1728146692),
(207, 1, 'lang_global', 'langsite', 'Chọn ngôn ngữ', 1728146692),
(208, 1, 'lang_global', 'selecttheme', 'Chọn giao diện', 1728146692),
(209, 1, 'lang_global', 'detail', 'Chi tiết', 1728146692),
(210, 1, 'lang_global', 'show_picture', 'Xem hình', 1728146692),
(211, 1, 'lang_global', 'flood_page_title', 'Hãy đợi...', 1728146692),
(212, 1, 'lang_global', 'flood_info1', 'Hệ thống đang từ chối truy cập của bạn', 1728146692),
(213, 1, 'lang_global', 'flood_info2', 'Hãy đợi', 1728146692),
(214, 1, 'lang_global', 'flood_captcha_pass', 'Bạn không phải là Robot? Xác nhận để tiếp tục truy cập', 1728146692),
(215, 1, 'lang_global', 'flood_continue_access', 'Tiếp tục truy cập', 1728146692),
(216, 1, 'lang_global', 'error_info_caption', 'Thông báo từ Hệ thống', 1728146692),
(217, 1, 'lang_global', 'error_error', 'Lỗi nghiêm trọng', 1728146692),
(218, 1, 'lang_global', 'error_warning', 'Lỗi cảnh báo', 1728146692),
(219, 1, 'lang_global', 'error_notice', 'Nên chú ý', 1728146692),
(220, 1, 'lang_global', 'error_sendmail', 'Lỗi: Hệ thống không gửi được email, Vui lòng liên hệ với Quản trị site để được giúp đỡ', 1728146692),
(221, 1, 'lang_global', 'error_sendmail_admin', 'Lỗi: Hệ thống không gửi được email, Vui lòng liên hệ với Quản trị site để cấu hình lại chức năng gửi mail', 1728146692),
(222, 1, 'lang_global', 'error_sendmail_subject', 'Cảnh báo từ website %s', 1728146692),
(223, 1, 'lang_global', 'error_sendmail_content', 'Hệ thống đã nhận được một số thông báo. Bạn hãy mở file đính kèm để xem chi tiết', 1728146692),
(224, 1, 'lang_global', 'search', 'Tìm kiếm', 1728146692),
(225, 1, 'lang_global', 'drag_block', 'Bật kéo thả block', 1728146692),
(226, 1, 'lang_global', 'no_drag_block', 'Tắt kéo thả block', 1728146692),
(227, 1, 'lang_global', 'blocks_saved', 'Cấu hình đã được lưu lại !', 1728146692),
(228, 1, 'lang_global', 'blocks_saved_error', 'Lỗi: Hệ thống không lưu được thiết lập bạn vừa thực hiện ', 1728146692),
(229, 1, 'lang_global', 'users', 'Thành viên online', 1728146692),
(230, 1, 'lang_global', 'bots', 'Máy chủ tìm kiếm', 1728146692),
(231, 1, 'lang_global', 'guests', 'Khách viếng thăm', 1728146692),
(232, 1, 'lang_global', 'total', 'Tổng cộng', 1728146692),
(233, 1, 'lang_global', 'type_email', 'Nhập địa chỉ email của bạn...', 1728146692),
(234, 1, 'lang_global', 'add_block', 'Thêm block vào nhóm', 1728146692),
(235, 1, 'lang_global', 'edit_block', 'Sửa', 1728146692),
(236, 1, 'lang_global', 'delete_block', 'Xóa', 1728146692),
(237, 1, 'lang_global', 'act_block', 'Đang bật. Click để tắt', 1728146692),
(238, 1, 'lang_global', 'deact_block', 'Đang tắt. Click để bật', 1728146692),
(239, 1, 'lang_global', 'outgroup_block', 'Tách nhóm', 1728146692),
(240, 1, 'lang_global', 'block_delete_confirm', 'Chú ý: Khi xóa block này hệ thống sẽ xóa cả nhóm block tại tất cả các vị trí khác, bạn có chắc chắn thực hiện? Nếu chỉ muốn xóa một mình nó, bạn nên tách nhóm block trước khi xóa.', 1728146692),
(241, 1, 'lang_global', 'block_outgroup_confirm', 'Việc này sẽ loại bỏ block này ra khỏi 1 nhóm và tạo nhóm mới chứa block này nếu block này đang nằm trong một nhóm có từ 2 block trở lên. Bạn có chắc muốn bỏ block này ra khỏi nhóm?', 1728146692),
(242, 1, 'lang_global', 'wellcome', 'Xin chào', 1728146692),
(243, 1, 'lang_global', 'changpass', 'Đổi mật khẩu', 1728146692),
(244, 1, 'lang_global', 'edituser', 'Tài khoản', 1728146692),
(245, 1, 'lang_global', 'browse_file', 'Chọn file', 1728146692),
(246, 1, 'lang_global', 'browse_image', 'Chọn hình ảnh', 1728146692),
(247, 1, 'lang_global', 'openid_login', 'Đăng nhập thông qua', 1728146692),
(248, 1, 'lang_global', 'google_openid_login', 'Google', 1728146692),
(249, 1, 'lang_global', 'yahoo_openid_login', 'Yahoo', 1728146692),
(250, 1, 'lang_global', 'breakcrum', 'Bạn đang ở', 1728146692),
(251, 1, 'lang_global', 'admin_access_denied1', 'Rất tiếc là hiện nay hệ thống không cho phép các Admin đăng nhập', 1728146692),
(252, 1, 'lang_global', 'admin_access_denied2', 'Rất tiếc là hiện nay hệ thống không cho phép các Quản trị module đăng nhập', 1728146692),
(253, 1, 'lang_global', 'error_uploadNameEmpty', 'Lỗi: Tên file tải lên không xác định', 1728146692),
(254, 1, 'lang_global', 'error_uploadSizeEmpty', 'Lỗi: Dung lượng file tải lên không xác định', 1728146692),
(255, 1, 'lang_global', 'error_upload_ini_size', 'Lỗi: Dung lượng file tải lên lớn hơn mức cho phép được xác định trong php.ini', 1728146692),
(256, 1, 'lang_global', 'error_upload_form_size', 'Lỗi: Dung lượng file tải lên lớn hơn mức cho phép được xác định qua biến MAX_FILE_SIZE trong mã HTML', 1728146692),
(257, 1, 'lang_global', 'error_upload_partial', 'Lỗi: Chỉ một phần của file được tải lên', 1728146692),
(258, 1, 'lang_global', 'error_upload_no_file', 'Lỗi: Chưa có file tải lên', 1728146692),
(259, 1, 'lang_global', 'error_upload_no_tmp_dir', 'Lỗi: Thư mục tạm thời chứa file tải lên không được xác định', 1728146692),
(260, 1, 'lang_global', 'error_upload_cant_write', 'Lỗi: Không thể ghi file tải lên', 1728146692),
(261, 1, 'lang_global', 'error_upload_extension', 'Lỗi: File tải lên bị chặn vì thành phần mở rộng không hợp lệ', 1728146692),
(262, 1, 'lang_global', 'error_upload_unknown', 'Đã xảy ra lỗi không xác định khi tải lên', 1728146692),
(263, 1, 'lang_global', 'error_upload_type_not_allowed', 'Lỗi: loại file không được phép tải lên', 1728146692),
(264, 1, 'lang_global', 'error_upload_mime_not_recognize', 'Lỗi: Hệ thống không thể xác định được định dạng của file tải lên', 1728146692),
(265, 1, 'lang_global', 'error_upload_max_user_size', 'Lỗi: Dung lượng file tải lên lớn hơn mức cho phép. Dung lượng lớn nhất được tải lên là %s', 1728146692),
(266, 1, 'lang_global', 'error_upload_not_image', 'Lỗi: Hệ thống không thể xác định được định dạng hình tải lên', 1728146692),
(267, 1, 'lang_global', 'error_upload_image_failed', 'Lỗi: Hình tải lên không hợp lệ', 1728146692),
(268, 1, 'lang_global', 'error_upload_image_width', 'Lỗi: Hình tải lên có chiều rộng lớn hơn mức cho phép. Chiều rộng lớn nhất cho phép là %d pixels', 1728146692),
(269, 1, 'lang_global', 'error_upload_image_height', 'Lỗi: Hình tải lên có chiều cao lớn hơn mức cho phép. Chiều cao lớn nhất cho phép là %d pixels', 1728146692),
(270, 1, 'lang_global', 'error_upload_forbidden', 'Lỗi: Thư mục chứa file tải lên không được xác định', 1728146692),
(271, 1, 'lang_global', 'error_upload_writable', 'Lỗi: Thư mục %s không cho phép chứa file tải lên. Có thể bạn cần CHMOD lại thư mục này ở dạng 0777', 1728146692),
(272, 1, 'lang_global', 'error_upload_urlfile', 'Lỗi: URL mà bạn đưa ra không đúng', 1728146692),
(273, 1, 'lang_global', 'error_upload_url_notfound', 'Lỗi: Không thể tải file từ URL mà bạn đưa ra', 1728146692),
(274, 1, 'lang_global', 'error_upload_over_capacity', 'Lỗi: Không thể tải lên do website đã đạt giới hạn dung lượng cho phép', 1728146692),
(275, 1, 'lang_global', 'error_upload_over_capacity1', 'Bạn không thể thao tác vì website đã đạt giới hạn dung lượng cho phép', 1728146692),
(276, 1, 'lang_global', 'theme_type_r', 'Tự động', 1728146692),
(277, 1, 'lang_global', 'theme_type_d', 'Máy Tính', 1728146692),
(278, 1, 'lang_global', 'theme_type_m', 'Di động', 1728146692),
(279, 1, 'lang_global', 'theme_type_chose', 'Click để chuyển sang giao diện %s', 1728146692),
(280, 1, 'lang_global', 'theme_type_chose2', 'Chuyển giao diện', 1728146692),
(281, 1, 'lang_global', 'theme_type_select', 'Chế độ giao diện đang hiển thị', 1728146692),
(282, 1, 'lang_global', 'ftp_err_connect', 'Lỗi: Không thể kết nối với FTP server', 1728146692),
(283, 1, 'lang_global', 'ftp_err_login', 'Lỗi: Đăng nhập thất bại', 1728146692),
(284, 1, 'lang_global', 'ftp_err_enable', 'Lỗi: Máy chủ không hỗ trợ FTP', 1728146692),
(285, 1, 'lang_global', 'ftp_err_passive_on', 'Lỗi: Không thể kích hoạt chế độ Passive', 1728146692),
(286, 1, 'lang_global', 'ftp_err_rawlist', 'Lỗi: Không thể xác định danh sách thư mục', 1728146692),
(287, 1, 'lang_global', 'ftp_err_list_detail', 'Lỗi: Không nhận dạng được tham số của các tệp, thư mục', 1728146692),
(288, 1, 'lang_global', 'ftp_err_fget', 'Lỗi: Không thể đọc được nội dung tệp', 1728146692),
(289, 1, 'lang_global', 'ftp_err_NVbuffet', 'Lỗi: Thiếu lớp NVbuffer', 1728146692),
(290, 1, 'lang_global', 'groups_view', 'Các nhóm được xem', 1728146692),
(291, 1, 'lang_global', 'level1', 'Quản trị tối cao', 1728146692),
(292, 1, 'lang_global', 'level2', 'Điều hành chung', 1728146692),
(293, 1, 'lang_global', 'level3', 'Quản lý module', 1728146692),
(294, 1, 'lang_global', 'level4', 'Thành viên chính thức', 1728146692),
(295, 1, 'lang_global', 'level5', 'Khách', 1728146692),
(296, 1, 'lang_global', 'level6', 'Tất cả', 1728146692),
(297, 1, 'lang_global', 'level7', 'Thành viên mới', 1728146692),
(298, 1, 'lang_global', 'msgbeforeunload', 'Bạn có chắc chắn chuyển sang trang khác, Nếu thực hiện dữ liệu sẽ không được lưu', 1728146692),
(299, 1, 'lang_global', 'timeoutsess_nouser', 'Bạn đã không sử dụng Site', 1728146692),
(300, 1, 'lang_global', 'timeoutsess_click', 'Bấm vào đây để duy trì trạng thái đăng nhập', 1728146692),
(301, 1, 'lang_global', 'timeoutsess_timeout', 'Thời gian chờ', 1728146692),
(302, 1, 'lang_global', 'unknown', 'Không xác định', 1728146692),
(303, 1, 'lang_global', 'joinnow', 'Chúng tôi trên mạng xã hội', 1728146692),
(304, 1, 'lang_global', 'contactUs', 'Thông tin liên hệ', 1728146692),
(305, 1, 'lang_global', 'company_name', 'Tên chính thức', 1728146692),
(306, 1, 'lang_global', 'company_sortname', 'Tên viết tắt', 1728146692),
(307, 1, 'lang_global', 'company_regcode', 'Mã số Doanh nghiệp', 1728146692),
(308, 1, 'lang_global', 'company_regcode2', 'M.S.D.N', 1728146692),
(309, 1, 'lang_global', 'company_regplace', 'Cấp tại', 1728146692),
(310, 1, 'lang_global', 'company_licensenumber', 'Giấy phép số', 1728146692),
(311, 1, 'lang_global', 'company_responsibility', 'Chịu trách nhiệm', 1728146692),
(312, 1, 'lang_global', 'company_address', 'Địa chỉ', 1728146692),
(313, 1, 'lang_global', 'company_phone', 'Điện thoại', 1728146692),
(314, 1, 'lang_global', 'company_fax', 'Fax', 1728146692),
(315, 1, 'lang_global', 'company_email', 'Email', 1728146692),
(316, 1, 'lang_global', 'company_website', 'Website', 1728146692),
(317, 1, 'lang_global', 'siteterms', 'Điều khoản sử dụng', 1728146692),
(318, 1, 'lang_global', 'siteterms_url', 'Đường dẫn đến Điều khoản sử dụng', 1728146692),
(319, 1, 'lang_global', 'copyright_by', 'Bản quyền thuộc về', 1728146692),
(320, 1, 'lang_global', 'copyright_url', 'URL của trang giữ bản quyền website', 1728146692),
(321, 1, 'lang_global', 'powered_by', 'Mã nguồn', 1728146692),
(322, 1, 'lang_global', 'design_by', 'Thiết kế bởi', 1728146692),
(323, 1, 'lang_global', 'design_url', 'URL của trang giữ bản quyền thiết kế', 1728146692),
(324, 1, 'lang_global', 'signin', 'Đăng nhập', 1728146692),
(325, 1, 'lang_global', 'feedback', 'Gửi phản hồi', 1728146692),
(326, 1, 'lang_global', 'required', 'Chú ý: Bạn cần khai báo tất cả các ô có đánh dấu hoa thị (*).', 1728146692),
(327, 1, 'lang_global', 'cookie_notice', 'Chúng tôi đang sử dụng cookie để cung cấp cho bạn những trải nghiệm tốt nhất trên trang web này. Bằng cách tiếp tục truy cập, bạn đồng ý với <a href=\"%s\">Chính sách thu thập và sử dụng cookie</a> của chúng tôi.', 1728146692),
(328, 1, 'lang_global', 'on', 'Bật', 1728146692),
(329, 1, 'lang_global', 'off', 'Tắt', 1728146692),
(330, 1, 'lang_global', 'country_AD', 'Andorra', 1728146692),
(331, 1, 'lang_global', 'country_AE', 'Ả Rập Thống nhất', 1728146692),
(332, 1, 'lang_global', 'country_AF', 'Afghanistan', 1728146692),
(333, 1, 'lang_global', 'country_AG', 'Antigua và Barbuda', 1728146692),
(334, 1, 'lang_global', 'country_AI', 'Anguilla', 1728146692),
(335, 1, 'lang_global', 'country_AL', 'Albania', 1728146692),
(336, 1, 'lang_global', 'country_AM', 'Armenia', 1728146692),
(337, 1, 'lang_global', 'country_AN', 'Antille thuộc Hà Lan', 1728146692),
(338, 1, 'lang_global', 'country_AO', 'Angola', 1728146692),
(339, 1, 'lang_global', 'country_AQ', 'Antarctica', 1728146692),
(340, 1, 'lang_global', 'country_AR', 'Argentina', 1728146692),
(341, 1, 'lang_global', 'country_AS', 'American Samoa', 1728146692),
(342, 1, 'lang_global', 'country_AT', 'Áo', 1728146692),
(343, 1, 'lang_global', 'country_AU', 'Úc', 1728146692),
(344, 1, 'lang_global', 'country_AW', 'Aruba', 1728146692),
(345, 1, 'lang_global', 'country_AZ', 'Azerbaijan', 1728146692),
(346, 1, 'lang_global', 'country_BA', 'Bosna và Hercegovina', 1728146692),
(347, 1, 'lang_global', 'country_BB', 'Barbados', 1728146692),
(348, 1, 'lang_global', 'country_BD', 'Bangladesh', 1728146692),
(349, 1, 'lang_global', 'country_BE', 'Bỉ', 1728146692),
(350, 1, 'lang_global', 'country_BF', 'Burkina Faso', 1728146692),
(351, 1, 'lang_global', 'country_BG', 'Bulgaria', 1728146692),
(352, 1, 'lang_global', 'country_BH', 'Bahrain', 1728146692),
(353, 1, 'lang_global', 'country_BI', 'Burundi', 1728146692),
(354, 1, 'lang_global', 'country_BJ', 'Benin', 1728146692),
(355, 1, 'lang_global', 'country_BM', 'Bermuda', 1728146692),
(356, 1, 'lang_global', 'country_BN', 'Brunei Darussalam', 1728146692),
(357, 1, 'lang_global', 'country_BO', 'Bolivia', 1728146692),
(358, 1, 'lang_global', 'country_BR', 'Brazil', 1728146692),
(359, 1, 'lang_global', 'country_BS', 'Bahamas', 1728146692),
(360, 1, 'lang_global', 'country_BT', 'Bhutan', 1728146692),
(361, 1, 'lang_global', 'country_BW', 'Botswana', 1728146692),
(362, 1, 'lang_global', 'country_BY', 'Belarus', 1728146692),
(363, 1, 'lang_global', 'country_BZ', 'Belize', 1728146692),
(364, 1, 'lang_global', 'country_CA', 'Canada', 1728146692),
(365, 1, 'lang_global', 'country_CD', 'Cộng hòa Dân chủ Congo', 1728146692),
(366, 1, 'lang_global', 'country_CF', 'Cộng hòa Trung Phi', 1728146692),
(367, 1, 'lang_global', 'country_CG', 'Cộng hòa Congo', 1728146692),
(368, 1, 'lang_global', 'country_CH', 'Thụy Sĩ', 1728146692),
(369, 1, 'lang_global', 'country_CI', 'Bờ Biển Ngà', 1728146692),
(370, 1, 'lang_global', 'country_CK', 'Quần đảo Cook', 1728146692),
(371, 1, 'lang_global', 'country_CL', 'Chile', 1728146692),
(372, 1, 'lang_global', 'country_CM', 'Cameroon', 1728146692),
(373, 1, 'lang_global', 'country_CN', 'Trung Quốc', 1728146692),
(374, 1, 'lang_global', 'country_CO', 'Colombia', 1728146692),
(375, 1, 'lang_global', 'country_CR', 'Costa Rica', 1728146692),
(376, 1, 'lang_global', 'country_CS', 'Serbia và Montenegro', 1728146692),
(377, 1, 'lang_global', 'country_CU', 'Cuba', 1728146692),
(378, 1, 'lang_global', 'country_CV', 'Cape Verde', 1728146692),
(379, 1, 'lang_global', 'country_CY', 'Síp', 1728146692),
(380, 1, 'lang_global', 'country_CZ', 'Cộng hòa Séc', 1728146692),
(381, 1, 'lang_global', 'country_DE', 'Đức', 1728146692),
(382, 1, 'lang_global', 'country_DJ', 'Djibouti', 1728146692),
(383, 1, 'lang_global', 'country_DK', 'Đan Mạch', 1728146692),
(384, 1, 'lang_global', 'country_DM', 'Dominica', 1728146692),
(385, 1, 'lang_global', 'country_DO', 'Cộng hòa Dominica', 1728146692),
(386, 1, 'lang_global', 'country_DZ', 'Algeria', 1728146692),
(387, 1, 'lang_global', 'country_EC', 'Ecuador', 1728146692),
(388, 1, 'lang_global', 'country_EE', 'Estonia', 1728146692),
(389, 1, 'lang_global', 'country_EG', 'Ai Cập', 1728146692),
(390, 1, 'lang_global', 'country_ER', 'Eritrea', 1728146692),
(391, 1, 'lang_global', 'country_ES', 'Tây Ban Nha', 1728146692),
(392, 1, 'lang_global', 'country_ET', 'Ethiopia', 1728146692),
(393, 1, 'lang_global', 'country_EU', 'Liên minh châu Âu', 1728146692),
(394, 1, 'lang_global', 'country_FI', 'Phần Lan', 1728146692),
(395, 1, 'lang_global', 'country_FJ', 'Fiji', 1728146692),
(396, 1, 'lang_global', 'country_FK', 'Quần đảo Falkland (Malvinas)', 1728146692),
(397, 1, 'lang_global', 'country_FM', 'Liên bang Micronesia', 1728146692),
(398, 1, 'lang_global', 'country_FO', 'Quần đảo Faroe', 1728146692),
(399, 1, 'lang_global', 'country_FR', 'Pháp', 1728146692),
(400, 1, 'lang_global', 'country_GA', 'Gabon', 1728146692),
(401, 1, 'lang_global', 'country_GB', 'Vương quốc Liên hiệp Anh và Bắc Ireland', 1728146692),
(402, 1, 'lang_global', 'country_GD', 'Grenada', 1728146692),
(403, 1, 'lang_global', 'country_GE', 'Gruzia', 1728146692),
(404, 1, 'lang_global', 'country_GF', 'Guyane thuộc Pháp', 1728146692),
(405, 1, 'lang_global', 'country_GH', 'Ghana', 1728146692),
(406, 1, 'lang_global', 'country_GI', 'Gibraltar', 1728146692),
(407, 1, 'lang_global', 'country_GL', 'Greenland', 1728146692),
(408, 1, 'lang_global', 'country_GM', 'Gambia', 1728146692),
(409, 1, 'lang_global', 'country_GN', 'Guinea', 1728146692),
(410, 1, 'lang_global', 'country_GP', 'Guadeloupe', 1728146692),
(411, 1, 'lang_global', 'country_GQ', 'Guinea Xích Đạo', 1728146692),
(412, 1, 'lang_global', 'country_GR', 'Hy Lạp', 1728146692),
(413, 1, 'lang_global', 'country_GS', 'Nam Georgia và Quần đảo Nam Sandwich', 1728146692),
(414, 1, 'lang_global', 'country_GT', 'Guatemala', 1728146692),
(415, 1, 'lang_global', 'country_GU', 'Guam', 1728146692),
(416, 1, 'lang_global', 'country_GW', 'Guinea-Bissau', 1728146692),
(417, 1, 'lang_global', 'country_GY', 'Guyana', 1728146692),
(418, 1, 'lang_global', 'country_HK', 'Hồng Kông', 1728146692),
(419, 1, 'lang_global', 'country_HN', 'Honduras', 1728146692),
(420, 1, 'lang_global', 'country_HR', 'Croatia', 1728146692),
(421, 1, 'lang_global', 'country_HT', 'Haiti', 1728146692),
(422, 1, 'lang_global', 'country_HU', 'Hungary', 1728146692),
(423, 1, 'lang_global', 'country_ID', 'Indonesia', 1728146692),
(424, 1, 'lang_global', 'country_IE', 'Ai-len', 1728146692),
(425, 1, 'lang_global', 'country_IL', 'Israel', 1728146692),
(426, 1, 'lang_global', 'country_IN', 'Ấn Độ', 1728146692),
(427, 1, 'lang_global', 'country_IO', 'Lãnh thổ hải ngoại thuộc Anh', 1728146692),
(428, 1, 'lang_global', 'country_IQ', 'Iraq', 1728146692),
(429, 1, 'lang_global', 'country_IR', 'Cộng hòa Hồi giáo Iran', 1728146692),
(430, 1, 'lang_global', 'country_IS', 'Iceland', 1728146692),
(431, 1, 'lang_global', 'country_IT', 'Ý', 1728146692),
(432, 1, 'lang_global', 'country_JM', 'Jamaica', 1728146692),
(433, 1, 'lang_global', 'country_JO', 'Jordan', 1728146692),
(434, 1, 'lang_global', 'country_JP', 'Nhật Bản', 1728146692),
(435, 1, 'lang_global', 'country_KE', 'Kenya', 1728146692),
(436, 1, 'lang_global', 'country_KG', 'Kyrgyzstan', 1728146692),
(437, 1, 'lang_global', 'country_KH', 'Campuchia', 1728146692),
(438, 1, 'lang_global', 'country_KI', 'Kiribati', 1728146692),
(439, 1, 'lang_global', 'country_KM', 'Comoros', 1728146692),
(440, 1, 'lang_global', 'country_KN', 'Saint Kitts và Nevis', 1728146692),
(441, 1, 'lang_global', 'country_KR', 'Hàn Quốc', 1728146692),
(442, 1, 'lang_global', 'country_KW', 'Kuwait', 1728146692),
(443, 1, 'lang_global', 'country_KY', 'Quần đảo Cayman', 1728146692),
(444, 1, 'lang_global', 'country_KZ', 'Kazakhstan', 1728146692),
(445, 1, 'lang_global', 'country_LA', 'Lào', 1728146692),
(446, 1, 'lang_global', 'country_LB', 'Liban', 1728146692),
(447, 1, 'lang_global', 'country_LC', 'Saint Lucia', 1728146692),
(448, 1, 'lang_global', 'country_LI', 'Liechtenstein', 1728146692),
(449, 1, 'lang_global', 'country_LK', 'Sri Lanka', 1728146692),
(450, 1, 'lang_global', 'country_LR', 'Liberia', 1728146692),
(451, 1, 'lang_global', 'country_LS', 'Lesotho', 1728146692),
(452, 1, 'lang_global', 'country_LT', 'Litva', 1728146692),
(453, 1, 'lang_global', 'country_LU', 'Luxembourg', 1728146692),
(454, 1, 'lang_global', 'country_LV', 'Latvia', 1728146692),
(455, 1, 'lang_global', 'country_LY', 'Cộng hòa Ả Rập Libya', 1728146692),
(456, 1, 'lang_global', 'country_MA', 'Maroc', 1728146692),
(457, 1, 'lang_global', 'country_MC', 'Monaco', 1728146692),
(458, 1, 'lang_global', 'country_MD', 'Cộng hoà Moldova', 1728146692),
(459, 1, 'lang_global', 'country_MG', 'Madagascar', 1728146692),
(460, 1, 'lang_global', 'country_MH', 'Quần đảo Marshall', 1728146692),
(461, 1, 'lang_global', 'country_MK', 'Cộng hòa Macedonia', 1728146692),
(462, 1, 'lang_global', 'country_ML', 'Mali', 1728146692),
(463, 1, 'lang_global', 'country_MM', 'Myanmar', 1728146692),
(464, 1, 'lang_global', 'country_MN', 'Mông Cổ', 1728146692),
(465, 1, 'lang_global', 'country_MO', 'Macao', 1728146692),
(466, 1, 'lang_global', 'country_MP', 'Quần đảo Bắc Mariana', 1728146692),
(467, 1, 'lang_global', 'country_MQ', 'Martinique', 1728146692),
(468, 1, 'lang_global', 'country_MR', 'Mauritania', 1728146692),
(469, 1, 'lang_global', 'country_MT', 'Malta', 1728146692),
(470, 1, 'lang_global', 'country_MU', 'Mauritius', 1728146692),
(471, 1, 'lang_global', 'country_MV', 'Maldives', 1728146692),
(472, 1, 'lang_global', 'country_MW', 'Malawi', 1728146692),
(473, 1, 'lang_global', 'country_MX', 'Mexico', 1728146692),
(474, 1, 'lang_global', 'country_MY', 'Malaysia', 1728146692),
(475, 1, 'lang_global', 'country_MZ', 'Mozambique', 1728146692),
(476, 1, 'lang_global', 'country_NA', 'Namibia', 1728146692),
(477, 1, 'lang_global', 'country_NC', 'New Caledonia', 1728146692),
(478, 1, 'lang_global', 'country_NE', 'Niger', 1728146692),
(479, 1, 'lang_global', 'country_NF', 'Đảo Norfolk', 1728146692),
(480, 1, 'lang_global', 'country_NG', 'Nigeria', 1728146692),
(481, 1, 'lang_global', 'country_NI', 'Nicaragua', 1728146692),
(482, 1, 'lang_global', 'country_NL', 'Hà Lan', 1728146692),
(483, 1, 'lang_global', 'country_NO', 'Na Uy', 1728146692),
(484, 1, 'lang_global', 'country_NP', 'Nepal', 1728146692),
(485, 1, 'lang_global', 'country_NR', 'Nauru', 1728146692),
(486, 1, 'lang_global', 'country_NU', 'Niue', 1728146692),
(487, 1, 'lang_global', 'country_NZ', 'New Zealand', 1728146692),
(488, 1, 'lang_global', 'country_OM', 'Oman', 1728146692),
(489, 1, 'lang_global', 'country_PA', 'Panama', 1728146692),
(490, 1, 'lang_global', 'country_PE', 'Peru', 1728146692),
(491, 1, 'lang_global', 'country_PF', 'Polynesia', 1728146692),
(492, 1, 'lang_global', 'country_PG', 'Papua New Guinea', 1728146692),
(493, 1, 'lang_global', 'country_PH', 'Philippines', 1728146692),
(494, 1, 'lang_global', 'country_PK', 'Pakistan', 1728146692),
(495, 1, 'lang_global', 'country_PL', 'Ba Lan', 1728146692),
(496, 1, 'lang_global', 'country_PR', 'Puerto Rico', 1728146692),
(497, 1, 'lang_global', 'country_PS', 'Lãnh thổ Palestine', 1728146692),
(498, 1, 'lang_global', 'country_PT', 'Bồ Đào Nha', 1728146692),
(499, 1, 'lang_global', 'country_PW', 'Palau', 1728146692),
(500, 1, 'lang_global', 'country_PY', 'Paraguay', 1728146692),
(501, 1, 'lang_global', 'country_QA', 'Qatar', 1728146692),
(502, 1, 'lang_global', 'country_RE', 'Reunion', 1728146692),
(503, 1, 'lang_global', 'country_RO', 'Romania', 1728146692),
(504, 1, 'lang_global', 'country_RU', 'Liên bang Nga', 1728146692),
(505, 1, 'lang_global', 'country_RW', 'Rwanda', 1728146692),
(506, 1, 'lang_global', 'country_SA', 'Ả Rập Saudi', 1728146692),
(507, 1, 'lang_global', 'country_SB', 'Quần đảo Solomon', 1728146692),
(508, 1, 'lang_global', 'country_SC', 'Seychelles', 1728146692),
(509, 1, 'lang_global', 'country_SD', 'Sudan', 1728146692),
(510, 1, 'lang_global', 'country_SE', 'Thụy Điển', 1728146692),
(511, 1, 'lang_global', 'country_SG', 'Singapore', 1728146692),
(512, 1, 'lang_global', 'country_SI', 'Slovenia', 1728146692),
(513, 1, 'lang_global', 'country_SK', 'Cộng hòa Slovenia', 1728146692),
(514, 1, 'lang_global', 'country_SL', 'Sierra Leone', 1728146692),
(515, 1, 'lang_global', 'country_SM', 'San Marino', 1728146692),
(516, 1, 'lang_global', 'country_SN', 'Senegal', 1728146692),
(517, 1, 'lang_global', 'country_SO', 'Somalia', 1728146692),
(518, 1, 'lang_global', 'country_SR', 'Suriname', 1728146692),
(519, 1, 'lang_global', 'country_ST', 'Sao Tome và Principe', 1728146692),
(520, 1, 'lang_global', 'country_SV', 'El Salvador', 1728146692),
(521, 1, 'lang_global', 'country_SY', 'Cộng hòa Ả Rập Syria', 1728146692),
(522, 1, 'lang_global', 'country_SZ', 'Swaziland', 1728146692),
(523, 1, 'lang_global', 'country_TD', 'Chad', 1728146692),
(524, 1, 'lang_global', 'country_TF', 'Vùng đất phía Nam và châu Nam Cực thuộc Pháp', 1728146692),
(525, 1, 'lang_global', 'country_TG', 'Togo', 1728146692),
(526, 1, 'lang_global', 'country_TH', 'Thái Lan', 1728146692),
(527, 1, 'lang_global', 'country_TJ', 'Tajikistan', 1728146692),
(528, 1, 'lang_global', 'country_TK', 'Tokelau', 1728146692),
(529, 1, 'lang_global', 'country_TL', 'Timor-Leste', 1728146692),
(530, 1, 'lang_global', 'country_TM', 'Turkmenistan', 1728146692),
(531, 1, 'lang_global', 'country_TN', 'Tunisia', 1728146692),
(532, 1, 'lang_global', 'country_TO', 'Tonga', 1728146692),
(533, 1, 'lang_global', 'country_TR', 'Thổ Nhĩ Kỳ', 1728146692),
(534, 1, 'lang_global', 'country_TT', 'Trinidad và Tobago', 1728146692),
(535, 1, 'lang_global', 'country_TV', 'Tuvalu', 1728146692),
(536, 1, 'lang_global', 'country_TW', 'Đài Loan', 1728146692),
(537, 1, 'lang_global', 'country_TZ', 'Tanzania', 1728146692),
(538, 1, 'lang_global', 'country_UA', 'Ukraina', 1728146692),
(539, 1, 'lang_global', 'country_UG', 'Uganda', 1728146692),
(540, 1, 'lang_global', 'country_US', 'Mỹ', 1728146692),
(541, 1, 'lang_global', 'country_UY', 'Uruguay', 1728146692),
(542, 1, 'lang_global', 'country_UZ', 'Uzbekistan', 1728146692),
(543, 1, 'lang_global', 'country_VA', 'Tòa Thánh Vatican', 1728146692),
(544, 1, 'lang_global', 'country_VC', 'Saint Vincent và Grenadines', 1728146692),
(545, 1, 'lang_global', 'country_VE', 'Venezuela', 1728146692),
(546, 1, 'lang_global', 'country_VG', 'Quần đảo Virgin thuộc Anh', 1728146692),
(547, 1, 'lang_global', 'country_VI', 'Quần đảo Virgin thuộc Mỹ', 1728146692),
(548, 1, 'lang_global', 'country_VN', 'Việt Nam', 1728146692),
(549, 1, 'lang_global', 'country_VU', 'Vanuatu', 1728146692),
(550, 1, 'lang_global', 'country_WS', 'Samoa', 1728146692),
(551, 1, 'lang_global', 'country_YE', 'Yemen', 1728146692),
(552, 1, 'lang_global', 'country_YT', 'Mayotte', 1728146692),
(553, 1, 'lang_global', 'country_YU', 'Serbia và Montenegro', 1728146692),
(554, 1, 'lang_global', 'country_ZA', 'Nam Phi', 1728146692),
(555, 1, 'lang_global', 'country_ZM', 'Zambia', 1728146692),
(556, 1, 'lang_global', 'country_ZW', 'Zimbabwe', 1728146692),
(557, 2, 'lang_module', 'titlesetup', 'Cài đặt NukeViet', 1728146692),
(558, 2, 'lang_module', 'select_language', 'Lựa chọn ngôn ngữ', 1728146692),
(559, 2, 'lang_module', 'license', 'Bản quyền', 1728146692),
(560, 2, 'lang_module', 'check_server', 'Kiểm tra máy chủ', 1728146692),
(561, 2, 'lang_module', 'check_chmod', 'Kiểm tra việc CHMOD', 1728146692),
(562, 2, 'lang_module', 'config_database', 'Cấu hình cơ sở dữ liệu', 1728146692),
(563, 2, 'lang_module', 'website_info', 'Thông tin website', 1728146692),
(564, 2, 'lang_module', 'sample_data', 'Dữ liệu mẫu', 1728146692),
(565, 2, 'lang_module', 'done', 'Kết thúc', 1728146692),
(566, 2, 'lang_module', 'select_lang_des', 'Hãy lựa chọn ngôn ngữ mà bạn dự định sử dụng trong site', 1728146692),
(567, 2, 'lang_module', 'choose_lang', 'Lựa chọn ngôn ngữ', 1728146692),
(568, 2, 'lang_module', 'next_step', 'Bước kế tiếp', 1728146692),
(569, 2, 'lang_module', 'previous', 'Quay lại bước trước', 1728146692),
(570, 2, 'lang_module', 'developed', 'Phát triển bởi', 1728146692),
(571, 2, 'lang_module', 'publish', 'Lưu hành dạng mã nguồn mở theo giấy phép', 1728146692),
(572, 2, 'lang_module', 'checkserver_detail', 'Kiểm tra sự tương thích của server', 1728146692),
(573, 2, 'lang_module', 'if_server', 'Nếu máy chủ có thành phần', 1728146692),
(574, 2, 'lang_module', 'not_compatible', 'Không tương thích', 1728146692),
(575, 2, 'lang_module', 'compatible', 'Tương thích', 1728146692),
(576, 2, 'lang_module', 'please_checkserver', 'Xin vui lòng kiểm tra lại server', 1728146692),
(577, 2, 'lang_module', 'components', 'Các thành phần', 1728146692),
(578, 2, 'lang_module', 'server_request', 'Yêu cầu máy chủ', 1728146692),
(579, 2, 'lang_module', 'note', 'Ghi chú', 1728146692),
(580, 2, 'lang_module', 'result', 'Kết quả', 1728146692),
(581, 2, 'lang_module', 'php_support', 'Hỗ trợ PHP', 1728146692),
(582, 2, 'lang_module', 'php_version', 'Phiên bản PHP', 1728146692),
(583, 2, 'lang_module', 'pdo_support', 'Hỗ trợ PHP Data Objects', 1728146692),
(584, 2, 'lang_module', 'curl_support', 'Hỗ trợ thư viện cURL', 1728146692),
(585, 2, 'lang_module', 'request', 'Yêu cầu', 1728146692),
(586, 2, 'lang_module', 'required_off', 'Bắt buộc tắt', 1728146692),
(587, 2, 'lang_module', 'required_on', 'Bắt buộc hỗ trợ', 1728146692),
(588, 2, 'lang_module', 'recommnet', 'Khuyến cáo', 1728146692),
(589, 2, 'lang_module', 'request_more', 'Yêu cầu thêm (không bắt buộc)', 1728146692),
(590, 2, 'lang_module', 'turnoff', 'Nên tắt', 1728146692),
(591, 2, 'lang_module', 'turnon', 'Nên bật', 1728146692),
(592, 2, 'lang_module', 'and', 'và', 1728146692),
(593, 2, 'lang_module', 'is_support', 'Nên hỗ trợ', 1728146692),
(594, 2, 'lang_module', 'supports_rewrite', 'Hỗ trợ rewrite', 1728146692),
(595, 2, 'lang_module', 'opendir_support', 'PHP hỗ trợ opendir', 1728146692),
(596, 2, 'lang_module', 'gd_support', 'PHP hỗ trợ thư viện xử lý ảnh GD', 1728146692),
(597, 2, 'lang_module', 'xml_support', 'PHP hỗ trợ thư viện xử lý XML', 1728146692),
(598, 2, 'lang_module', 'openssl_support', 'PHP hỗ trợ thư viện mã hóa Openssl', 1728146692),
(599, 2, 'lang_module', 'session_support', 'PHP hỗ trợ session', 1728146692),
(600, 2, 'lang_module', 'fileuploads_support', 'PHP hỗ trợ uploads file', 1728146692),
(601, 2, 'lang_module', 'json_support', 'PHP hỗ trợ JSON', 1728146692),
(602, 2, 'lang_module', 'dir_noexit', 'Không tồn tại', 1728146692),
(603, 2, 'lang_module', 'dir_not_writable', 'Không ghi được', 1728146692),
(604, 2, 'lang_module', 'dir_not_writable_ip_files', 'Không ghi được các file trong thư mục %1$s', 1728146692),
(605, 2, 'lang_module', 'file_not_writable', 'Lỗi: Hệ thống không ghi được file %1$s', 1728146692),
(606, 2, 'lang_module', 'dir_writable', 'OK', 1728146692),
(607, 2, 'lang_module', 'checkchmod_detail', 'Kiểm tra việc CHMOD các file trên máy chủ', 1728146692),
(608, 2, 'lang_module', 'if_chmod', 'Nếu danh sách các file, folder trên máy chủ chưa được CHMOD', 1728146692),
(609, 2, 'lang_module', 'please_chmod', 'Hãy CHMOD để hệ thống tiếp tục các bước cài đặt', 1728146692),
(610, 2, 'lang_module', 'listchmod', 'Danh sách các file, folder được CHMOD', 1728146692),
(611, 2, 'lang_module', 'chmod', 'Chmod', 1728146692),
(612, 2, 'lang_module', 'ftpconfig_note', 'Bạn có thể nhập các thông số FTP để hệ thống có thể giúp bạn thực hiện quá trình CHMOD các thư mục trên', 1728146692),
(613, 2, 'lang_module', 'checkftpconfig_detail', 'Cấu hình thông số FTP', 1728146692),
(614, 2, 'lang_module', 'ftp', 'Cấu hình FTP', 1728146692),
(615, 2, 'lang_module', 'ftp_server', 'Server or url', 1728146692),
(616, 2, 'lang_module', 'ftp_server_note', 'Địa chỉ ip hoặc tên miền máy chủ', 1728146692),
(617, 2, 'lang_module', 'ftp_port', 'Port', 1728146692),
(618, 2, 'lang_module', 'ftp_user', 'User name', 1728146692),
(619, 2, 'lang_module', 'ftp_user_note', 'Tên tài khoản đăng nhập', 1728146692),
(620, 2, 'lang_module', 'ftp_pass', 'mật khẩu', 1728146692),
(621, 2, 'lang_module', 'ftp_pass_note', 'Mật khẩu đăng nhập tài khoản FTP', 1728146692),
(622, 2, 'lang_module', 'ftp_path', 'Remote path', 1728146692),
(623, 2, 'lang_module', 'ftp_path_note', 'Đường dẫn tới thư mực chứa website', 1728146692),
(624, 2, 'lang_module', 'ftp_path_find', 'Tự động tìm', 1728146692),
(625, 2, 'lang_module', 'ftp_error_account', 'Lỗi: hệ thống không kết nối được FTP server vui lòng kiểm tra lại các thông số FTP', 1728146692),
(626, 2, 'lang_module', 'ftp_error_path', 'Lỗi: thông số Remote path không đúng', 1728146692),
(627, 2, 'lang_module', 'ftp_error_empty', 'Hãy nhập các thông số trước để tìm tự động Remove Path', 1728146692),
(628, 2, 'lang_module', 'ftp_error_detect_root', 'Không thể xác định tự động Remove Path, hãy nhập bằng tay', 1728146692),
(629, 2, 'lang_module', 'refesh', 'Thực hiện', 1728146692),
(630, 2, 'lang_module', 'database', 'Khai báo database', 1728146692),
(631, 2, 'lang_module', 'properties', 'Các thuộc tính', 1728146692),
(632, 2, 'lang_module', 'is_required', 'là bắt buộc', 1728146692),
(633, 2, 'lang_module', 'database_config', 'Nhập thông số database', 1728146692),
(634, 2, 'lang_module', 'database_type', 'Kiểu database', 1728146692),
(635, 2, 'lang_module', 'database_default', 'Mặc định sử dụng', 1728146692),
(636, 2, 'lang_module', 'host_name', 'Tên host', 1728146692),
(637, 2, 'lang_module', 'host_name_note', 'Tên host được xác định do nhà cung cấp hosting hoặc mặc định là', 1728146692),
(638, 2, 'lang_module', 'db_username', 'Username', 1728146692),
(639, 2, 'lang_module', 'db_username_note', 'User name của database', 1728146692),
(640, 2, 'lang_module', 'db_pass', 'Mật khẩu', 1728146692),
(641, 2, 'lang_module', 'db_pass_note', 'Mật khẩu của username được phân quyền với database', 1728146692),
(642, 2, 'lang_module', 'db_name', 'Tên cơ sở dữ liệu', 1728146692),
(643, 2, 'lang_module', 'db_name_note', 'Một số hosting đặt tiếp đầu tố cho tên database bạn cần kiểm tra chính xác tên database.', 1728146692),
(644, 2, 'lang_module', 'db_detete', 'Xóa các bảng dữ liệu đã tồn tại', 1728146692),
(645, 2, 'lang_module', 'prefix', 'Tiếp đầu tố', 1728146692),
(646, 2, 'lang_module', 'db_err_prefix', 'Lỗi: (prefix) Tiếp đầu tố đã được sử dụng', 1728146692),
(647, 2, 'lang_module', 'enter_form', 'Nhập thông tin', 1728146692),
(648, 2, 'lang_module', 'sitename', 'Tên site', 1728146692),
(649, 2, 'lang_module', 'err_sitename', 'Bạn chưa nhập tên site', 1728146692),
(650, 2, 'lang_module', 'sitename_note', 'Tên của trang web. Có thể là tên bạn, tên công ty, tổ chức ...', 1728146692),
(651, 2, 'lang_module', 'admin_account', 'Tài khoản admin', 1728146692),
(652, 2, 'lang_module', 'admin_account_note', 'Tài khoản cần ít nhất 5 ký tự, tránh sử dụng admin hoặc administrator.', 1728146692),
(653, 2, 'lang_module', 'admin_email', 'Email', 1728146692);
INSERT INTO `nv4_language` (`id`, `idfile`, `langtype`, `lang_key`, `lang_vi`, `update_vi`) VALUES
(654, 2, 'lang_module', 'admin_email_note', 'Nhập email.', 1728146692),
(655, 2, 'lang_module', 'admin_pass', 'Mật khẩu', 1728146692),
(656, 2, 'lang_module', 'admin_repass', 'Nhập lại mật khẩu', 1728146692),
(657, 2, 'lang_module', 'admin_repass_note', 'Nhập lại mật khẩu.', 1728146692),
(658, 2, 'lang_module', 'success', 'Bạn đã cài đặt thành công!', 1728146692),
(659, 2, 'lang_module', 'congratulations', 'Xin chúc mừng!!! Bạn đã cài đặt thành công hệ thống Nukeviet. Bạn cần đăng nhập vào khu vực quản trị để tiến hành các bước cấu hình site.', 1728146692),
(660, 2, 'lang_module', 'notesupport', 'Mọi nhu cầu về hỗ trợ kỹ thuật xin liên hệ tại <a href=\"http://nukeviet.vn\" target=\"_blank\"><strong>diễn đàn Nukeviet.VN</strong></a>.', 1728146692),
(661, 2, 'lang_module', 'noteuploads', '<strong>Chú ý:</strong> Hãy <strong>CHMOD thư mục uploads</strong> trên webroot và các thư mục con nằm trong nó ở chế độ php có thể ghi file. Nếu không làm việc này ngay, hệ thống sẽ không cho phép bạn upload các tập tin lên host.', 1728146692),
(662, 2, 'lang_module', 'thanks', 'Lời cảm ơn', 1728146692),
(663, 2, 'lang_module', 'gohome', 'Xem trang chủ', 1728146692),
(664, 2, 'lang_module', 'goadmin', 'Đăng nhập trang quản trị', 1728146692),
(665, 2, 'lang_module', 'finish', 'Kết thúc', 1728146692),
(666, 2, 'lang_module', 'checkfileconfig', 'Kiểm tra lại', 1728146692),
(667, 2, 'lang_module', 'movefileconfig', 'Bạn cần chuyển file <b>config.php</b> trong thư mục <b>data/tmp</b> ra thư mục gốc của site, sau đó click vào nút kiểm tra để hệ thống kiểm tra lại', 1728146692),
(668, 2, 'lang_module', 'copyright', 'Chú ý: Việc đăng lại bài viết trên ở website hoặc các phương tiện truyền thông khác mà không ghi rõ nguồn http://nukeviet.vn là vi phạm bản quyền', 1728146692),
(669, 2, 'lang_module', 'question', 'Điền câu hỏi bảo mật', 1728146692),
(670, 2, 'lang_module', 'answer_question', 'Câu trả lời của bạn', 1728146692),
(671, 2, 'lang_module', 'your_question_empty', 'Bạn chưa khai báo câu hỏi bảo mật', 1728146692),
(672, 2, 'lang_module', 'answer_empty', 'Bạn chưa nhập câu Trả lời cho câu hỏi bảo mật', 1728146692),
(673, 2, 'lang_module', 'question_note', 'Hệ thống sẽ hỏi bạn câu hỏi bảo mật trong trường hợp bạn cần khôi phục mật khẩu khi bạn bị quên. Vì vậy hãy chọn câu hỏi mà nó có thể giúp bạn nhớ chính xác câu trả lời.', 1728146692),
(674, 2, 'lang_module', 'answer_question_note', 'Bạn hãy nhớ câu trả lời này để trả lời hệ thống.', 1728146692),
(675, 2, 'lang_module', 'lang_multi', 'Website đa ngôn ngữ', 1728146692),
(676, 2, 'lang_module', 'lang_multi_note', 'Nếu bạn có kế hoạch xây dựng site đa ngôn ngữ, bạn nên chọn tính năng này', 1728146692),
(677, 2, 'lang_module', 'dev_mode', 'Chế độ phát triển', 1728146692),
(678, 2, 'lang_module', 'dev_mode_note', 'Nếu bạn cài đặt với mục đích lập trình, kiểm tra lỗi, bạn nên chọn tính năng này', 1728146692),
(679, 2, 'lang_module', 's2_winhost_info', 'Bạn đang sử dụng hosting chạy hệ điều hành Windows, chức năng CHMOD sẽ không hoạt động.', 1728146692),
(680, 2, 'lang_module', 's2_winhost_info1', 'Các kết quả kiểm tra là', 1728146692),
(681, 2, 'lang_module', 's2_winhost_info2', 'tuy nhiên bạn hãy chắc chắn các thư mục được liệt kê bên trên và thư mục con của nó được cấp quyền ghi file trước khi chuyển sang <strong>Bước kế tiếp</strong>, nếu không hệ thống có thể sẽ không hoạt động được', 1728146692),
(682, 2, 'lang_module', 's2_winhost_info3', 'Hãy truy cập vào khu vực quản trị hosting của bạn và cấp quyền ghi file cho tất cả các thư mục được liệt kê bên trên và các thư mục con của nó sau đó ấn vào', 1728146692),
(683, 2, 'lang_module', 's2_winhost_info4', 'đây', 1728146692),
(684, 2, 'lang_module', 's2_winhost_info5', 'để kiểm tra lại', 1728146692),
(685, 2, 'lang_module', 'update_site_title_update', 'Nâng cấp NukeViet', 1728146692),
(686, 2, 'lang_module', 'update_site_title_upgrade', 'Cập nhật NukeViet', 1728146692),
(687, 2, 'lang_module', 'update_step_1', 'Thông tin', 1728146692),
(688, 2, 'lang_module', 'update_step_2', 'Nâng cấp', 1728146692),
(689, 2, 'lang_module', 'update_step_3', 'Hoàn tất', 1728146692),
(690, 2, 'lang_module', 'update_step_title_1', 'Thông tin phiên bản', 1728146692),
(691, 2, 'lang_module', 'update_step_title_2', 'Nâng cấp', 1728146692),
(692, 2, 'lang_module', 'update_step_title_3', 'Hoàn tất nâng cấp', 1728146692),
(693, 2, 'lang_module', 'update_info_backage', 'Thông tin bản nâng cấp', 1728146692),
(694, 2, 'lang_module', 'update_value', 'Giá trị', 1728146692),
(695, 2, 'lang_module', 'update_release_date', 'Ngày phát hành', 1728146692),
(696, 2, 'lang_module', 'update_author', 'Tác giả', 1728146692),
(697, 2, 'lang_module', 'update_to_version', 'Nâng cấp lên phiên bản', 1728146692),
(698, 2, 'lang_module', 'update_to_version_support', 'Hỗ trợ các phiên bản', 1728146692),
(699, 2, 'lang_module', 'update_website_support', 'Website hỗ trợ', 1728146692),
(700, 2, 'lang_module', 'update_auto_type', 'Hình thức nâng cấp', 1728146692),
(701, 2, 'lang_module', 'update_auto_type_0', 'Nâng cấp bằng tay', 1728146692),
(702, 2, 'lang_module', 'update_auto_type_1', 'Nâng cấp tự động', 1728146692),
(703, 2, 'lang_module', 'update_auto_type_2', 'Nâng cấp nửa tự động', 1728146692),
(704, 2, 'lang_module', 'update_package_error', 'Gói cập nhật này không hợp lệ do đó sẽ không thể nâng cấp được.', 1728146692),
(705, 2, 'lang_module', 'update_package_delete', 'Xóa gói cập nhật', 1728146692),
(706, 2, 'lang_module', 'update_version_current', 'Phiên bản và khả năng thực hiện', 1728146692),
(707, 2, 'lang_module', 'update_version_current_name', 'Số phiên bản', 1728146692),
(708, 2, 'lang_module', 'update_ability', 'Khả năng nâng cấp', 1728146692),
(709, 2, 'lang_module', 'update_ability_0', 'Không thể nâng cấp do không tương thích phiên bản', 1728146692),
(710, 2, 'lang_module', 'update_ability_1', 'Có thể nâng cấp', 1728146692),
(711, 2, 'lang_module', 'update_ability_2', 'Không thể nâng cấp do máy chủ không hỗ trợ phiên bản mới', 1728146692),
(712, 2, 'lang_module', 'update_ability_3', 'Không thể nâng cấp do phiên bản hiện tại không được hỗ trợ và máy chủ không hỗ trợ phiên bản mới', 1728146692),
(713, 2, 'lang_module', 'update_cannot_start', 'Không thể nâng cấp do gói cập nhật không hỗ trợ phiên bản bạn đang sử dụng', 1728146692),
(714, 2, 'lang_module', 'update_info_start', 'Các bước kiểm tra gói cập nhật và kiểm tra tương thích phiên bản đã hoàn tất, bạn có thể thực hiện cập nhật lên phiên bản mới', 1728146692),
(715, 2, 'lang_module', 'update_or', 'hoặc', 1728146692),
(716, 2, 'lang_module', 'update_all_work', 'Tất cả công việc', 1728146692),
(717, 2, 'lang_module', 'update_current_work', 'Công việc hiện tại', 1728146692),
(718, 2, 'lang_module', 'update_info_dump', 'Khuyến cáo: Trước khi thực hiện nâng cấp bạn hãy sao lưu CSDL đề phòng những rủi ro có thể xảy ra. Để sao lưu CSDL, nhấp vào liên kết bên dưới.', 1728146692),
(719, 2, 'lang_module', 'update_dump', 'Sao lưu CSDL dạng', 1728146692),
(720, 2, 'lang_module', 'update_dump_exist', 'File sao lưu CSDL đã có, bạn có thể không cần sao lưu nữa và có thể thực hiện bước tiếp theo', 1728146692),
(721, 2, 'lang_module', 'update_dump_error', 'Lỗi: Không thể sao lưu CSDL được tuy nhiên bạn vẫn có thể thực hiện bước nâng cấp tiếp theo', 1728146692),
(722, 2, 'lang_module', 'update_dump_ok', 'CSDL đã được sao lưu thành công. Dung lượng', 1728146692),
(723, 2, 'lang_module', 'update_dump_download', 'Nhấp vào đây để tải về', 1728146692),
(724, 2, 'lang_module', 'update_refuse_dump', 'Bạn cũng có thể bỏ qua bước này và thực hiện bước tiếp theo', 1728146692),
(725, 2, 'lang_module', 'update_info_complete', 'Nâng cấp thành công, dưới đây là những thông tin bạn cần lưu ý.', 1728146692),
(726, 2, 'lang_module', 'update_current_version', 'Phiên bản hiện tại', 1728146692),
(727, 2, 'lang_module', 'update_lastest_version', 'Phiên bản mới nhất', 1728146692),
(728, 2, 'lang_module', 'update_waiting', 'Đang cập nhật dữ liệu, vui lòng đợi trong giây lát', 1728146692),
(729, 2, 'lang_module', 'update_load_waiting', 'Đang thực hiện, vui lòng đợi trong giây lát', 1728146692),
(730, 2, 'lang_module', 'update_waiting_continue', 'Tiếp tục cập nhật dữ liệu, vui lòng đợi trong giây lát', 1728146692),
(731, 2, 'lang_module', 'update_check_version', 'Phiên bản bạn vừa mới nâng cấp lên chưa phải là phiên bản mới nhất, hãy tải về gói cập nhật khác để nâng cấp lên phiên bản mới nhất.', 1728146692),
(732, 2, 'lang_module', 'update_mod_list', 'Các module hiện đang sử dụng', 1728146692),
(733, 2, 'lang_module', 'update_mod_version', 'Phiên bản', 1728146692),
(734, 2, 'lang_module', 'update_mod_note', 'Ghi chú', 1728146692),
(735, 2, 'lang_module', 'update_mod_author', 'Tác giả', 1728146692),
(736, 2, 'lang_module', 'update_mod_uptodate', 'Là ứng dụng hệ thống, phiên bản mới nhất', 1728146692),
(737, 2, 'lang_module', 'update_mod_othermod', 'Không là ứng dụng hệ thống, hãy kiểm tra lại khả năng tương thích với phiên bản mới nâng cấp này', 1728146692),
(738, 2, 'lang_module', 'update_info_end', 'Để website có thể hoạt động trở lại bạn cần xóa gói cập nhật này khỏi hệ thống.', 1728146692),
(739, 2, 'lang_module', 'update_package_deleted', 'Gói cập nhật đã được xóa khỏi hệ thống thành công.', 1728146692),
(740, 2, 'lang_module', 'update_package_not_deleted', 'Không thể xóa gói cập nhật đi được, bạn hãy xóa thủ công các tệp và thư mục trong cảnh báo vừa xuất hiện sau đó website mới có thể hoạt động trở lại', 1728146692),
(741, 2, 'lang_module', 'update_goadmin', 'Chuyển đến trang quản trị', 1728146692),
(742, 2, 'lang_module', 'update_manual', 'Đây là gói cập nhật đòi hỏi bạn phải tự tay thực hiện tất cả các thao tác. Hướng dẫn chi tiết ở bên dưới, hãy đọc thật kĩ và làm theo các bước trong hướng dẫn. Sau khi thực hiện thành công, nhấp vào \"<strong>Bước kế tiếp</strong>\" để tiếp tục công việc', 1728146692),
(743, 2, 'lang_module', 'update_semiautomatic', 'Đây là gói cập nhật đòi hỏi bạn phải di chuyển các file trước khi có thể nâng cấp CSDL. Hãy di chuyển toàn bộ files và folders trong <strong>install/update/</strong> ra ngoài thư mục gốc của website (thư mục chứa index.php, robots.php...). Sau khi thực hiện thành công nhấp vào \"<strong>Bước kế tiếp</strong>\" để tiếp tục công việc', 1728146692),
(744, 2, 'lang_module', 'update_automatic', 'Đây là gói cập nhật có thể thực hiện tự động các công việc. Bên dưới là danh sách các công việc sẽ thực hiện. Nhấp vào \"<strong>Bước kế tiếp</strong>\" để tiếp tục công việc', 1728146692),
(745, 2, 'lang_module', 'update_empty_work', 'Không có công việc nào', 1728146692),
(746, 2, 'lang_module', 'update_data_work', 'Thao tác với CSDL', 1728146692),
(747, 2, 'lang_module', 'update_file_work', 'Thao tác với files hệ thống', 1728146692),
(748, 2, 'lang_module', 'update_substep3_error_file', 'Lỗi: Các files, folders trong <strong>install/update/</strong> vẫn chưa được di chuyển hết, hãy tiếp tục di chuyển đến hết các files, folders và nhấp vào liên kết bên dưới.', 1728146692),
(749, 2, 'lang_module', 'update_substep3_moved', 'Đã di chuyển hết', 1728146692),
(750, 2, 'lang_module', 'update_info_list_prosess', 'Bên dưới là danh sách các công việc sẽ thực hiện nhấp vào <strong>Bước kế tiếp để tiếp tục</strong>', 1728146692),
(751, 2, 'lang_module', 'update_task', 'Đang chờ thực hiện', 1728146692),
(752, 2, 'lang_module', 'update_taskierror', 'Thất bại', 1728146692),
(753, 2, 'lang_module', 'update_taskiok', 'Thành công', 1728146692),
(754, 2, 'lang_module', 'update_taskiwarn', 'Cảnh báo không thành công', 1728146692),
(755, 2, 'lang_module', 'update_taskiload', 'Đang thực hiện', 1728146692),
(756, 2, 'lang_module', 'update_task_error_message', 'Tiến trình không thể tiếp tục được do thất bại trong việc <strong>\"%s\"</strong>. Hãy thử đóng trình duyệt lại sau đó thực hiện lại toàn bộ công việc. Truy cập <a href=\"%s\">vào đây</a> và thông báo về lỗi này để được hỗ trợ.', 1728146692),
(757, 2, 'lang_module', 'update_task_all_complete', 'Các công việc đã hoàn tất, bạn có thể chuyển sang bước tiếp theo', 1728146692),
(758, 2, 'lang_module', 'update_task_all_complete_alert', 'Các công việc đã thực hiện hết, có một số công việc bị lỗi tuy nhiên có thể bỏ qua. Danh sách công việc lỗi được đanh dấu bên cạnh, bạn có thể kiểm tra lại sau.', 1728146692),
(759, 2, 'lang_module', 'update_task_load', 'Đang thực hiện', 1728146692),
(760, 2, 'lang_module', 'update_task_load_message', 'Chúng tôi khuyến cáo bạn không nên tắt trình duyệt hoặc chuyển trang cho đến khi tất cả các công việc hoàn tất', 1728146692),
(761, 2, 'lang_module', 'update_task_next', 'Công việc sắp thực hiện', 1728146692),
(762, 2, 'lang_module', 'update_task_start', 'Bắt đầu', 1728146692),
(763, 2, 'lang_module', 'update_task_do1_error', 'Công việc', 1728146692),
(764, 2, 'lang_module', 'update_task_do2_error', 'Bị lỗi do đó việc nâng cấp không thể tiếp tục được. Truy cập <a href=\"%s\">vào đây</a> và thông báo về lỗi này để được hỗ trợ.', 1728146692),
(765, 2, 'lang_module', 'update_nav_confirm', 'Các công việc đang thực hiện, chuyển trang hoặc tắt trình duyệt có thể dẫn tới lỗi.', 1728146692),
(766, 2, 'lang_module', 'update_file_info_win', 'Cảnh báo: Trên nền window việc di chuyển các file có thể sẽ không thực hiện được, chúng tôi khuyến khích bạn thực hiện di chuyển thủ công các files và folders trong <strong>install/update/</strong> ra ngoài thư mục gốc của website (thư mục chứa index.php, robots.php...).', 1728146692),
(767, 2, 'lang_module', 'update_file_info_win_manual', 'Sau khi di chuyển có thể nhấp vào đây để tiếp tục.', 1728146692),
(768, 2, 'lang_module', 'update_file_list', 'Danh sách các file', 1728146692),
(769, 2, 'lang_module', 'update_file_info', 'Thông tin', 1728146692),
(770, 2, 'lang_module', 'update_ftp_nosupport', 'Cảnh báo: Hosting không hỗ trợ FTP, chúng tôi khuyến cáo bạn thực hiện di chuyển thủ công các files và folders trong <strong>install/update/</strong> ra ngoài thư mục gốc của website (thư mục chứa index.php, robots.php...).', 1728146692),
(771, 2, 'lang_module', 'update_ftp_config_info', 'Bạn chưa cấu hình FTP hoặc cấu hình chưa đúng, bạn nên cấu hình FTP để hệ thống có thể di chuyển các file mà không gặp lỗi. Bạn cũng có thể bỏ qua mà không cần phải thực hiện việc cấu hình.', 1728146692),
(772, 2, 'lang_module', 'update_file_backup_info', 'Bạn nên sao lưu lại các file thay đổi để đề phòng rủi ro', 1728146692),
(773, 2, 'lang_module', 'update_file_backup', 'Sao lưu', 1728146692),
(774, 2, 'lang_module', 'update_file_backup_ok', 'Sao lưu thành công, nhấp vào đây để tải về', 1728146692),
(775, 2, 'lang_module', 'update_file_backup_error', 'Hệ thống không tự sao lưu được bạn hãy tự sao lưu', 1728146692),
(776, 2, 'lang_module', 'update_step5_info', 'Các bước thực hiện đã hoàn tất, bây giờ bạn hãy đọc và làm theo một số lưu ý sau trước khi chọn \"<strong>Bước kế tiếp</strong>\".', 1728146692),
(777, 2, 'lang_module', 'update_step5_info_error', 'Hệ thống không tìm thấy hướng dẫn nào, nhấp \"<strong>Bước kế tiếp</strong>\" để tiếp tục.', 1728146692),
(778, 2, 'lang_module', 'update_error_log_data', 'Lỗi: Hệ thống không ghi nhật kí được, hãy CHMOD thư mục \"<strong>%s</strong>\" để php có thể ghi file, sau đó nhấn F5 (tải lại trang) để tiếp tục.', 1728146692),
(779, 2, 'lang_module', 'update_data_backuped', 'Bạn đã sao lưu CSDL vào lúc %s', 1728146692),
(780, 2, 'lang_module', 'update_file_backuped', 'Bạn đã sao lưu các file thay đổi vào lúc %s', 1728146692),
(781, 2, 'lang_module', 'update_data_not_allow', 'Việc sửa đổi CSDL đã diễn ra do đó bạn không được sao lưu CSDL nữa mà hãy tiếp tục thực hiện các công việc còn lại', 1728146692),
(782, 2, 'lang_module', 'update_file_not_allow', '<strong>Sao lưu các files thay đổi</strong><br />Không có các file nào bị thay đổi hoặc việc thay đổi các file đã diễn ra do đó không cần sao lưu các file vào lúc này', 1728146692),
(783, 2, 'lang_module', 'update_move_num', '<strong>%s</strong> files đang chờ di chuyển trong tổng số <strong>%s</strong> files', 1728146692),
(784, 2, 'lang_module', 'update_move_complete', '<strong>%s</strong> files đã được di chuyển, nhấp \"<strong>Bước kế tiếp</strong>\" để tiếp tục.', 1728146692),
(785, 2, 'lang_module', 'update_move_start', 'Nhấp vào đây để tiếp tục', 1728146692),
(786, 2, 'lang_module', 'update_move_redo', 'Nhấp vào đây để thử lại', 1728146692),
(787, 2, 'lang_module', 'update_move_redo_message', 'Chúng tôi khuyên bạn nên cấu hình FTP để hệ thống di chuyển file', 1728146692),
(788, 2, 'lang_module', 'update_move_redo_manual', 'Hoặc bạn nên di chuyển thủ công các files và folders trong <strong>install/update/</strong> ra ngoài thư mục gốc của website (thư mục chứa index.php, robots.php...).', 1728146692),
(789, 2, 'lang_module', 'update_error_creat_dir', 'Không thể tạo thư mục', 1728146692),
(790, 2, 'lang_module', 'update_error_move_file', 'Không thể di chuyển file', 1728146692),
(791, 2, 'lang_module', 'update_log_start', 'Nâng cấp bắt đầu', 1728146692),
(792, 2, 'lang_module', 'update_log_dump_file', 'Sao lưu các file thay đổi', 1728146692),
(793, 2, 'lang_module', 'update_log_dump_file_down', 'Tải về bản backup các file thay đổi', 1728146692),
(794, 2, 'lang_module', 'update_log_ftp', 'Cập nhật cấu hình FTP', 1728146692),
(795, 2, 'lang_module', 'update_log_creat_dir', 'Tạo thư mục', 1728146692),
(796, 2, 'lang_module', 'update_log_move_file', 'Di chuyển file', 1728146692),
(797, 2, 'lang_module', 'updatemod_title_update', 'Nâng cấp module \"%s\"', 1728146692),
(798, 2, 'lang_module', 'updatemod_title_upgrade', 'Cập nhật module \"%s\"', 1728146692),
(799, 2, 'lang_module', 'updatemod_notexist', 'Bạn chưa cài đặt module này lên hệ thống do đó không có công việc nào cần thực hiện, đơn giản hãy xóa gói cập nhật này để website hoạt động trở lại', 1728146692),
(800, 2, 'lang_module', 'updatemod_notcertified', 'Module này chưa được chứng nhận do đó hệ thống có thể sẽ không kiểm soát được những rủi ro có thể gặp phải.', 1728146692),
(801, 2, 'lang_module', 'dbcheck_error_files', 'Để cài đặt NukeViet với loại CSDL này, bạn cần tải thêm trình hỗ trợ. Nhấp vào đây để tìm hiểu về trình hỗ trợ và tải về bản phù hợp. Sau khi tải về, giải nén và upload các tệp và thư mục lên website của bạn, tải lại trang này và chọn loại CSDL để kiểm tra. Nếu không có thông báo này hiện lên nữa, điều đó có nghĩa là bạn đã sẵn sàng để tiến hành bước tiếp theo. Bên dưới liệt kê danh sách các file cần có để tiến hành cài đặt với loại CSDL này.', 1728146692),
(802, 2, 'lang_module', 'dbcheck_error_driver', 'Lỗi: Hệ thống không hỗ trợ loại CSDL này, vui lòng chọn loại khác', 1728146692),
(803, 2, 'lang_module', 'update_error_check_version_sys', 'Lỗi: Không thể kiểm tra phiên bản hệ thống', 1728146692),
(804, 2, 'lang_module', 'update_error_check_version_ext', 'Lỗi: Không thể kiểm tra phiên bản các ứng dụng', 1728146692),
(805, 2, 'lang_module', 'thanks_text', 'Ban quản trị NuKeViet xin được gửi lời cảm ơn chân thành đến các thành viên đã đồng hành cũng như đóng góp công sức của mình cho công cuộc phát triển NuKeViet từ trước cho đến nay, mong các bạn tiếp tục phát huy và luôn luôn ủng hộ cũng như tiếp tục chung tay xây dựng NuKeViet ngày càng lớn mạnh.', 1728146692),
(806, 2, 'lang_module', 'thanks_list_member_all', 'Danh sách thành viên:', 1728146692),
(807, 2, 'lang_module', 'thanks_list_member_other_version', 'Danh sách các thành viên đã đóng góp theo từng phiên bản', 1728146692),
(808, 2, 'lang_module', 'thanks_other_version', 'Phiên bản', 1728146692),
(809, 2, 'lang_module', 'is_unofficial_mode', 'Chú ý: Đây là phiên bản dùng để phát triển và thử nghiệm, bạn không nên sử dụng để làm website chính thức', 1728146692),
(810, 2, 'lang_module', 'spdata_name', 'Tên gói dữ liệu', 1728146692),
(811, 2, 'lang_module', 'spdata_compatible', 'Gói dữ liệu mẫu này tương thích', 1728146692),
(812, 2, 'lang_module', 'spdata_incompatible', 'Gói dữ liệu mẫu này được xây dựng ở thư mục %s, việc cài đặt site ở thư mục %s sẽ khiến một số link không chính xác', 1728146692),
(813, 2, 'lang_module', 'spdata_root', 'gốc', 1728146692),
(814, 2, 'lang_module', 'spdata_note', 'Chọn gói dữ liệu mẫu bằng cách nhấp vào ô tương ứng bên phải sau đó nhấp nút <strong>Cài đặt</strong>', 1728146692),
(815, 2, 'lang_module', 'spdata_choose', 'Cài đặt', 1728146692),
(816, 3, 'lang_global', 'mod_authors', 'Quản trị', 1728146692),
(817, 3, 'lang_global', 'mod_groups', 'Nhóm thành viên', 1728146692),
(818, 3, 'lang_global', 'mod_database', 'CSDL', 1728146692),
(819, 3, 'lang_global', 'mod_settings', 'Cấu hình', 1728146692),
(820, 3, 'lang_global', 'mod_cronjobs', 'Tiến trình tự động', 1728146692),
(821, 3, 'lang_global', 'mod_modules', 'Quản lý Modules', 1728146692),
(822, 3, 'lang_global', 'mod_themes', 'Quản lý giao diện', 1728146692),
(823, 3, 'lang_global', 'mod_siteinfo', 'Thông tin', 1728146692),
(824, 3, 'lang_global', 'mod_language', 'Ngôn ngữ', 1728146692),
(825, 3, 'lang_global', 'mod_upload', 'Quản lý File', 1728146692),
(826, 3, 'lang_global', 'mod_webtools', 'Công cụ web', 1728146692),
(827, 3, 'lang_global', 'mod_seotools', 'Công cụ SEO', 1728146692),
(828, 3, 'lang_global', 'mod_subsite', 'Quản lý site con', 1728146692),
(829, 3, 'lang_global', 'mod_extensions', 'Mở rộng', 1728146692),
(830, 3, 'lang_global', 'mod_zalo', 'Zalo', 1728146692),
(831, 3, 'lang_global', 'go_clientsector', 'Trang chủ site', 1728146692),
(832, 3, 'lang_global', 'go_clientmod', 'Xem ngoài site', 1728146692),
(833, 3, 'lang_global', 'go_instrucion', 'Tài liệu hướng dẫn', 1728146692),
(834, 3, 'lang_global', 'please_select', 'Hãy lựa chọn', 1728146692),
(835, 3, 'lang_global', 'admin_password_empty', 'Mật khẩu quản trị của bạn chưa được khai báo', 1728146692),
(836, 3, 'lang_global', 'adminpassincorrect', 'Mật khẩu quản trị &ldquo;<strong>%s</strong>&rdquo; không chính xác. Hãy thử lại lần nữa', 1728146692),
(837, 3, 'lang_global', 'admin_password', 'Mật khẩu của bạn', 1728146692),
(838, 3, 'lang_global', 'admin_no_allow_func', 'Bạn không có quyền truy cập chức năng này', 1728146692),
(839, 3, 'lang_global', 'admin_suspend', 'Tài khoản Bị đình chỉ', 1728146692),
(840, 3, 'lang_global', 'block_modules', 'Block của modules', 1728146692),
(841, 3, 'lang_global', 'hello_admin1', 'Xin chào %1$s ! Lần đăng nhập Quản trị trước vào %2$s', 1728146692),
(842, 3, 'lang_global', 'hello_admin2', 'Tài khoản Quản trị: %1$s ! Bạn đã đăng nhập Quản trị cách đây %2$s', 1728146692),
(843, 3, 'lang_global', 'hello_admin3', 'Xin chào mừng %1$s. Đây là lần đăng nhập Quản trị đầu tiên của bạn', 1728146692),
(844, 3, 'lang_global', 'ftp_error_account', 'Lỗi: hệ thống không kết nối được FTP server vui lòng kiểm tra lại các thông số FTP', 1728146692),
(845, 3, 'lang_global', 'ftp_error_path', 'Lỗi: thông số Remote path không đúng', 1728146692),
(846, 3, 'lang_global', 'login_error_account', 'Lỗi: Tên đăng nhập tài khoản Admin chưa được khai báo hoặc khai báo không hợp lệ! (Không ít hơn %1$s ký tự, không nhiều hơn %2$s ký tự. Chỉ chứa các ký tự có trong bảng chữ cái latin, số và dấu gạch dưới)', 1728146692),
(847, 3, 'lang_global', 'login_error_password', 'Lỗi: Password của Admin chưa được khai báo hoặc khai báo không hợp lệ! (Không ít hơn %1$s ký tự, không nhiều hơn %2$s ký tự. Chỉ chứa các ký tự có trong bảng chữ cái latin, số và dấu gạch dưới)', 1728146692),
(848, 3, 'lang_global', 'login_error_security', 'Lỗi: Mã kiểm tra chưa được khai báo hoặc khai báo không hợp lệ! (Phải có %1$s ký tự. Chỉ chứa các ký tự có trong bảng chữ cái latin và số)', 1728146692),
(849, 3, 'lang_global', 'error_zlib_support', 'Lỗi: Máy chủ của bạn không hỗ trợ thư viện zlib, bạn cần liên hệ với nhà cung cấp dịch vụ hosting bật thư viện zlib để có thể sử dụng tính năng này.', 1728146692),
(850, 3, 'lang_global', 'error_zip_extension', 'Lỗi: Máy chủ của bạn không hỗ trợ extension ZIP, bạn cần liên hệ với nhà cung cấp dịch vụ hosting bật extension ZIP để có thể sử dụng tính năng này.', 1728146692),
(851, 3, 'lang_global', 'length_characters', 'Số ký tự', 1728146692),
(852, 3, 'lang_global', 'length_suggest_max', 'Nên nhập tối đa %s ký tự', 1728146692),
(853, 3, 'lang_global', 'error_code_1', 'Địa chỉ truy vấn không hợp lệ, vui lòng kiểm tra lại', 1728146692),
(854, 3, 'lang_global', 'error_code_2', 'Giao thức HTTP bị cấm đối với truy vấn này.', 1728146692),
(855, 3, 'lang_global', 'error_code_3', 'Thư mục chứa tệp tin sẽ được lưu không thể ghi được.', 1728146692),
(856, 3, 'lang_global', 'error_code_4', 'Không có tiện ích nào hỗ trợ giao thức HTTP.', 1728146692),
(857, 3, 'lang_global', 'error_code_5', 'Có quá nhiều chuyển hướng xảy ra.', 1728146692),
(858, 3, 'lang_global', 'error_code_6', 'Chứng chỉ SSL không thể kiểm tra được.', 1728146692),
(859, 3, 'lang_global', 'error_code_7', 'Truy vấn HTTP thất bại.', 1728146692),
(860, 3, 'lang_global', 'error_code_8', 'Không thể lưu dữ liệu vào tệp tin tạm thời.', 1728146692),
(861, 3, 'lang_global', 'error_code_9', 'Hàm xử lý fopen() thất bại đối với tệp tin.', 1728146692),
(862, 3, 'lang_global', 'error_code_10', 'Truy vấn HTTP bằng Curl thất bại.', 1728146692),
(863, 3, 'lang_global', 'error_code_11', 'Có một lỗi không xác định đã xảy ra.', 1728146692),
(864, 3, 'lang_global', 'error_valid_response', 'Dữ liệu trả về không hợp chuẩn.', 1728146692),
(865, 3, 'lang_global', 'phone_note_title', 'Quy định khai báo số điện thoại', 1728146692),
(866, 3, 'lang_global', 'phone_note_content', '<ul><li>Số điện thoại được chia ra hai phần, phần đầu là bắt buộc và dành cho việc hiển thị trên site, phần hai không bắt buộc và dành cho việc quay số khi click chuột vào nó.</li><li>Phần đầu được viết tự do nhưng không có dấu ngoặc vuông. Phần hai để trong dấu ngoặc vuông ngay sau phần đầu và chỉ được chứa các ký tự sau: chữ số, dấu sao, dấu thăng, dấu phẩy, dấu chấm, dấu chấm phẩy và dấu cộng ([0-9\\*\\#\\.\\,\\;\\+]).</li><li>Ví dụ, nếu bạn khai báo <strong>0438211725 (ext 601)</strong>, thì số <strong>0438211725 (ext 601)</strong> sẽ được hiển thị đơn thuần trên site. Còn nếu bạn khai báo <strong>0438211725 (ext 601)[+84438211725,601]</strong>, hệ thống sẽ cho hiển thị <strong>0438211725 (ext 601)</strong> trên site và url khi click chuột vào số điện thoại trên sẽ là <strong>tel:+84438211725,601</strong></li><li>Bạn có thể khai báo nhiều số điện thoại theo quy tắc trên. Chúng được phân cách bởi dấu |.</li></ul>', 1728146692),
(867, 3, 'lang_global', 'multi_note', 'Có thể khai báo hơn 1 giá trị, được phân cách bởi dấu phẩy.', 1728146692),
(868, 3, 'lang_global', 'multi_email_note', 'Có thể khai báo hơn 1 giá trị, được phân cách bởi dấu phẩy. Email đầu tiên được coi là email chính, được sử dụng để gửi, nhận thư.', 1728146692),
(869, 3, 'lang_global', 'view_all', 'Xem tất cả', 1728146692),
(870, 3, 'lang_global', 'email', 'Email', 1728146692),
(871, 3, 'lang_global', 'phonenumber', 'Điện thoại', 1728146692),
(872, 3, 'lang_global', 'admin_pre_logout', 'Không phải tôi, đăng xuất', 1728146692),
(873, 3, 'lang_global', 'admin_hello_2step', 'Chào <strong class=\"admin-name\">%s</strong>, mời bạn xác thực tài khoản', 1728146692),
(874, 3, 'lang_global', 'admin_noopts_2step', 'Chưa có phương thức xác thực hai bước nào được cấp phép, tạm thời bạn không thể đăng nhập quản trị', 1728146692),
(875, 3, 'lang_global', 'admin_mactive_2step', 'Bạn chưa thể xác thực vì chưa kích hoạt phương thức nào', 1728146692),
(876, 3, 'lang_global', 'admin_mactive_2step_choose0', 'Mời bạn nhấp vào nút bên dưới để kích hoạt phương thức xác thực', 1728146692),
(877, 3, 'lang_global', 'admin_mactive_2step_choose1', 'Mời bạn lựa chọn một trong các phương thức xác thực bên dưới', 1728146692),
(878, 3, 'lang_global', 'admin_2step_opt_code', 'Mã xác nhận từ ứng dụng', 1728146692),
(879, 3, 'lang_global', 'admin_2step_opt_facebook', 'Tài khoản Facebook', 1728146692),
(880, 3, 'lang_global', 'admin_2step_opt_google', 'Tài khoản Google', 1728146692),
(881, 3, 'lang_global', 'admin_2step_opt_zalo', 'Tài khoản Zalo', 1728146692),
(882, 3, 'lang_global', 'admin_2step_other', 'Phương thức xác thực khác', 1728146692),
(883, 3, 'lang_global', 'admin_oauth_error_getdata', 'Lỗi: Hệ thống không nhận dạng được dữ liệu xác thực. Xác thực thất bại!', 1728146692),
(884, 3, 'lang_global', 'admin_oauth_error_email', 'Lỗi: Email trả về không hợp lệ, bạn không thể xác thực', 1728146692),
(885, 3, 'lang_global', 'admin_oauth_error_savenew', 'Lỗi: Không thể lưu thông tin xác thực', 1728146692),
(886, 3, 'lang_global', 'admin_oauth_error', 'Lỗi: Xác thực không hợp lệ, tài khoản này chưa được cấp phép', 1728146692),
(887, 4, 'lang_module', 'is_suspend0', 'Hoạt động', 1728146692),
(888, 4, 'lang_module', 'is_suspend1', 'Bị đình chỉ vào &ldquo;%1$s&rdquo; bởi &ldquo;%2$s&rdquo; với lý do &ldquo;%3$s&rdquo;', 1728146692),
(889, 4, 'lang_module', 'is_suspend2', 'Bị đình chỉ', 1728146692),
(890, 4, 'lang_module', 'last_login0', 'Chưa bao giờ', 1728146692),
(891, 4, 'lang_module', 'login', 'Tên tài khoản', 1728146692),
(892, 4, 'lang_module', 'email', 'Email', 1728146692),
(893, 4, 'lang_module', 'full_name', 'Tên gọi trên site', 1728146692),
(894, 4, 'lang_module', 'name', 'Tên gọi trên site', 1728146692),
(895, 4, 'lang_module', 'sig', 'Chữ ký', 1728146692),
(896, 4, 'lang_module', 'editor', 'Trình soạn thảo', 1728146692),
(897, 4, 'lang_module', 'lev', 'Quyền hạn', 1728146692),
(898, 4, 'lang_module', 'position', 'Chức danh', 1728146692),
(899, 4, 'lang_module', 'regtime', 'Ngày tham gia', 1728146692),
(900, 4, 'lang_module', 'is_suspend', 'Tình trạng hiện tại', 1728146692),
(901, 4, 'lang_module', 'last_login', 'Lần đăng nhập gần đây', 1728146692),
(902, 4, 'lang_module', 'last_ip', 'Bằng IP', 1728146692),
(903, 4, 'lang_module', 'browser', 'Bằng trình duyệt', 1728146692),
(904, 4, 'lang_module', 'os', 'Bằng hệ điều hành', 1728146692),
(905, 4, 'lang_module', 'admin_info_title1', 'Thông tin tài khoản: %s', 1728146692),
(906, 4, 'lang_module', 'admin_info_title2', 'Thông tin tài khoản: %s (là bạn)', 1728146692),
(907, 4, 'lang_module', 'menulist', 'Danh sách Quản trị', 1728146692),
(908, 4, 'lang_module', 'menuadd', 'Thêm Quản trị', 1728146692),
(909, 4, 'lang_module', 'main', 'Danh sách Quản trị website', 1728146692),
(910, 4, 'lang_module', 'nv_admin_edit', 'Sửa thông tin Quản trị website', 1728146692),
(911, 4, 'lang_module', 'nv_admin_add', 'Thêm Quản trị website', 1728146692),
(912, 4, 'lang_module', 'nv_admin_del', 'Xóa Quản trị website', 1728146692),
(913, 4, 'lang_module', 'username_noactive', 'Lỗi: tài khoản: %s chưa được kích hoạt, bạn cần kích hoạt tài khoản này trước khi thêm vào quản trị site', 1728146692),
(914, 4, 'lang_module', 'full_name_incorrect', 'Bạn chưa khai báo tên gọi của người quản trị này', 1728146692),
(915, 4, 'lang_module', 'position_incorrect', 'Bạn chưa khai báo chức danh của người quản trị này', 1728146692),
(916, 4, 'lang_module', 'nv_admin_add_info', 'Để tạo một tài khoản Quản trị website mới, bạn cần khai báo đầy đủ vào các ô trống dưới đây. Bạn chỉ có quyền tạo tài khoản Quản trị dưới cấp của mình', 1728146692),
(917, 4, 'lang_module', 'if_level3_selected', 'Hãy đánh dấu tích vào những module mà bạn cho phép quản lý', 1728146692),
(918, 4, 'lang_module', 'login_info', 'Bạn cần nhập tên thành viên, nếu chưa có thành viên bạn cần tạo thành viên trước.', 1728146692),
(919, 4, 'lang_module', 'nv_admin_add_result', 'Thông tin về Quản trị website mới', 1728146692),
(920, 4, 'lang_module', 'nv_admin_add_title', 'Hệ thống đã tạo thành công tài khoản Quản trị website mới với những thông tin dưới đây', 1728146692),
(921, 4, 'lang_module', 'nv_admin_modules', 'Quản lý các module', 1728146692),
(922, 4, 'lang_module', 'admin_account_info', 'Thông tin tài khoản Quản trị website %s', 1728146692),
(923, 4, 'lang_module', 'nv_admin_add_download', 'Tải về', 1728146692),
(924, 4, 'lang_module', 'nv_admin_add_sendmail', 'Gửi thông báo', 1728146692),
(925, 4, 'lang_module', 'nv_admin_login_address', 'URL trang quản lý website', 1728146692),
(926, 4, 'lang_module', 'nv_admin_edit_info', 'Thay đổi thông tin tài khoản &ldquo;<strong>%s</strong>&rdquo;', 1728146692),
(927, 4, 'lang_module', 'show_mail', 'Hiển thị email', 1728146692),
(928, 4, 'lang_module', 'sig_info', 'Chữ ký được chèn vào cuối mỗi bài trả lời, thư... được gửi đi từ tài khoản Quản trị &ldquo;<strong>%s</strong>&rdquo;. Chỉ chấp nhận dạng text đơn thuần', 1728146692),
(929, 4, 'lang_module', 'not_use', 'Không sử dụng', 1728146692),
(930, 4, 'lang_module', 'nv_admin_edit_result', 'Thay đổi thông tin tài khoản Quản trị: %s', 1728146692),
(931, 4, 'lang_module', 'nv_admin_edit_result_title', 'Những thay đổi vừa được thực hiện đối với tài khoản Quản trị %s', 1728146692),
(932, 4, 'lang_module', 'show_mail0', 'Không hiển thị', 1728146692),
(933, 4, 'lang_module', 'show_mail1', 'Hiển thị', 1728146692),
(934, 4, 'lang_module', 'field', 'tiêu chí', 1728146692),
(935, 4, 'lang_module', 'old_value', 'Cũ', 1728146692),
(936, 4, 'lang_module', 'new_value', 'Mới', 1728146692),
(937, 4, 'lang_module', 'chg_is_suspend0', 'Tình trạng hiện tại: Đang bị đình chỉ. Để Khôi phục hoạt động của tài khoản quản trị này, bạn hãy khai báo vào các ô trống dưới đây', 1728146692),
(938, 4, 'lang_module', 'chg_is_suspend1', 'Tình trạng hiện tại: Đang hoạt động. Để Đình chỉ hoạt động của tài khoản quản trị này, bạn hãy khai báo vào các ô trống dưới đây', 1728146692),
(939, 4, 'lang_module', 'chg_is_suspend2', 'Khôi phục/Đình chỉ hoạt động', 1728146692),
(940, 4, 'lang_module', 'nv_admin_chg_suspend', 'Thay đổi trạng thái hoạt động của tài khoản Quản trị &ldquo;<strong>%s</strong>&rdquo;', 1728146692),
(941, 4, 'lang_module', 'position_info', 'Chức danh dùng trong các hoạt động đối ngoại như trao đổi thư từ, viết lời bình...', 1728146692),
(942, 4, 'lang_module', 'susp_reason_empty', 'Bạn chưa khai báo lý do đình chỉ hoạt động của tài khoản Quản trị &ldquo;<strong>%s</strong>&rdquo;', 1728146692),
(943, 4, 'lang_module', 'suspend_info_empty', 'Tài khoản quản trị &ldquo;<strong>%s</strong>&rdquo; chưa bị đình chỉ hoạt động lần nào', 1728146692),
(944, 4, 'lang_module', 'suspend_info_yes', 'Danh sách các lần đình chỉ hoạt động của tài khoản quản trị &ldquo;<strong>%s</strong>&rdquo;', 1728146692),
(945, 4, 'lang_module', 'suspend_start', 'Bắt đầu', 1728146692),
(946, 4, 'lang_module', 'suspend_end', 'Kết thúc', 1728146692),
(947, 4, 'lang_module', 'suspend_reason', 'Lý do đình chỉ', 1728146692),
(948, 4, 'lang_module', 'suspend_info', 'Vào: %1$s<br />Bởi: %2$s', 1728146692),
(949, 4, 'lang_module', 'suspend0', 'Khôi phục hoạt động', 1728146692),
(950, 4, 'lang_module', 'suspend1', 'Đình chỉ hoạt động', 1728146692),
(951, 4, 'lang_module', 'clean_history', 'Xóa lịch sử', 1728146692),
(952, 4, 'lang_module', 'suspend_sendmail', 'Gửi thông báo', 1728146692),
(953, 4, 'lang_module', 'suspend_sendmail_mess1', 'Ban quản trị website %1$s xin thông báo:<br />Tài khoản quản trị của bạn tại website %1$s đã bị đình chỉ hoạt động vào %2$s vì lý do: %3$s.<br />Mọi đề nghị, thắc mắc... xin gửi đến địa chỉ %4$s', 1728146692),
(954, 4, 'lang_module', 'suspend_sendmail_mess0', 'Ban quản trị website %1$s xin thông báo:<br />Tài khoản quản trị của bạn tại website %1$s đã hoạt động trở lại vào %2$s.<br />Trước đó tài khoản này đã bị đình chỉ hoạt động vì lý do: %3$s', 1728146692),
(955, 4, 'lang_module', 'suspend_sendmail_title', 'Thông báo từ website %s', 1728146692),
(956, 4, 'lang_module', 'delete_sendmail_mess0', 'Ban quản trị website %1$s xin thông báo:<br />Tài khoản quản trị của bạn tại website %1$s đã bị xóa vào %2$s.<br />Mọi đề nghị, thắc mắc... xin gửi đến địa chỉ %3$s', 1728146692),
(957, 4, 'lang_module', 'delete_sendmail_mess1', 'Ban quản trị website %1$s xin thông báo:<br />Tài khoản quản trị của bạn tại website %1$s đã bị xóa vào %2$s vì lý do: %3$s.<br />Mọi đề nghị, thắc mắc... xin gửi đến địa chỉ %4$s', 1728146692),
(958, 4, 'lang_module', 'delete_sendmail_title', 'Thông báo từ website %s', 1728146692),
(959, 4, 'lang_module', 'delete_sendmail_info', 'Bạn thực sự muốn xóa tài khoản quản trị &ldquo;<strong>%s</strong>&rdquo;? Hãy điền các thông tin vào các ô trống dưới đây để khẳng định thao tác này', 1728146692),
(960, 4, 'lang_module', 'admin_del_sendmail', 'Gửi thông báo', 1728146692),
(961, 4, 'lang_module', 'admin_del_reason', 'Lý do xóa', 1728146692),
(962, 4, 'lang_module', 'allow_files_type', 'Các kiểu file được phép tải lên', 1728146692),
(963, 4, 'lang_module', 'allow_modify_files', 'Được phép sửa, xóa files', 1728146692),
(964, 4, 'lang_module', 'allow_create_subdirectories', 'Được phép tạo thư mục', 1728146692),
(965, 4, 'lang_module', 'allow_modify_subdirectories', 'Được phép đổi tên, xóa thư mục', 1728146692),
(966, 4, 'lang_module', 'admin_login_incorrect', 'Tài khoản &ldquo;<strong>%s</strong>&rdquo; đã có trong danh sách quản trị. Hãy sử dụng một tài khoản khác', 1728146692),
(967, 4, 'lang_module', 'config', 'Cấu hình', 1728146692),
(968, 4, 'lang_module', 'funcs', 'Chức năng', 1728146692),
(969, 4, 'lang_module', 'checkall', 'Chọn tất cả', 1728146692),
(970, 4, 'lang_module', 'uncheckall', 'Bỏ chọn tất cả', 1728146692),
(971, 4, 'lang_module', 'ip_version', 'Loại IP', 1728146692),
(972, 4, 'lang_module', 'adminip', 'Quản lý IP truy cập khu vực quản trị', 1728146692),
(973, 4, 'lang_module', 'adminip_ip', 'Ip', 1728146692),
(974, 4, 'lang_module', 'adminip_timeban', 'Thời gian bắt đầu', 1728146692),
(975, 4, 'lang_module', 'adminip_timeendban', 'Thời gian kết thúc', 1728146692),
(976, 4, 'lang_module', 'adminip_add', 'Thêm địa chỉ IP', 1728146692),
(977, 4, 'lang_module', 'adminip_address', 'Địa chỉ', 1728146692),
(978, 4, 'lang_module', 'adminip_begintime', 'Thời gian bắt đầu', 1728146692),
(979, 4, 'lang_module', 'adminip_endtime', 'Thời gian kết thúc', 1728146692),
(980, 4, 'lang_module', 'adminip_notice', 'Ghi chú', 1728146692),
(981, 4, 'lang_module', 'save', 'Lưu thay đổi', 1728146692),
(982, 4, 'lang_module', 'adminip_mask_select', 'Hãy chọn', 1728146692),
(983, 4, 'lang_module', 'adminip_nolimit', 'Vô thời hạn', 1728146692),
(984, 4, 'lang_module', 'adminip_del_success', 'Đã xóa thành công !', 1728146692),
(985, 4, 'lang_module', 'adminip_delete_confirm', 'Bạn có chắc muốn xóa ip này ra khỏi danh sách?', 1728146692),
(986, 4, 'lang_module', 'adminip_mask', 'Mask IP', 1728146692),
(987, 4, 'lang_module', 'adminip_edit', 'Sửa địa chỉ IP', 1728146692),
(988, 4, 'lang_module', 'adminip_delete', 'Xóa', 1728146692),
(989, 4, 'lang_module', 'adminip_error_ip', 'Hãy nhập Ip được truy cập khu vực quản trị ', 1728146692),
(990, 4, 'lang_module', 'adminip_error_validip', 'Lỗi: Bạn cần nhập IP đúng chuẩn', 1728146692),
(991, 4, 'lang_module', 'title_username', 'Quản lý tài khoản tường lửa khu vực admin', 1728146692),
(992, 4, 'lang_module', 'admfirewall', 'Kiểm tra tường lửa cho khu vực admin', 1728146692),
(993, 4, 'lang_module', 'block_admin_ip', 'Kiểm tra IP khi truy cập khu vực admin', 1728146692),
(994, 4, 'lang_module', 'username_add', 'Thêm tài khoản', 1728146692),
(995, 4, 'lang_module', 'username_edit', 'Sửa tài khoản', 1728146692),
(996, 4, 'lang_module', 'nicknam_delete_confirm', 'Bạn có chắc muốn xóa tài khoản này ra khỏi danh sách?', 1728146692),
(997, 4, 'lang_module', 'passwordsincorrect', 'Mật khẩu bạn nhập hai lần không giống nhau.', 1728146692),
(998, 4, 'lang_module', 'nochangepass', 'Nếu không thay đổi mật khẩu bạn không nhập hai trường mật khẩu', 1728146692),
(999, 4, 'lang_module', 'rule_user', 'Tài khoản chỉ dùng các ký tự a-zA-Z0-9_-', 1728146692),
(1000, 4, 'lang_module', 'rule_pass', 'Mật khẩu chỉ dùng các ký tự a-zA-Z0-9_-', 1728146692),
(1001, 4, 'lang_module', 'spadmin_add_admin', 'Cho phép người điều hành chung tạo và thay đổi quyền hạn người điều hành modules', 1728146692),
(1002, 4, 'lang_module', 'authors_detail_main', 'Hiển thị chi tiết các thông tin tài khoản của người quản trị', 1728146692),
(1003, 4, 'lang_module', 'admin_check_pass_time', 'Thời gian kiểm tra lại mật khẩu, nếu admin không sử dụng trình duyệt', 1728146692),
(1004, 4, 'lang_module', 'add_user', 'Chỉ định thành viên', 1728146692),
(1005, 4, 'lang_module', 'add_select', 'Chọn', 1728146692),
(1006, 4, 'lang_module', 'add_error_choose', 'Lỗi: Bạn chưa chọn thành viên được chỉ định làm quản trị', 1728146692),
(1007, 4, 'lang_module', 'add_error_exist', 'Lỗi: Thành viên này đã là quản trị', 1728146692),
(1008, 4, 'lang_module', 'add_error_notexist', 'Lỗi: Thành viên này không tồn tại', 1728146692),
(1009, 4, 'lang_module', 'add_error_diff', 'Xảy ra lỗi không xác định', 1728146692),
(1010, 4, 'lang_module', 'action_account', 'Tài khoản thành viên', 1728146692),
(1011, 4, 'lang_module', 'action_account_nochange', 'Giữ nguyên tài khoản thành viên', 1728146692),
(1012, 4, 'lang_module', 'action_account_suspend', 'Khóa tài khoản thành viên', 1728146692),
(1013, 4, 'lang_module', 'action_account_del', 'Xóa tài khoản thành viên', 1728146692),
(1014, 4, 'lang_module', 'module_admin', 'Phân quyền hệ thống', 1728146692),
(1015, 4, 'lang_module', 'users', 'Tài khoản', 1728146692),
(1016, 4, 'lang_module', 'number', 'STT', 1728146692),
(1017, 4, 'lang_module', 'module', 'Tên module', 1728146692),
(1018, 4, 'lang_module', 'custom_title', 'Tiêu đề', 1728146692),
(1019, 4, 'lang_module', 'main_module', 'Module trang chính', 1728146692),
(1020, 4, 'lang_module', 'themeadmin', 'Giao diện người quản trị', 1728146692),
(1021, 4, 'lang_module', 'theme_default', 'Mặc định theo cấu hình site', 1728146692),
(1022, 4, 'lang_module', '2step_manager', 'Quản lý xác thực hai bước', 1728146692),
(1023, 4, 'lang_module', '2step_code_off', 'Xác thực hai bước bằng ứng dụng đang tắt', 1728146692),
(1024, 4, 'lang_module', '2step_code_on', 'Xác thực hai bước bằng ứng dụng đang bật', 1728146692),
(1025, 4, 'lang_module', '2step_oauth', 'Xác thực hai bước bằng Oauth', 1728146692),
(1026, 4, 'lang_module', '2step_oauth_gate', 'Cổng Oauth', 1728146692),
(1027, 4, 'lang_module', '2step_oauth_email_or_id', 'Email hoặc ID', 1728146692),
(1028, 4, 'lang_module', '2step_oauth_empty', 'Chưa có tài khoản xác thực nào', 1728146692),
(1029, 4, 'lang_module', '2step_add_google', 'Thêm tài khoản Google', 1728146692),
(1030, 4, 'lang_module', '2step_add_zalo', 'Thêm tài khoản Zalo', 1728146692),
(1031, 4, 'lang_module', '2step_add_facebook', 'Thêm tài khoản Facebook', 1728146692),
(1032, 4, 'lang_module', '2step_delete_all', 'Gỡ tất cả', 1728146692),
(1033, 4, 'lang_module', '2step_error_oauth_exists', 'Tài khoản này đã có trong danh sách xác thực', 1728146692),
(1034, 4, 'lang_module', '2step_addtime', 'Thêm lúc', 1728146692),
(1035, 4, 'lang_module', '2step_oauth_add_mail_subject', 'Định cấu hình Xác thực hai bước bằng Oauth đã hoàn tất', 1728146692),
(1036, 4, 'lang_module', '2step_oauth_add_mail_content', 'Xin chào, %1$s!<br /><br />Ban quản trị website %2$s xin thông báo:<br />Việc xác thực đăng nhập quản trị của bạn bằng Oauth đã được thiết lập thành công. Bạn có thể sử dụng tài khoản %3$s của nhà cung cấp %4$s để xác thực mỗi khi đăng nhập vào quản trị hệ thống.<br /><br />Ban quản trị website', 1728146692),
(1037, 4, 'lang_module', '2step_oauth_del_mail_subject', 'Định cấu hình Xác thực hai bước bằng Oauth đã bị hủy', 1728146692),
(1038, 4, 'lang_module', '2step_oauth_del_mail_content', 'Xin chào, %1$s!<br /><br />Ban quản trị website %2$s xin thông báo:<br />Theo yêu cầu của bạn, việc xác thực hai bước bằng Oauth đã hủy thành công. Bạn đã không thể sử dụng tài khoản %3$s của nhà cung cấp %4$s để xác thực đăng nhập vào quản trị hệ thống.<br /><br />Ban quản trị website', 1728146692),
(1039, 4, 'lang_module', '2step_oauth_dels_mail_content', 'Xin chào, %1$s!<br /><br />Ban quản trị website %2$s xin thông báo:<br />Theo yêu cầu của bạn, việc xác thực hai bước bằng Oauth đã hủy thành công. Bạn đã không thể sử dụng các tài khoản %3$s để xác thực đăng nhập vào quản trị hệ thống.<br /><br />Ban quản trị website', 1728146692),
(1040, 4, 'lang_module', 'api_addtime', 'Tạo lúc', 1728146692),
(1041, 4, 'lang_module', 'api_edittime', 'Cập nhật', 1728146692),
(1042, 4, 'lang_module', 'api_roles', 'Quản lý API Roles', 1728146692),
(1043, 4, 'lang_module', 'api_roles_list', 'Danh sách API Roles', 1728146692),
(1044, 4, 'lang_module', 'api_roles_empty', 'Chưa có API Role nào được thêm. Mời bạn hoàn thành mẫu bên dưới để thêm mới API Role', 1728146692),
(1045, 4, 'lang_module', 'api_roles_add', 'Tạo mới API Role', 1728146692),
(1046, 4, 'lang_module', 'api_roles_edit', 'Sửa API Role', 1728146692),
(1047, 4, 'lang_module', 'api_roles_title', 'Tên gọi API Role', 1728146692),
(1048, 4, 'lang_module', 'api_roles_description', 'Mô tả API Role', 1728146692),
(1049, 4, 'lang_module', 'api_roles_allowed', 'Các API được phép truy cập', 1728146692),
(1050, 4, 'lang_module', 'api_roles_error_title', 'Lỗi: Chưa nhập tên gọi API Role', 1728146692),
(1051, 4, 'lang_module', 'api_roles_error_exists', 'Lỗi: Tên gọi API Role này đã có, mời nhập tên gọi khác để tránh nhầm lẫn', 1728146692),
(1052, 4, 'lang_module', 'api_roles_error_role', 'Lỗi: Chưa có API nào được chọn', 1728146692),
(1053, 4, 'lang_module', 'api_roles_api_doesnt_exist', 'Không nhận diện được API', 1728146692),
(1054, 4, 'lang_module', 'api_roles_checkall', 'Chọn tất cả', 1728146692),
(1055, 4, 'lang_module', 'api_roles_uncheckall', 'Bỏ chọn tất cả', 1728146692),
(1056, 4, 'lang_module', 'api_roles_detail', 'Chi tiết các API của', 1728146692),
(1057, 4, 'lang_module', 'api_role_notice', 'Lưu ý: Tùy theo cấp độ của tài khoản quản trị được cấp phép mà các API được quyền sử dụng trong mỗi API Role sẽ được xác định lại', 1728146692),
(1058, 4, 'lang_module', 'api_role_notice_lang', 'Các API của hệ thống sẽ hiệu lực đối với tất cả các ngôn ngữ. Các API của module chỉ có hiệu lực đối với ngôn ngữ hiện tại.', 1728146692),
(1059, 4, 'lang_module', 'api_of_system', 'Hệ thống', 1728146692),
(1060, 4, 'lang_module', 'api_cr', 'Quyền truy cập API', 1728146692),
(1061, 4, 'lang_module', 'api_cr_error_role_empty', 'Chưa có API Role được tạo, hãy tạo API Role trước. Hệ thống sẽ tự động chuyển trến trang tạo API Role trong giây lát', 1728146692),
(1062, 4, 'lang_module', 'api_remote_off', 'Remote API <strong>đang tắt</strong>, các tài khoản được phép truy cập API bên dưới sẽ không thể thực hiện các cuộc gọi API. Để thực hiện được cuộc gọi API, hãy <strong><a href=\"%s\" target=\"_blank\">bật Remote API tại đây</a></strong>', 1728146692),
(1063, 4, 'lang_module', 'api_cr_last_access_none', 'Chưa', 1728146692),
(1064, 4, 'lang_module', 'api_cr_last_access', 'Dùng gần đây', 1728146692),
(1065, 4, 'lang_module', 'api_cr_add', 'Thêm quyền truy cập API', 1728146692),
(1066, 4, 'lang_module', 'api_cr_edit', 'Sửa quyền truy cập API', 1728146692),
(1067, 4, 'lang_module', 'api_cr_title', 'Mô tả quyền', 1728146692),
(1068, 4, 'lang_module', 'api_cr_for_admin', 'Chọn quản trị', 1728146692),
(1069, 4, 'lang_module', 'api_cr_roles', 'Chọn API Role', 1728146692),
(1070, 4, 'lang_module', 'api_cr_roles1', 'API Role', 1728146692),
(1071, 4, 'lang_module', 'api_cr_error_title', 'Lỗi: Vui lòng nhập mô tả quyền truy cập API', 1728146692),
(1072, 4, 'lang_module', 'api_cr_error_admin', 'Lỗi: Vui lòng chọn quản trị', 1728146692),
(1073, 4, 'lang_module', 'api_cr_error_roles', 'Lỗi: Vui lòng chọn API Role', 1728146692),
(1074, 4, 'lang_module', 'api_cr_result', 'Dưới đây là khóa truy cập và mã bí mật. Bạn cần lưu trữ lại mã bí mật ở một nơi an toàn trước khi thoát khỏi màn hình này. Sau khi thoát khỏi màn hình này bạn sẽ không thể lấy lại mã bí mật. Nếu bị mất khóa truy cập và mã bí mật bạn cần phải tạo lại quyền truy cập API khác.', 1728146692),
(1075, 4, 'lang_module', 'api_cr_credential_ident', 'Khóa truy cập', 1728146692),
(1076, 4, 'lang_module', 'api_cr_credential_secret', 'Mã bí mật', 1728146692),
(1077, 4, 'lang_module', 'api_cr_back', 'Đã sao chép xong', 1728146692),
(1078, 4, 'lang_module', 'api_cr_notice', 'Chú ý: Giữ an toàn cho mã bí mật và khóa truy cập đặc biệt là mã bí mật. Nếu mã bí mật và khóa truy cập bị lộ, kẻ phá hoại có thể thực hiện các thao tác không mong muốn', 1728146692),
(1079, 4, 'lang_module', 'api_cr_ips', 'IP Truy cập API', 1728146692),
(1080, 4, 'lang_module', 'credential_ips_help', 'Nhập mỗi IP một dòng, truy vấn từ các IP này được phép thực hiện', 1728146692),
(1081, 4, 'lang_module', 'api_cr_auth_method', 'Phương thức xác thực', 1728146692),
(1082, 4, 'lang_module', 'api_cr_auth_method_password_verify', 'password_verify (khuyên dùng)', 1728146692),
(1083, 4, 'lang_module', 'api_cr_auth_method_none', 'Không xác thực, dùng trong việc phát triển', 1728146692),
(1084, 4, 'lang_module', 'api_System', 'Các chức năng hệ thống', 1728146692),
(1085, 4, 'lang_module', 'api_System_SendMail', 'Gửi email', 1728146692),
(1086, 4, 'lang_module', 'other_info', 'Thông tin khác', 1728146692),
(1087, 4, 'lang_module', 'value_copied', 'Giá trị đã được sao chép vào bộ nhớ', 1728146692),
(1088, 5, 'lang_module', 'main', 'Thông tin chung', 1728146692),
(1089, 5, 'lang_module', 'database_info', 'Thông tin chung về CSDL &ldquo;<strong>%s</strong>&rdquo;', 1728146692),
(1090, 5, 'lang_module', 'tables_info', 'Các Table thuộc CSDL &ldquo;<strong>%s</strong>&rdquo;', 1728146692),
(1091, 5, 'lang_module', 'table_caption', 'Thông tin chung về table &ldquo;<strong>%s</strong>&rdquo;', 1728146692),
(1092, 5, 'lang_module', 'table_row_caption', 'Thông tin về các trường của table &ldquo;<strong>%s</strong>&rdquo;', 1728146692),
(1093, 5, 'lang_module', 'db_host_info', 'Máy chủ', 1728146692),
(1094, 5, 'lang_module', 'db_sql_version', 'Phiên bản máy chủ', 1728146692),
(1095, 5, 'lang_module', 'db_proto_info', 'Phiên bản giao thức', 1728146692),
(1096, 5, 'lang_module', 'server', 'Tên máy chủ', 1728146692),
(1097, 5, 'lang_module', 'db_dbname', 'Tên CSDL', 1728146692),
(1098, 5, 'lang_module', 'db_uname', 'Tài khoản truy cập CSDL', 1728146692),
(1099, 5, 'lang_module', 'db_charset', 'Bảng mã CSDL', 1728146692),
(1100, 5, 'lang_module', 'db_collation', 'Mã so sánh CSDL', 1728146692),
(1101, 5, 'lang_module', 'db_time_zone', 'Múi giờ của CSDL', 1728146692),
(1102, 5, 'lang_module', 'table_name', 'Tên Table', 1728146692),
(1103, 5, 'lang_module', 'table_size', 'Dung lượng', 1728146692),
(1104, 5, 'lang_module', 'table_max_size', 'DL tối đa', 1728146692),
(1105, 5, 'lang_module', 'table_datafree', 'DL Thừa', 1728146692),
(1106, 5, 'lang_module', 'table_numrow', 'Dòng', 1728146692),
(1107, 5, 'lang_module', 'table_charset', 'Mã', 1728146692),
(1108, 5, 'lang_module', 'table_type', 'Loại', 1728146692),
(1109, 5, 'lang_module', 'row_format', 'Kiểu dữ liệu', 1728146692),
(1110, 5, 'lang_module', 'table_auto_increment', 'Số tự động', 1728146692),
(1111, 5, 'lang_module', 'table_create_time', 'Khởi tạo', 1728146692),
(1112, 5, 'lang_module', 'table_update_time', 'Cập nhật', 1728146692),
(1113, 5, 'lang_module', 'table_check_time', 'Kiểm tra', 1728146692),
(1114, 5, 'lang_module', 'optimize', 'Tối ưu', 1728146692);
INSERT INTO `nv4_language` (`id`, `idfile`, `langtype`, `lang_key`, `lang_vi`, `update_vi`) VALUES
(1115, 5, 'lang_module', 'savefile', 'Lưu trên máy chủ', 1728146692),
(1116, 5, 'lang_module', 'download', 'Tải về', 1728146692),
(1117, 5, 'lang_module', 'download_now', 'Tải về dữ liệu hiện tại', 1728146692),
(1118, 5, 'lang_module', 'download_all', 'Cấu trúc và dữ liệu', 1728146692),
(1119, 5, 'lang_module', 'download_str', 'Cấu trúc', 1728146692),
(1120, 5, 'lang_module', 'ext_sql', 'Dạng file SQL', 1728146692),
(1121, 5, 'lang_module', 'ext_gz', 'Dạng file nén Gzip', 1728146692),
(1122, 5, 'lang_module', 'submit', 'Thực thi', 1728146692),
(1123, 5, 'lang_module', 'third', 'Tổng số bảng: %1$d; Tổng dung lượng: %2$s; Tổng dữ liệu thừa: %3$s', 1728146692),
(1124, 5, 'lang_module', 'optimize_result', 'Hệ thống đã tối ưu các tables:%1$sGiải phóng %2$s dữ liệu thừa', 1728146692),
(1125, 5, 'lang_module', 'nv_show_tab', 'Thông tin về table &ldquo;%s&rdquo;', 1728146692),
(1126, 5, 'lang_module', 'field_name', 'Tên trường', 1728146692),
(1127, 5, 'lang_module', 'field_type', 'Loại', 1728146692),
(1128, 5, 'lang_module', 'field_null', 'Bắt buộc', 1728146692),
(1129, 5, 'lang_module', 'field_key', 'Từ khóa', 1728146692),
(1130, 5, 'lang_module', 'field_default', 'Mặc định', 1728146692),
(1131, 5, 'lang_module', 'field_extra', 'Bổ sung', 1728146692),
(1132, 5, 'lang_module', 'php_code', 'Mã PHP', 1728146692),
(1133, 5, 'lang_module', 'sql_code', 'Mã SQL', 1728146692),
(1134, 5, 'lang_module', 'save_data', 'Lưu cơ sở dữ liệu', 1728146692),
(1135, 5, 'lang_module', 'save_error', 'Lỗi: Hệ thống không ghi được file<br /><br />Bạn cần kiểm tra lại thư mục: %1$s và cấp quyền được ghi đối với thư mục đó.', 1728146692),
(1136, 5, 'lang_module', 'save_ok', 'Lưu dữ liệu thành công.', 1728146692),
(1137, 5, 'lang_module', 'saved_return', 'Nhấp vào đây để xem danh sách các tập tin đã sao lưu và tải về.', 1728146692),
(1138, 5, 'lang_module', 'dump_autobackup', 'Kích hoạt tiện ích lưu CSDL', 1728146692),
(1139, 5, 'lang_module', 'dump_backup_ext', 'Định dạng lưu CSDL', 1728146692),
(1140, 5, 'lang_module', 'dump_interval', 'Lặp lại công việc sau', 1728146692),
(1141, 5, 'lang_module', 'dump_backup_day', 'Thời gian lưu file backup CSDL', 1728146692),
(1142, 5, 'lang_module', 'file_backup', 'Sao lưu dữ liệu', 1728146692),
(1143, 5, 'lang_module', 'file_nb', 'STT', 1728146692),
(1144, 5, 'lang_module', 'file_name', 'Tên file', 1728146692),
(1145, 5, 'lang_module', 'file_time', 'Thời gian backup', 1728146692),
(1146, 5, 'lang_module', 'file_size', 'Dung lượng', 1728146692),
(1147, 5, 'lang_module', 'sampledata', 'Xuất dữ liệu mẫu', 1728146692),
(1148, 5, 'lang_module', 'sampledata_note', 'Đây là cách xuất toàn bộ CSDL của website hiện tại ra file mẫu nhằm mục đích đóng gói chia sẻ toàn bộ website. Khi cài đặt mới hệ thống sẽ phục hồi lại dữ liệu cũ được đóng gói thay vì cài đặt dữ liệu mẫu ở bộ cài. Hãy hoàn thành các mục yêu cầu bên dưới sau đó nhấp nút thực hiện để bắt đầu quá trình', 1728146692),
(1149, 5, 'lang_module', 'sampledata_creat', 'Tạo mới gói dữ liệu mẫu', 1728146692),
(1150, 5, 'lang_module', 'sampledata_list', 'Danh sách các gói dữ liệu mẫu đã tạo', 1728146692),
(1151, 5, 'lang_module', 'sampledata_empty', 'Chưa có gói dữ liệu mẫu nào', 1728146692),
(1152, 5, 'lang_module', 'sampledata_start', 'Bắt đầu tạo', 1728146692),
(1153, 5, 'lang_module', 'sampledata_dat_init', 'Tiến trình bắt đầu chạy, vui lòng không tắt trình duyệt cho đến khi có thông báo hoàn thành hoặc thông báo lỗi. Hệ thống đang kiểm tra thông tin', 1728146692),
(1154, 5, 'lang_module', 'sampledata_name', 'Tên gói dữ liệu mẫu', 1728146692),
(1155, 5, 'lang_module', 'sampledata_name_rule', 'Chỉ nhập các ký tự từ a-z và 0-9', 1728146692),
(1156, 5, 'lang_module', 'sampledata_error_sys', 'Lỗi máy chủ, vui lòng tải lại trang và thực hiện lại', 1728146692),
(1157, 5, 'lang_module', 'sampledata_error_name', 'Vui lòng nhập tên gói dữ liệu mẫu', 1728146692),
(1158, 5, 'lang_module', 'sampledata_error_namerule', 'Vui lòng chỉ nhập các ký tự từ a-z và 0-9', 1728146692),
(1159, 5, 'lang_module', 'sampledata_error_exists', 'Gói dữ liệu mẫu này đã tồn tại, bằng cách nhấp vào nút <strong>Bắt đầu tạo</strong> lần nữa hệ thống sẽ ghi đè gói dữ liệu mẫu đã có. Nếu không muốn ghi đè, bạn hãy nhập tên khác', 1728146692),
(1160, 5, 'lang_module', 'sampledata_error_writetmp', 'Lỗi: Hệ thống không ghi được dữ liệu, hãy cấp quyền ghi cho thư mục %s sau đó thực hiện lại', 1728146692),
(1161, 5, 'lang_module', 'sampledata_success_1', 'Xuất dữ liệu thành công! Hệ thống đã ghi dữ liệu ra file. Bây giờ bạn có thể dọn dẹp hệ thống để xóa các file thừa sau đó xóa file config và đóng gói bộ code để chia sẻ.', 1728146692),
(1162, 5, 'lang_module', 'sampledata_success_2', 'Xuất dữ liệu thành công tuy nhiên hệ thống không ghi được ra file. Bạn có thể tải gói dữ liệu thủ công <a href=\"%s\"><strong>tại đây</strong>!</a>', 1728146692),
(1163, 6, 'lang_module', 'newest', 'Ứng dụng mới nhất', 1728146692),
(1164, 6, 'lang_module', 'popular', 'Ứng dụng phổ biến nhất', 1728146692),
(1165, 6, 'lang_module', 'featured', 'Ứng dụng khuyên dùng', 1728146692),
(1166, 6, 'lang_module', 'downloaded', 'Ứng dụng đã tải', 1728146692),
(1167, 6, 'lang_module', 'favorites', 'Ứng dụng đã đánh dấu', 1728146692),
(1168, 6, 'lang_module', 'empty_response', 'Không có bất kỳ dữ liệu nào phù hợp với yêu cầu này.', 1728146692),
(1169, 6, 'lang_module', 'extname', 'Tên ứng dụng', 1728146692),
(1170, 6, 'lang_module', 'author', 'Tác giả', 1728146692),
(1171, 6, 'lang_module', 'detail', 'Chi tiết', 1728146692),
(1172, 6, 'lang_module', 'install', 'Cài đặt', 1728146692),
(1173, 6, 'lang_module', 'price', 'Giá', 1728146692),
(1174, 6, 'lang_module', 'free', 'Miễn phí', 1728146692),
(1175, 6, 'lang_module', 'newest_version', 'Phiên bản mới nhất', 1728146692),
(1176, 6, 'lang_module', 'ext_type', 'Loại', 1728146692),
(1177, 6, 'lang_module', 'compatible', 'Tương thích', 1728146692),
(1178, 6, 'lang_module', 'incompatible', 'Không tương thích', 1728146692),
(1179, 6, 'lang_module', 'tab_info', 'Thông tin', 1728146692),
(1180, 6, 'lang_module', 'tab_guide', 'Hướng dẫn', 1728146692),
(1181, 6, 'lang_module', 'tab_files', 'Tải về khả dụng', 1728146692),
(1182, 6, 'lang_module', 'tab_images', 'Hình ảnh', 1728146692),
(1183, 6, 'lang_module', 'updatetime', 'Cập nhật', 1728146692),
(1184, 6, 'lang_module', 'view_hits', 'Lượt xem', 1728146692),
(1185, 6, 'lang_module', 'download_hits', 'Tải về', 1728146692),
(1186, 6, 'lang_module', 'rating_text', 'Đánh giá', 1728146692),
(1187, 6, 'lang_module', 'rating_text_detail', '%s điểm/%s đánh giá', 1728146692),
(1188, 6, 'lang_module', 'license', 'Giấy phép', 1728146692),
(1189, 6, 'lang_module', 'download', 'Tải xuống', 1728146692),
(1190, 6, 'lang_module', 'download_note', 'Sử dụng đường dẫn này để tải xuống máy tính cá nhân', 1728146692),
(1191, 6, 'lang_module', 'install_note', 'Sử dụng đường dẫn này để cài đặt trực tiếp', 1728146692),
(1192, 6, 'lang_module', 'file_name', 'Tên file', 1728146692),
(1193, 6, 'lang_module', 'file_version', 'Phiên bản', 1728146692),
(1194, 6, 'lang_module', 'types_0', 'Không rõ', 1728146692),
(1195, 6, 'lang_module', 'types_1', 'Modules', 1728146692),
(1196, 6, 'lang_module', 'types_2', 'Themes', 1728146692),
(1197, 6, 'lang_module', 'types_3', 'Blocks', 1728146692),
(1198, 6, 'lang_module', 'types_4', 'Cronjobs', 1728146692),
(1199, 6, 'lang_module', 'types_5', 'Khác', 1728146692),
(1200, 6, 'lang_module', 'file_type_0', 'Không rõ', 1728146692),
(1201, 6, 'lang_module', 'file_type_1', 'File cài đặt', 1728146692),
(1202, 6, 'lang_module', 'file_type_2', 'File hướng dẫn', 1728146692),
(1203, 6, 'lang_module', 'file_type_3', 'Loại file khác', 1728146692),
(1204, 6, 'lang_module', 'search_key', 'Nhập từ khóa', 1728146692),
(1205, 6, 'lang_module', 'search_go', 'Tìm', 1728146692),
(1206, 6, 'lang_module', 'detail_title', 'Chi tiết ứng dụng &quot;%s&quot;', 1728146692),
(1207, 6, 'lang_module', 'detail_empty_documentation', 'Ứng dụng này không có hướng dẫn', 1728146692),
(1208, 6, 'lang_module', 'detail_empty_images', 'Ứng dụng này không có ảnh minh họa', 1728146692),
(1209, 6, 'lang_module', 'install_title', 'Cài đặt ứng dụng &quot;%s&quot;', 1728146692),
(1210, 6, 'lang_module', 'install_getfile', 'Tìm kiếm phiên bản thích hợp', 1728146692),
(1211, 6, 'lang_module', 'install_getfile_error', 'Không có phiên bản nào thích hợp', 1728146692),
(1212, 6, 'lang_module', 'install_check_compatible', 'Kiểm tra tính tương thích', 1728146692),
(1213, 6, 'lang_module', 'install_check_compatible_error', 'Phiên bản không tương thích', 1728146692),
(1214, 6, 'lang_module', 'install_check_auto_install', 'Kiểm tra khả năng cài đặt tự động', 1728146692),
(1215, 6, 'lang_module', 'install_manual_install', 'Ứng dụng này không hỗ trợ cài đặt tự động, bạn có thể click vào nút tải về bện dưới và làm theo hướng dẫn để cài đặt ứng dụng thủ công', 1728146692),
(1216, 6, 'lang_module', 'install_manual_install_danger', 'Ứng dụng này không hỗ trợ cài đặt tự động, và cũng không có hướng dẫn cài đặt, bạn có thể click vào nút bên dưới để tải về cà cài đặt thủ công', 1728146692),
(1217, 6, 'lang_module', 'install_documentation', 'Hướng dẫn cài đặt', 1728146692),
(1218, 6, 'lang_module', 'install_check_installed', 'Kiểm tra ứng dụng chưa được cài đặt', 1728146692),
(1219, 6, 'lang_module', 'install_check_installed_error', 'Ứng dụng này đã tồn tại trên hệ thống. Để cài đặt mới, trước tiên cần xóa ứng dụng này khỏi hệ thống, nhấp <a href=\"%s\">Vào đây</a> để kiểm tra và xóa ứng dụng.', 1728146692),
(1220, 6, 'lang_module', 'install_check_installed_unsure', 'Hệ thống không thể kiểm tra kiểu ứng dụng này một cách tối ưu, có thể việc cài mới sẽ ghi đẽ nội dung cũ, bạn nên lưu ý trước khi cài đặt', 1728146692),
(1221, 6, 'lang_module', 'install_continue', 'Tiếp tục cài đặt', 1728146692),
(1222, 6, 'lang_module', 'install_cancel', 'Hủy cài đặt', 1728146692),
(1223, 6, 'lang_module', 'install_file_download', 'Tải về file cài đặt', 1728146692),
(1224, 6, 'lang_module', 'install_check_require', 'Kiểm tra ứng dụng bắt buộc', 1728146692),
(1225, 6, 'lang_module', 'install_check_require_fail', 'Để ứng dụng này có thể hoạt động, bạn cần phải cài đặt ứng dụng <strong>&quot;%s&quot;</strong> trước. Nhấp vào đây để xem thông tin về ứng dụng bắt buộc này', 1728146692),
(1226, 6, 'lang_module', 'install_check_paid', 'Kiểm tra thanh toán', 1728146692),
(1227, 6, 'lang_module', 'install_check_paid_await', 'Ứng dụng này đang trong quá trình thanh toán và đang chờ được xác nhận, việc cài đặt bị chặn cho đến khi hoàn tất thanh toán', 1728146692),
(1228, 6, 'lang_module', 'install_check_paid_nologin', 'Hệ thống yêu cầu bạn đăng nhập Merchant Site để kiểm tra việc thanh toán ứng dụng có phí. Nhấp vào đây để đăng nhập', 1728146692),
(1229, 6, 'lang_module', 'install_check_paid_unpaid', 'Ứng dụng này có phí, bạn cần mua ứng dụng trước khi có thể cài đặt. Nhấp vào đây để mua.', 1728146692),
(1230, 6, 'lang_module', 'download_error_preparam', 'Lỗi: Thiếu thông tin cần thiết', 1728146692),
(1231, 6, 'lang_module', 'download_error_save', 'Lỗi: Lưu file thất bại', 1728146692),
(1232, 6, 'lang_module', 'download_ok', 'Tải file thành công, hệ thống sẽ chuyển đến trang cài đặt trong giây lát', 1728146692),
(1233, 6, 'lang_module', 'login_pagetitle', 'Đăng nhập Merchant Site', 1728146692),
(1234, 6, 'lang_module', 'login_require', 'Chức năng này yêu cầu bạn phải đăng nhập. Nhấp <a href=\"%s\">Vào đây</a> để đăng nhập', 1728146692),
(1235, 6, 'lang_module', 'login_creat_merchant', 'Nếu chưa có tài khoản, click <a href=\"http://nukeviet.vn/store/merchant/manager/\">Vào đây</a> để tạo', 1728146692),
(1236, 6, 'lang_module', 'login_success', 'Đăng nhập thành công, hệ thống sẽ chuyển trang trong giây lát', 1728146692),
(1237, 6, 'lang_module', 'extUpd', 'Nâng cấp ứng dụng', 1728146692),
(1238, 6, 'lang_module', 'extUpdCheck', 'Kiểm tra gói nâng cấp', 1728146692),
(1239, 6, 'lang_module', 'extUpdCheckSuccess', 'Có thể nâng cấp', 1728146692),
(1240, 6, 'lang_module', 'extUpdCheckSuccessNote', 'Đang tải về gói nâng cấp, vui lòng đợi', 1728146692),
(1241, 6, 'lang_module', 'extUpdCheckStatus', 'Trạng thái', 1728146692),
(1242, 6, 'lang_module', 'extUpdNotLogin', 'Chưa đăng nhập', 1728146692),
(1243, 6, 'lang_module', 'extUpdLoginRequire', 'Để nâng cấp ứng dụng này, trước hết hệ thống yêu cần bạn đăng nhập Merchant Site. Nhấp <strong><a href=\"%s\">Vào đây</a></strong> để đăng nhập', 1728146692),
(1244, 6, 'lang_module', 'extUpdPaidRequire', 'Gói nâng cấp ứng dụng này có phí, bạn cần mua gói nâng cấp trước khi có thể nâng cấp. Nhấp <strong><a href=\"%s\">Vào đây</a></strong> để mua', 1728146692),
(1245, 6, 'lang_module', 'extUpdUnpaid', 'Chưa thanh toán', 1728146692),
(1246, 6, 'lang_module', 'extUpdInvalid', 'Không hợp lệ', 1728146692),
(1247, 6, 'lang_module', 'extUpdInvalidNote', 'Dữ liệu không hợp lệ, vui lòng kiểm tra lại', 1728146692),
(1248, 6, 'lang_module', 'extUpdErrorDownload', 'Lỗi tải gói nâng cấp', 1728146692),
(1249, 6, 'lang_module', 'get_update_error_file_download', 'Tải gói cập nhật thất bại', 1728146692),
(1250, 6, 'lang_module', 'get_update_ok', 'Gói nâng cấp an toàn, nhấp <a href=\"%s\">Vào đây</a> để tiến hành giải nén gói nâng cấp', 1728146692),
(1251, 6, 'lang_module', 'get_update_warning', 'Gói nâng cấp này có thể gây nguy hại đến website của bạn nếu có bất kỳ lỗi nào xảy ra, do đó bạn nên sao lưu toàn bộ website trước khi thực hiện, nhấp <a href=\"%s\">Vào đây</a> để tiến hành giải nén gói nâng cấp', 1728146692),
(1252, 6, 'lang_module', 'get_update_warning_permission_folder', 'Lỗi không thể tạo thư mục.', 1728146692),
(1253, 6, 'lang_module', 'get_update_error_movefile', 'Lỗi không thể di chuyển file', 1728146692),
(1254, 6, 'lang_module', 'get_update_cantunzip', 'Lỗi không thể giải nén. Hãy kiểm tra lại chmod các thư mục.', 1728146692),
(1255, 6, 'lang_module', 'get_update_okunzip', 'Giải nén thành công, hệ thống sẽ chuyển trang trong giây lát', 1728146692),
(1256, 6, 'lang_module', 'get_update_okunzip_link', 'Đến trang nâng cấp', 1728146692),
(1257, 6, 'lang_module', 'manage', 'Quản lý ứng dụng', 1728146692),
(1258, 6, 'lang_module', 'extType_module', 'Module', 1728146692),
(1259, 6, 'lang_module', 'extType_block', 'Block', 1728146692),
(1260, 6, 'lang_module', 'extType_theme', 'Giao diện', 1728146692),
(1261, 6, 'lang_module', 'extType_cronjob', 'Tiến trình tự động', 1728146692),
(1262, 6, 'lang_module', 'extType_other', 'Khác', 1728146692),
(1263, 6, 'lang_module', 'extType_sys', 'Hệ thống', 1728146692),
(1264, 6, 'lang_module', 'extType_admin', 'Phần quản trị', 1728146692),
(1265, 6, 'lang_module', 'install_package', 'Cài đặt gói ứng dụng', 1728146692),
(1266, 6, 'lang_module', 'install_package_alert', 'Cảnh báo: Việc cài đặt gói ứng dụng từ file nén là không an toàn, chỉ nên thực hiện trong trường hợp phát triển hoặc file có nguồn gốc rõ ràng. Để đảm bảo an toàn hãy cài đặt ứng dụng từ NukeViet Store.', 1728146692),
(1267, 6, 'lang_module', 'install_submit', 'Tải lên', 1728146692),
(1268, 6, 'lang_module', 'install_error_filetype', 'Lỗi: File cài đặt phải là định dạng file zip hoặc gz', 1728146692),
(1269, 6, 'lang_module', 'install_error_nofile', 'Lỗi: Chưa chọn file tải lên', 1728146692),
(1270, 6, 'lang_module', 'autoinstall_install', 'Cài đặt ứng dụng', 1728146692),
(1271, 6, 'lang_module', 'autoinstall_nomethod', 'Chưa xác định phương thức thực hiện', 1728146692),
(1272, 6, 'lang_module', 'autoinstall_uploadedfile', 'Thông tin ứng dụng được tải lên', 1728146692),
(1273, 6, 'lang_module', 'autoinstall_uploadedfilename', 'Tên file', 1728146692),
(1274, 6, 'lang_module', 'autoinstall_uploadedfilesize', 'Dung lượng', 1728146692),
(1275, 6, 'lang_module', 'autoinstall_uploaded_filenum', 'Tổng số file + folder', 1728146692),
(1276, 6, 'lang_module', 'autoinstall_uploaded_filelist', 'Danh sách các file', 1728146692),
(1277, 6, 'lang_module', 'autoinstall_uploaded_num_exists', 'Số file trùng', 1728146692),
(1278, 6, 'lang_module', 'autoinstall_uploaded_num_invalid', 'Số file cấu trúc không phù hợp', 1728146692),
(1279, 6, 'lang_module', 'autoinstall_error_uploadfile', 'Lỗi: không thể upload file lên hệ thống. Hãy kiểm tra lại hoặc chmod thư mục tmp', 1728146692),
(1280, 6, 'lang_module', 'autoinstall_error_uploadfile1', 'Lỗi: không thể upload file lên hệ thống. Hãy kiểm tra lại có thể dung lượng file vượt quá %s', 1728146692),
(1281, 6, 'lang_module', 'autoinstall_error_downloaded', 'Lỗi: Không tìm thấy file đã upload', 1728146692),
(1282, 6, 'lang_module', 'autoinstall_error_createfile', 'Lỗi: không thể lưu đệm danh sách file. Hãy kiểm tra lại hoặc chmod thư mục tmp', 1728146692),
(1283, 6, 'lang_module', 'autoinstall_error_invalidfile', 'Lỗi: File zip không hợp lệ', 1728146692),
(1284, 6, 'lang_module', 'autoinstall_error_check_fail', 'Lỗi: Ứng dụng này có cấu trúc không phù hợp và có thể gây nguy hại đến website. Để đảm bảo an toàn, hệ thống từ chối việc tiếp tục cài đặt ứng dụng này', 1728146692),
(1285, 6, 'lang_module', 'autoinstall_error_check_warning', 'Ứng dụng này có một số tệp tin hiện đã có trên hệ thống. Tiếp tục cài đặt, những tệp tin đó sẽ bị thay thế. Nếu bạn chắc chắn điều này an toàn, nhấp <strong><a href=\"#\">Vào đây</a></strong> để tiến hành giải nén và cài đặt.', 1728146692),
(1286, 6, 'lang_module', 'autoinstall_error_check_success', 'Ứng dụng này an toàn với hệ thống của bạn. Nhấp <strong><a href=\"#\">Vào đây</a></strong> để tiến hành giải nén và cài đặt.', 1728146692),
(1287, 6, 'lang_module', 'autoinstall_error_warning_permission_folder', 'Host không thể tạo thư mục do safe mod on', 1728146692),
(1288, 6, 'lang_module', 'autoinstall_cantunzip', 'Lỗi không thể giải nén. Hãy kiểm tra lại chmod các thư mục.', 1728146692),
(1289, 6, 'lang_module', 'autoinstall_unzip_success', 'Quá trình cài đặt thành công. Hệ thống sẽ tự động chuyển bạn sang khu vực thích hợp ngay bây giờ.', 1728146692),
(1290, 6, 'lang_module', 'autoinstall_unzip_setuppage', 'Đến trang quản lý ứng dụng.', 1728146692),
(1291, 6, 'lang_module', 'autoinstall_unzip_filelist', 'Danh sách file đã giải nén', 1728146692),
(1292, 6, 'lang_module', 'autoinstall_error_movefile', 'Việc cài đặt tự động không thể tiếp tục do host không hỗ trợ di chuyển các file sau khi giải nén.', 1728146692),
(1293, 6, 'lang_module', 'autoinstall_error_missing_cfg', 'File tải lên không hợp lệ vui lòng kiểm tra lại cách thức đóng gói ứng dụng', 1728146692),
(1294, 6, 'lang_module', 'autoinstall_error_cfg_content', 'Gói ứng dụng không đầy đủ thông tin, vui lòng kiểmt tra lại', 1728146692),
(1295, 6, 'lang_module', 'autoinstall_error_cfg_type', 'Loại ứng dụng không xác định', 1728146692),
(1296, 6, 'lang_module', 'autoinstall_error_cfg_version', 'Phiên bản ứng dụng không hợp lệ', 1728146692),
(1297, 6, 'lang_module', 'autoinstall_error_cfg_name', 'Tên ứng dụng theo loại ứng dụng không đúng chuẩn quy định', 1728146692),
(1298, 6, 'lang_module', 'autoinstall_error_mimetype', 'Cảnh báo: Hệ thống không kiểm tra được loại file của các tệp tin sau. Nếu chắc chắn các tệp tin đó không chứa mã độc, hãy nhấp nút &quot;Bỏ qua cảnh báo&quot;', 1728146692),
(1299, 6, 'lang_module', 'autoinstall_error_mimetype_pass', 'Bỏ qua cảnh báo', 1728146692),
(1300, 6, 'lang_module', 'autoinstall_note_invaild', 'Vị trí không được phép', 1728146692),
(1301, 6, 'lang_module', 'autoinstall_note_exists', 'Tệp tin đã tồn tại', 1728146692),
(1302, 6, 'lang_module', 'package', 'Đóng gói ứng dụng', 1728146692),
(1303, 6, 'lang_module', 'delele_ext_confirm', 'Bạn có chắc chắn xóa ứng dụng này, việc này sẽ không thể hoàn tác?', 1728146692),
(1304, 6, 'lang_module', 'delele_ext_theme_note_module', 'Bạn không thể xóa theme vì đang sử dụng cho module: %s, bạn cần cấu hình lại các module đó.', 1728146692),
(1305, 6, 'lang_module', 'delele_ext_success', 'Đã xóa thành công ứng dụng ra khỏi hệ thống!', 1728146692),
(1306, 6, 'lang_module', 'delele_ext_unsuccess', 'Có lỗi trong quá trình xóa!', 1728146692),
(1307, 6, 'lang_module', 'delele_ext_theme_delete_current_theme', 'Bạn không thể xóa theme hiện tại hệ thống đang sử dụng!', 1728146692),
(1308, 7, 'lang_module', 'order', 'Thứ tự', 1728146692),
(1309, 7, 'lang_module', 'nv_lang_data', 'Ngôn ngữ data', 1728146692),
(1310, 7, 'lang_module', 'site_lang', 'Ngôn ngữ mặc định', 1728146692),
(1311, 7, 'lang_module', 'nv_lang_interface', 'Ngôn ngữ giao diện', 1728146692),
(1312, 7, 'lang_module', 'nv_lang_setting', 'Cấu hình ngôn ngữ giao diện', 1728146692),
(1313, 7, 'lang_module', 'nv_admin_read', 'Đọc dữ liệu vào CSDL', 1728146692),
(1314, 7, 'lang_module', 'nv_admin_read_all', 'Đọc dữ liệu', 1728146692),
(1315, 7, 'lang_module', 'nv_admin_submit', 'Thực hiện', 1728146692),
(1316, 7, 'lang_module', 'nv_lang_module', 'Module', 1728146692),
(1317, 7, 'lang_module', 'nv_admin_write', 'Xuất ra file', 1728146692),
(1318, 7, 'lang_module', 'nv_admin_download', 'Download file', 1728146692),
(1319, 7, 'lang_module', 'nv_admin_delete', 'Xóa file', 1728146692),
(1320, 7, 'lang_module', 'nv_admin_write_all', 'Xuất tất cả các dữ liệu ra file', 1728146692),
(1321, 7, 'lang_module', 'nv_admin_edit', 'Sửa ngôn ngữ', 1728146692),
(1322, 7, 'lang_module', 'nv_admin_edit_save', 'Lưu thay đổi', 1728146692),
(1323, 7, 'lang_module', 'nv_lang_nb', 'STT', 1728146692),
(1324, 7, 'lang_module', 'nv_lang_area', 'Khu vực', 1728146692),
(1325, 7, 'lang_module', 'nv_lang_site', 'Site', 1728146692),
(1326, 7, 'lang_module', 'nv_lang_admin', 'Admin', 1728146692),
(1327, 7, 'lang_module', 'nv_lang_func', 'Chức năng', 1728146692),
(1328, 7, 'lang_module', 'nv_lang_key', 'Ký hiệu', 1728146692),
(1329, 7, 'lang_module', 'nv_lang_value', 'Giá trị', 1728146692),
(1330, 7, 'lang_module', 'nv_lang_note_edit', 'Lưu ý:các ô đầu tiên để bạn thêm mới biến, chỉ sử dụng các thẻ html', 1728146692),
(1331, 7, 'lang_module', 'nv_lang_author', 'Tác giả', 1728146692),
(1332, 7, 'lang_module', 'nv_lang_createdate', 'Ngày tạo', 1728146692),
(1333, 7, 'lang_module', 'nv_setting_read', 'Cấu hình đọc dữ liệu vào data', 1728146692),
(1334, 7, 'lang_module', 'nv_setting_type_0', 'Lưu tất cả các giá trị', 1728146692),
(1335, 7, 'lang_module', 'nv_setting_type_1', 'Chỉ lưu các giá trị chưa có lang_key', 1728146692),
(1336, 7, 'lang_module', 'nv_setting_type_2', 'Chỉ cập nhật các giá trị đã có biến lang_key', 1728146692),
(1337, 7, 'lang_module', 'nv_setting_save', 'Cập nhật cấu hình thành công', 1728146692),
(1338, 7, 'lang_module', 'nv_lang_show', 'Quản lý hiển thị ngôn ngữ', 1728146692),
(1339, 7, 'lang_module', 'nv_lang_name', 'Tên ngôn ngữ', 1728146692),
(1340, 7, 'lang_module', 'nv_lang_slsite', 'Hiển thị ngoài site', 1728146692),
(1341, 7, 'lang_module', 'nv_lang_native_name', 'Ngôn ngữ bản địa', 1728146692),
(1342, 7, 'lang_module', 'nv_lang_sl', ' Có thể chọn', 1728146692),
(1343, 7, 'lang_module', 'nv_lang_error_exit', 'Thông báo: hiện tại chưa có ngôn ngữ nào được đọc vào Cơ sở dữ liệu, <br /> <br />Hệ thống sẽ tự động chuyển sang phần đọc dữ liệu ngôn ngữ.', 1728146692),
(1344, 7, 'lang_module', 'nv_data_note', 'Để download ngôn ngữ mới truy cập website <a title=\"Site dịch Ngôn ngữ cho NukeViet 4\" href=\"http://translate.nukeviet.vn\" target=\"_blank\">Ngôn ngữ cho NukeViet 4</a>', 1728146692),
(1345, 7, 'lang_module', 'nv_data_note2', 'Để thêm mới ngôn ngữ dữ liệu, bạn cần <a title=\"Kích hoạt chức năng đa ngôn ngữ: Cấu hình -&gt; Cấu hình chung \" href=\"%s\">kích hoạt chức năng đa ngôn ngữ</a>.', 1728146692),
(1346, 7, 'lang_module', 'nv_setup', 'Đã được cài đặt', 1728146692),
(1347, 7, 'lang_module', 'nv_setup_new', 'Cài đặt mới', 1728146692),
(1348, 7, 'lang_module', 'nv_setup_delete', 'Xóa ngôn ngữ data', 1728146692),
(1349, 7, 'lang_module', 'nv_data_setup', 'Data Ngôn ngữ này đã được cài đặt', 1728146692),
(1350, 7, 'lang_module', 'nv_data_setup_ok', 'Cài đặt thành công!<br /><br /> Hệ thống sẽ chuyển tới phần cấu hình site của ngôn ngữ mới để bạn bắt đầu thiết lập các cấu hình cho trang ngôn ngữ mới.', 1728146692),
(1351, 7, 'lang_module', 'nv_lang_readok', 'Thực hiện xong việc đọc ngôn ngữ giao diện, hệ thống sẽ tự động chuyển sang danh sách các file. Nhấp vào đây nếu cảm thấy đợi lâu.', 1728146692),
(1352, 7, 'lang_module', 'nv_lang_deleteok', 'Thực hiện xong việc xóa ngôn ngữ giao diện.', 1728146692),
(1353, 7, 'lang_module', 'nv_lang_wite_ok', 'Thực hiện xong việc tạo file ngôn ngữ giao diện', 1728146692),
(1354, 7, 'lang_module', 'nv_lang_delete', 'Xóa ngôn ngữ giao diện', 1728146692),
(1355, 7, 'lang_module', 'nv_lang_delete_error', 'Có lỗi trong quá trình xóa file ngôn ngữ giao diện, bạn cần kiểm tra lại các file không được xóa.', 1728146692),
(1356, 7, 'lang_module', 'nv_error_write_file', 'Lỗi không ghi được file', 1728146692),
(1357, 7, 'lang_module', 'nv_error_write_module', 'Lỗi xác định được file của module', 1728146692),
(1358, 7, 'lang_module', 'nv_error_exit_module', 'Lỗi không tồn tại ngôn ngữ của module', 1728146692),
(1359, 7, 'lang_module', 'nv_lang_check', 'Kiểm tra ngôn ngữ', 1728146692),
(1360, 7, 'lang_module', 'nv_lang_data_source', 'Hiển thị cùng ngôn ngữ', 1728146692),
(1361, 7, 'lang_module', 'nv_lang_checkallarea', 'Tất cả các khu vực', 1728146692),
(1362, 7, 'lang_module', 'nv_lang_check_no_data', 'Không có kết quả nào được tìm thấy theo yêu cầu của bạn', 1728146692),
(1363, 7, 'lang_module', 'nv_check_type', 'Điều kiện kiểm tra ', 1728146692),
(1364, 7, 'lang_module', 'nv_check_type_0', 'Kiểm tra ngôn ngữ chưa được dịch', 1728146692),
(1365, 7, 'lang_module', 'nv_check_type_1', 'Kiểm tra ngôn ngữ giống nhau', 1728146692),
(1366, 7, 'lang_module', 'nv_check_type_2', 'Kiểm tra tất cả', 1728146692),
(1367, 7, 'lang_module', 'nv_lang_check_title', 'Kiểm tra các ngôn ngữ chưa được dịch', 1728146692),
(1368, 7, 'lang_module', 'countries', 'Ngôn ngữ theo quốc gia', 1728146692),
(1369, 7, 'lang_module', 'countries_name', 'Tên quốc gia', 1728146692),
(1370, 7, 'lang_module', 'lang_installed', 'Ngôn ngữ đã cài đặt', 1728146692),
(1371, 7, 'lang_module', 'lang_can_install', 'Ngôn ngữ chưa cài đặt', 1728146692),
(1372, 8, 'lang_module', 'modules', 'Thiết lập module mới', 1728146692),
(1373, 8, 'lang_module', 'blocks', 'Cấu hình các block', 1728146692),
(1374, 8, 'lang_module', 'language', 'Cài đặt ngôn ngữ', 1728146692),
(1375, 8, 'lang_module', 'setup', 'Thiết lập', 1728146692),
(1376, 8, 'lang_module', 'main', 'Danh sách modules', 1728146692),
(1377, 8, 'lang_module', 'edit', 'Sửa module &ldquo;%s&rdquo;', 1728146692),
(1378, 8, 'lang_module', 'edit_error_update_theme', 'Quá trình cập nhật module phát hiện thấy có giao diện %s không đúng chuẩn hoặc bị lỗi, hãy kiểm tra lại.', 1728146692),
(1379, 8, 'lang_module', 'caption_actmod', 'Danh sách các module đang hoạt động', 1728146692),
(1380, 8, 'lang_module', 'caption_deactmod', 'Danh sách các module đang ngưng hoạt động', 1728146692),
(1381, 8, 'lang_module', 'caption_badmod', 'Danh sách các module ngưng hoạt động vì lỗi', 1728146692),
(1382, 8, 'lang_module', 'caption_newmod', 'Danh sách các module chưa cài đặt', 1728146692),
(1383, 8, 'lang_module', 'module_name', 'Module', 1728146692),
(1384, 8, 'lang_module', 'custom_title', 'Tên gọi ngoài site', 1728146692),
(1385, 8, 'lang_module', 'site_title', 'Giá trị cho tiêu đề site', 1728146692),
(1386, 8, 'lang_module', 'admin_title', 'Tên gọi khu vực quản trị', 1728146692),
(1387, 8, 'lang_module', 'weight', 'Thứ tự', 1728146692),
(1388, 8, 'lang_module', 'in_menu', 'Top Menu', 1728146692),
(1389, 8, 'lang_module', 'submenu', 'Sub Menu', 1728146692),
(1390, 8, 'lang_module', 'version', 'Phiên bản', 1728146692),
(1391, 8, 'lang_module', 'settime', 'Thời gian cài đặt ', 1728146692),
(1392, 8, 'lang_module', 'author', 'Tác giả', 1728146692),
(1393, 8, 'lang_module', 'theme', 'Giao diện', 1728146692),
(1394, 8, 'lang_module', 'mobile', 'Giao diện cho Mobile', 1728146692),
(1395, 8, 'lang_module', 'theme_default', 'Mặc định theo cấu hình site', 1728146692),
(1396, 8, 'lang_module', 'theme_mobiledefault', 'Giao diện mobile theo cấu hình site', 1728146692),
(1397, 8, 'lang_module', 'theme_mobile_bymod', 'Giao diện PC theo cấu hình module', 1728146692),
(1398, 8, 'lang_module', 'theme_mobile_bysite', 'Giao diện PC theo cấu hình site', 1728146692),
(1399, 8, 'lang_module', 'keywords', 'Từ khóa tìm kiếm', 1728146692),
(1400, 8, 'lang_module', 'keywords_info', 'Phân cách bởi dấu phẩy', 1728146692),
(1401, 8, 'lang_module', 'funcs_list', 'Danh sách các function thuộc module &ldquo;%s&rdquo;', 1728146692),
(1402, 8, 'lang_module', 'funcs_title', 'Function', 1728146692),
(1403, 8, 'lang_module', 'funcs_alias', 'Alias', 1728146692),
(1404, 8, 'lang_module', 'funcs_custom_title', 'Tên gọi', 1728146692),
(1405, 8, 'lang_module', 'funcs_layout', 'Sử dụng layout', 1728146692),
(1406, 8, 'lang_module', 'funcs_in_submenu', 'Menu', 1728146692),
(1407, 8, 'lang_module', 'funcs_subweight', 'Thứ tự', 1728146692),
(1408, 8, 'lang_module', 'activate_rss', 'Kích hoạt chức năng rss', 1728146692),
(1409, 8, 'lang_module', 'activate_sitemap', 'Kích hoạt chức năng sitemap', 1728146692),
(1410, 8, 'lang_module', 'module_sys', 'Các module hệ thống', 1728146692),
(1411, 8, 'lang_module', 'vmodule', 'Các module ảo', 1728146692),
(1412, 8, 'lang_module', 'vmodule_add', 'Thêm module ảo', 1728146692),
(1413, 8, 'lang_module', 'vmodule_name', 'Tên module mới', 1728146692),
(1414, 8, 'lang_module', 'vmodule_file', 'Module gốc', 1728146692),
(1415, 8, 'lang_module', 'vmodule_note', 'Ghi chú', 1728146692),
(1416, 8, 'lang_module', 'vmodule_select', 'Chọn module', 1728146692),
(1417, 8, 'lang_module', 'vmodule_blockquote', 'Ghi chú: Tên module mới chỉ gồm các chữ cái, số và dấu gạch ngang.', 1728146692),
(1418, 8, 'lang_module', 'vmodule_exit', 'Lỗi: Module bạn đặt đã có trong hệ thống.', 1728146692),
(1419, 8, 'lang_module', 'vmodule_maxlength', 'Tối đa 50 ký tự', 1728146692),
(1420, 8, 'lang_module', 'back', 'Quay lại', 1728146692),
(1421, 8, 'lang_module', 'change_func_name', 'Đổi tên function \"%s\" của module \"%s\"', 1728146692),
(1422, 8, 'lang_module', 'change_func_sitetitle', 'Đổi tiêu đề site funtion \"%s\" của module \"%s\"', 1728146692),
(1423, 8, 'lang_module', 'change_fun_alias', 'Đổi tên alias \"%s\" của module \"%s\"', 1728146692),
(1424, 8, 'lang_module', 'description', 'Mô tả', 1728146692),
(1425, 8, 'lang_module', 'reinstall_module', 'Cài lại module', 1728146692),
(1426, 8, 'lang_module', 'reinstall_option', 'Chọn cách thức cài lại', 1728146692),
(1427, 8, 'lang_module', 'reinstall_option_0', 'Chỉ cài lại module', 1728146692),
(1428, 8, 'lang_module', 'reinstall_option_1', 'Cài lại module với dữ liệu mẫu', 1728146692),
(1429, 8, 'lang_module', 'reinstall_note1', 'Việc cài lại module sẽ làm mất toàn bộ dữ liệu, cấu hình hiện có của module và không thể khôi phục lại được', 1728146692),
(1430, 8, 'lang_module', 'reinstall_note2', 'Module này hỗ trợ một số dữ liệu mẫu để bạn có thể dễ dàng sử dụng', 1728146692),
(1431, 8, 'lang_module', 'reinstall_note3', 'Dữ liệu mẫu này hiện khả dụng đối với ngôn ngữ của bạn, bạn có thể cài vào nếu thấy cần thiết', 1728146692),
(1432, 8, 'lang_module', 'reinstall_note4', 'Dữ liệu mẫu này hiện không khả dụng đối với ngôn ngữ của bạn, tuy nhiên hệ thống tìm thấy dữ liệu mẫu bằng ngôn ngữ Tiếng Anh, bạn có thể cài vào nếu thấy cần thiết', 1728146692),
(1433, 8, 'lang_module', 'setup_option', 'Lựa chọn phương án', 1728146692),
(1434, 8, 'lang_module', 'setup_option_0', 'Chỉ thiết lập module', 1728146692),
(1435, 8, 'lang_module', 'setup_option_1', 'Thiết lập module và cài đặt dữ liệu mẫu', 1728146692),
(1436, 8, 'lang_module', 'module_groups_view_note', 'Quản trị tối cao, điều hành chung, người quản trị module luôn được quyền xem module', 1728146692),
(1437, 9, 'lang_module', 'pagetitle', 'Cấu hình tag \"title\"', 1728146692),
(1438, 9, 'lang_module', 'metaTagsConfig', 'Cấu hình Meta-Tags', 1728146692),
(1439, 9, 'lang_module', 'linkTagsConfig', 'Cấu hình Link-Tags', 1728146692),
(1440, 9, 'lang_module', 'sitemapPing', 'Sitemap Ping', 1728146692),
(1441, 9, 'lang_module', 'searchEngine', 'Máy chủ tìm kiếm', 1728146692),
(1442, 9, 'lang_module', 'searchEngineConfig', 'Quản lý Máy chủ tìm kiếm', 1728146692),
(1443, 9, 'lang_module', 'searchEngineName', 'Tên Máy chủ tìm kiếm', 1728146692),
(1444, 9, 'lang_module', 'searchEngineActive', 'Kích hoạt', 1728146692),
(1445, 9, 'lang_module', 'searchEngineSelect', 'Hãy chọn Máy chủ', 1728146692),
(1446, 9, 'lang_module', 'sitemapModule', 'Hãy chọn Module', 1728146692),
(1447, 9, 'lang_module', 'sitemapView', 'Xem Sitemap', 1728146692),
(1448, 9, 'lang_module', 'sitemapSend', 'Gửi đi', 1728146692),
(1449, 9, 'lang_module', 'PingNotSupported', 'PING không được hỗ trợ', 1728146692),
(1450, 9, 'lang_module', 'pleasePingAgain', 'Bạn vừa mới gửi đi rồi. Hãy đợi một thời gian nữa', 1728146692),
(1451, 9, 'lang_module', 'searchEngineValue', 'Đường dẫn để PING', 1728146692),
(1452, 9, 'lang_module', 'searchEngineFailed', 'Lỗi link để ping', 1728146692),
(1453, 9, 'lang_module', 'pingOK', 'Hệ thống đã gửi file Sitemap thành công. Việc này có thể được thực hiện lại sau 60 phút', 1728146692),
(1454, 9, 'lang_module', 'submit', 'Thực hiện', 1728146692),
(1455, 9, 'lang_module', 'weight', 'Stt', 1728146692),
(1456, 9, 'lang_module', 'robots', 'Cấu hình file robots.txt', 1728146692),
(1457, 9, 'lang_module', 'robots_number', 'Số thứ tự', 1728146692),
(1458, 9, 'lang_module', 'robots_filename', 'Tên file', 1728146692),
(1459, 9, 'lang_module', 'robots_type', 'Chế độ', 1728146692),
(1460, 9, 'lang_module', 'robots_type_0', 'Cấm truy cập', 1728146692),
(1461, 9, 'lang_module', 'robots_type_1', 'Không hiển thị trong file robots.txt', 1728146692),
(1462, 9, 'lang_module', 'robots_type_2', 'Cho phép truy cập', 1728146692),
(1463, 9, 'lang_module', 'robots_error_writable', 'Lỗi: Hệ thống không ghi được file robots.txt, hãy tạo file robots.txt với nội dung bên dưới và đặt vào thư mục gốc của website', 1728146692),
(1464, 9, 'lang_module', 'pagetitle2', 'Phương án hiển thị tag \"title\"', 1728146692),
(1465, 9, 'lang_module', 'pagetitleNote', '<strong>Chấp nhận các biến:</strong><br /><br />- <strong>pagetitle</strong>: Tiêu đề trang được xác định trong từng trường hợp cụ thể,<br />- <strong>funcname</strong>: Tên function,<br />- <strong>modulename</strong>: Tên module,<br />- <strong>sitename</strong>: Tên của site', 1728146692),
(1466, 9, 'lang_module', 'metaTagsGroupName', 'Kiểu Nhóm', 1728146692),
(1467, 9, 'lang_module', 'metaTagsGroupValue', 'Tên Nhóm', 1728146692),
(1468, 9, 'lang_module', 'metaTagsNote', 'Các Meta-Tags: \"%s\" được xác định tự động', 1728146692),
(1469, 9, 'lang_module', 'metaTagsVar', 'Chấp nhận các biến', 1728146692),
(1470, 9, 'lang_module', 'metaTagsContent', 'Nội dung', 1728146692),
(1471, 9, 'lang_module', 'metaTagsOgp', 'Kích hoạt meta-Tag Open Graph protocol', 1728146692),
(1472, 9, 'lang_module', 'metaTagsOgpNote', 'Open Graph protocol: là 1 chuẩn dữ liệu để chia sẻ dữ liệu lên facebook, xem chi tiết tại <a href=\"http://ogp.me\" target=\"_blank\">http://ogp.me</a>', 1728146692),
(1473, 9, 'lang_module', 'description_length', 'Số ký tự của thẻ meta tag description', 1728146692),
(1474, 9, 'lang_module', 'description_note', ' = 0 không giới hạn số ký tự', 1728146692),
(1475, 9, 'lang_module', 'private_site', 'Chặn các máy chủ tìm kiếm đánh chỉ mục website', 1728146692),
(1476, 9, 'lang_module', 'module', 'Module', 1728146692),
(1477, 9, 'lang_module', 'custom_title', 'Tên gọi ngoài site', 1728146692),
(1478, 9, 'lang_module', 'rpc', 'Dịch vụ PING', 1728146692),
(1479, 9, 'lang_module', 'rpc_setting', 'Cấu hình dịch vụ PING', 1728146692),
(1480, 9, 'lang_module', 'rpc_error_timeout', 'Vui lòng đợi %s nữa để tiếp tục Ping', 1728146692),
(1481, 9, 'lang_module', 'rpc_error_titleEmpty', 'Vui lòng khai báo tên của URL cần Ping', 1728146692),
(1482, 9, 'lang_module', 'rpc_error_urlEmpty', 'Vui lòng khai báo đúng URL cần Ping', 1728146692),
(1483, 9, 'lang_module', 'rpc_error_rsschannelEmpty', 'Vui lòng khai báo đúng kênh RSS của URL này', 1728146692),
(1484, 9, 'lang_module', 'rpc_error_serviceEmpty', 'Dịch vụ chưa khả dụng. Vui lòng thông báo đến Ban quản trị website', 1728146692),
(1485, 9, 'lang_module', 'rpc_error_unknown', 'Lỗi không xác định', 1728146692),
(1486, 9, 'lang_module', 'rpc_flerror0', 'PING thành công', 1728146692),
(1487, 9, 'lang_module', 'rpc_flerror1', 'Lỗi', 1728146692),
(1488, 9, 'lang_module', 'rpc_ftitle', 'PING là một tiện ích miễn phí giúp bạn nhanh chóng tạo chỉ mục cho các trang tin của mình trên các máy chủ tìm kiếm lớn.', 1728146692),
(1489, 9, 'lang_module', 'rpc_webtitle', 'Tiêu đề trang tin', 1728146692),
(1490, 9, 'lang_module', 'rpc_weblink', 'URL của trang tin', 1728146692),
(1491, 9, 'lang_module', 'rpc_rsslink', 'Kênh RSS của trang tin', 1728146692),
(1492, 9, 'lang_module', 'rpc_submit', 'PING !', 1728146692),
(1493, 9, 'lang_module', 'rpc_linkname', 'Máy chủ', 1728146692),
(1494, 9, 'lang_module', 'rpc_reruslt', 'Kết quả', 1728146692),
(1495, 9, 'lang_module', 'rpc_message', 'Thông tin', 1728146692),
(1496, 9, 'lang_module', 'rpc_ping', 'PING khi cập nhật dữ liệu', 1728146692),
(1497, 9, 'lang_module', 'rpc_ping_page', 'PING bài viết', 1728146692),
(1498, 9, 'lang_module', 'rpc_finish', 'Hoàn thành quá trình PING, bạn có muốn chuyển về trang quản lý bài viết ?', 1728146692),
(1499, 9, 'lang_module', 'ogp_image', 'Hình ảnh mặc định cho thẻ Open Graph<br />(kích thước tốt nhất: 1080px x 1080px)', 1728146692),
(1500, 9, 'lang_module', 'linkTags_attribute', 'Thuộc tính', 1728146692),
(1501, 9, 'lang_module', 'linkTags_value', 'Giá trị', 1728146692),
(1502, 9, 'lang_module', 'linkTags_add_attribute', 'Thêm thuộc tính', 1728146692),
(1503, 9, 'lang_module', 'linkTags_rel_val_required', 'Bạn cần khai báo giá trị của thuộc tính rel', 1728146692),
(1504, 9, 'lang_module', 'linkTags_add', 'Thêm thẻ link mới', 1728146692),
(1505, 9, 'lang_module', 'linkTags_acceptVars', 'Các biến được chấp nhận trong giá trị thuộc tính', 1728146692),
(1506, 9, 'lang_module', 'linkTags_del_confirm', 'Bạn thục sự muốn xoá?', 1728146692),
(1507, 10, 'lang_module', 'global_config', 'Cấu hình chung', 1728146692),
(1508, 10, 'lang_module', 'site_config', 'Cấu hình site', 1728146692),
(1509, 10, 'lang_module', 'lang_site_config', 'Cấu hình site Theo ngôn ngữ: %s', 1728146692),
(1510, 10, 'lang_module', 'bots_config', 'Máy chủ tìm kiếm', 1728146692),
(1511, 10, 'lang_module', 'ip_version', 'Loại IP', 1728146692),
(1512, 10, 'lang_module', 'site_domain', 'Tên miền chính của site', 1728146692),
(1513, 10, 'lang_module', 'sitename', 'Tên gọi của site', 1728146692),
(1514, 10, 'lang_module', 'theme', 'Giao diện mặc định cho PC', 1728146692),
(1515, 10, 'lang_module', 'mobile_theme', 'Giao diện mặc định cho Mobile', 1728146692),
(1516, 10, 'lang_module', 'themeadmin', 'Giao diện người quản trị', 1728146692),
(1517, 10, 'lang_module', 'default_module', 'Module mặc định trên trang chủ', 1728146692),
(1518, 10, 'lang_module', 'description', 'Mô tả của site', 1728146692),
(1519, 10, 'lang_module', 'rewrite', 'Bật chức năng rewrite', 1728146692),
(1520, 10, 'lang_module', 'rewrite_optional', 'Loại bỏ kí tự ngôn ngữ trên url', 1728146692),
(1521, 10, 'lang_module', 'rewrite_op_mod', 'Loại bỏ tên module trên url', 1728146692),
(1522, 10, 'lang_module', 'disable_content', 'Nội dung thông báo site ngưng hoạt động', 1728146692),
(1523, 10, 'lang_module', 'submit', 'Lưu cấu hình', 1728146692),
(1524, 10, 'lang_module', 'err_writable', 'Lỗi hệ thống không ghi được file: %s bạn cần cấu hình server cho phép ghi file này.', 1728146692),
(1525, 10, 'lang_module', 'err_supports_rewrite', 'Lỗi, Máy chủ của bạn không hỗ trợ module rewrite', 1728146692),
(1526, 10, 'lang_module', 'err_save_sysconfig', 'Các thay đổi đã được lưu lại tuy nhiên hệ thống không ghi được cấu hình ra file. Hãy cấp quyền ghi cho file %s sau đó thực hiện lại', 1728146692),
(1527, 10, 'lang_module', 'headers', 'Thiết lập tiêu đề HTTP', 1728146692),
(1528, 10, 'lang_module', 'security', 'Thiết lập an ninh', 1728146692),
(1529, 10, 'lang_module', 'flood_blocker', 'Chống flood', 1728146692),
(1530, 10, 'lang_module', 'is_flood_blocker', 'Kích hoạt tính năng chống flood', 1728146692),
(1531, 10, 'lang_module', 'max_requests_60', 'Số requests tối đa trong 1 phút', 1728146692),
(1532, 10, 'lang_module', 'max_requests_300', 'Số requests tối đa trong 5 phút', 1728146692),
(1533, 10, 'lang_module', 'max_requests_error', 'Lỗi: Cần nhập số request lớn hơn 0', 1728146692),
(1534, 10, 'lang_module', 'nv_anti_iframe', 'Chống IFRAME', 1728146692),
(1535, 10, 'lang_module', 'nv_anti_agent', 'Kiểm tra và chặn các máy tính nếu agent không có', 1728146692),
(1536, 10, 'lang_module', 'nv_allowed_html_tags', 'Mã HTML được chấp nhận sử dụng trong hệ thống', 1728146692),
(1537, 10, 'lang_module', 'nv_debug', 'Chế độ nhà phát triển', 1728146692),
(1538, 10, 'lang_module', 'nv_debug_help', 'Nếu bật tùy chọn này, hệ thống sẽ hiển thị các lỗi để giúp nhà phát triển dễ dàng kiểm tra trong quá trình lập trình. Nếu website đang hoạt động trên môi trường thật, bạn <strong>nên tắt</strong> tùy chọn này', 1728146692),
(1539, 10, 'lang_module', 'domains_restrict', 'Giới hạn tên miền ở các thẻ HTML nguy hiểm (iframe, object, embed...)', 1728146692),
(1540, 10, 'lang_module', 'domains_whitelist', 'Tên miền tin cậy (mỗi tên miền một dòng). Nếu kích hoạt giới hạn tên miền ở mục bên trên, hệ thống sẽ cho phép sử dụng tài nguyên, liên kết từ các tên miền này', 1728146692),
(1541, 10, 'lang_module', 'captcha', 'Cấu hình hiển thị captcha', 1728146692),
(1542, 10, 'lang_module', 'captcha_num', 'Số ký tự của captcha hình', 1728146692),
(1543, 10, 'lang_module', 'captcha_size', 'Kích thước của captcha hình', 1728146692),
(1544, 10, 'lang_module', 'recaptcha_ver', 'Phiên bản reCaptcha', 1728146692),
(1545, 10, 'lang_module', 'recaptcha_sitekey', 'Site key của reCaptcha', 1728146692),
(1546, 10, 'lang_module', 'recaptcha_secretkey', 'Secret key của reCaptcha', 1728146692),
(1547, 10, 'lang_module', 'recaptcha_type', 'Kiểu reCaptcha (chỉ cho phiên bản 2)', 1728146692),
(1548, 10, 'lang_module', 'recaptcha_type_image', 'Hình ảnh (nên chọn)', 1728146692),
(1549, 10, 'lang_module', 'recaptcha_type_audio', 'Âm thanh', 1728146692),
(1550, 10, 'lang_module', 'recaptcha_guide', 'Nhấp vào đây để lấy thông số Site key và Secret key.', 1728146692),
(1551, 10, 'lang_module', 'captcha_for_module', 'Kiểu captcha được áp dụng cho các module', 1728146692),
(1552, 10, 'lang_module', 'captcha_', 'Không sử dụng', 1728146692),
(1553, 10, 'lang_module', 'captcha_captcha', 'Captcha hình', 1728146692),
(1554, 10, 'lang_module', 'captcha_recaptcha', 'reCaptcha', 1728146692),
(1555, 10, 'lang_module', 'captcha_type_recaptcha_note', 'reCaptcha sẽ bị thay bằng Captcha hình cho đến khi bạn khai báo Site key và Secret key của reCaptcha', 1728146692),
(1556, 10, 'lang_module', 'select_all_as', 'Chọn tất cả là', 1728146692),
(1557, 10, 'lang_module', 'captcha_area', 'Khu vực áp dụng captcha của module Thành viên', 1728146692),
(1558, 10, 'lang_module', 'captcha_area_a', 'Admin đăng nhập', 1728146692),
(1559, 10, 'lang_module', 'captcha_area_l', 'Thành viên đăng nhập', 1728146692),
(1560, 10, 'lang_module', 'captcha_area_r', 'Khách đăng ký', 1728146692),
(1561, 10, 'lang_module', 'captcha_area_m', 'Khách khôi phục mail kích hoạt', 1728146692),
(1562, 10, 'lang_module', 'captcha_area_p', 'Khách thay mật khẩu', 1728146692),
(1563, 10, 'lang_module', 'captcha_comm', 'Đối tượng áp dụng captcha khi tham gia Bình luận', 1728146692),
(1564, 10, 'lang_module', 'captcha_comm_0', 'Không hiển thị', 1728146692),
(1565, 10, 'lang_module', 'captcha_comm_1', 'Nếu không phải là thành viên', 1728146692),
(1566, 10, 'lang_module', 'captcha_comm_2', 'Nếu không phải người quản lý bình luận', 1728146692),
(1567, 10, 'lang_module', 'captcha_comm_3', 'Hiển thị trong mọi trường hợp', 1728146692),
(1568, 10, 'lang_module', 'captcha_comm_select', 'Hãy chọn', 1728146692),
(1569, 10, 'lang_module', 'mail_sender_name', 'Tên người gửi', 1728146692),
(1570, 10, 'lang_module', 'mail_sender_name_default', 'Để trống hệ thống sẽ lấy từ giá trị được chỉ định (nếu có) hoặc tên site', 1728146692),
(1571, 10, 'lang_module', 'mail_sender_email', 'Email người gửi', 1728146692),
(1572, 10, 'lang_module', 'mail_sender_email_default', 'Để trống hệ thống sẽ lấy từ giá trị được chỉ định, email hệ thống hoặc email site tùy phương thức gửi mail. Lưu ý: Giá trị này có thể không có tác dụng tùy theo máy chủ gửi hoặc máy chủ nhận', 1728146692),
(1573, 10, 'lang_module', 'mail_reply_name', 'Tên người nhận phản hồi', 1728146692),
(1574, 10, 'lang_module', 'mail_reply_name_default', 'Khi không có tham số truyền vào lúc gửi mail, hệ thống sẽ lấy giá trị này. Bỏ trống hệ thống sẽ lấy từ tên site', 1728146692),
(1575, 10, 'lang_module', 'mail_reply_email', 'Email nhận phản hồi', 1728146692),
(1576, 10, 'lang_module', 'mail_reply_email_default', 'Khi không có tham số truyền vào lúc gửi mail, hệ thống sẽ lấy giá trị này. Bỏ trống hệ thống sẽ lấy từ email của site', 1728146692),
(1577, 10, 'lang_module', 'mail_force_sender', 'Cố định người gửi. Dùng để ép tất cả thông tin người gửi có giá trị theo cấu hình tại đây thay vì thông tin trong mỗi lần gửi', 1728146692),
(1578, 10, 'lang_module', 'mail_force_reply', 'Cố định người nhận phản hồi. Dùng để ép tất cả thông tin người nhận phản hồi có giá trị theo cấu hình tại đây thay vì thông tin trong mỗi lần gửi', 1728146692),
(1579, 10, 'lang_module', 'ftp_config', 'Cấu hình FTP', 1728146692),
(1580, 10, 'lang_module', 'smtp_config', 'Cấu hình gửi mail', 1728146692),
(1581, 10, 'lang_module', 'server', 'Server or Url', 1728146692),
(1582, 10, 'lang_module', 'port', 'Port', 1728146692),
(1583, 10, 'lang_module', 'username', 'User name', 1728146692),
(1584, 10, 'lang_module', 'password', 'Password', 1728146692),
(1585, 10, 'lang_module', 'ftp_path', 'Remote path', 1728146692),
(1586, 10, 'lang_module', 'mail_config', 'Lựa chọn phương thức', 1728146692),
(1587, 10, 'lang_module', 'type_smtp', 'SMTP', 1728146692),
(1588, 10, 'lang_module', 'type_linux', 'Linux Mail', 1728146692),
(1589, 10, 'lang_module', 'type_phpmail', 'PHPmail', 1728146692),
(1590, 10, 'lang_module', 'smtp_server', 'Cấu hình máy chủ gửi mail', 1728146692),
(1591, 10, 'lang_module', 'incoming_ssl', 'Sử dụng Xác thực', 1728146692),
(1592, 10, 'lang_module', 'verify_peer_ssl', 'Ssl verify peer', 1728146692),
(1593, 10, 'lang_module', 'verify_peer_ssl_yes', 'Có', 1728146692),
(1594, 10, 'lang_module', 'verify_peer_ssl_no', 'Không', 1728146692),
(1595, 10, 'lang_module', 'verify_peer_name_ssl', 'Ssl verify name peer', 1728146692),
(1596, 10, 'lang_module', 'outgoing', 'Máy chủ (SMTP) Thư Gửi đi', 1728146692),
(1597, 10, 'lang_module', 'outgoing_port', 'Cổng gửi mail', 1728146692),
(1598, 10, 'lang_module', 'smtp_username', 'Tài khoản gửi mail', 1728146692),
(1599, 10, 'lang_module', 'smtp_login', 'Tên Tài khoản', 1728146692),
(1600, 10, 'lang_module', 'smtp_pass', 'Mật khẩu', 1728146692),
(1601, 10, 'lang_module', 'smtp_error_openssl', 'Lỗi: Máy chủ của bạn không hỗ trợ gửi mail qua ssl', 1728146692),
(1602, 10, 'lang_module', 'smtp_test', 'Kiểm tra cấu hình', 1728146692),
(1603, 10, 'lang_module', 'smtp_test_subject', 'Email thử nghiệm', 1728146692),
(1604, 10, 'lang_module', 'smtp_test_message', 'Đây là email thử nghiệm để kiểm tra cấu hình gửi mail. Đơn giản bạn hãy xóa nó đi!', 1728146692),
(1605, 10, 'lang_module', 'smtp_test_success', 'Gửi email thành công', 1728146692),
(1606, 10, 'lang_module', 'smtp_test_fail', 'Gửi email thất bại', 1728146692),
(1607, 10, 'lang_module', 'smtp_test_note', 'Lưu ý: Nhấp lưu cấu hình nếu có thay đổi ở form trên trước khi kiểm tra cấu hình', 1728146692),
(1608, 10, 'lang_module', 'notify_email_error', 'Tạo cảnh báo hệ thống khi gửi email thất bại', 1728146692),
(1609, 10, 'lang_module', 'bot_name', 'Tên máy chủ ', 1728146692),
(1610, 10, 'lang_module', 'bot_agent', 'UserAgent của máy chủ', 1728146692),
(1611, 10, 'lang_module', 'bot_ips', 'IP của máy chủ', 1728146692),
(1612, 10, 'lang_module', 'bot_allowed', 'Quyền xem', 1728146692),
(1613, 10, 'lang_module', 'site_keywords', 'Từ khóa cho máy chủ tìm kiếm', 1728146692),
(1614, 10, 'lang_module', 'site_logo', 'Tên file logo của site', 1728146692),
(1615, 10, 'lang_module', 'site_banner', 'Tên file banner của site', 1728146692),
(1616, 10, 'lang_module', 'site_favicon', 'Tên file favicon của site', 1728146692),
(1617, 10, 'lang_module', 'site_email', 'Email của site', 1728146692),
(1618, 10, 'lang_module', 'error_set_logs', 'Ghi lại lỗi của hệ thống', 1728146692),
(1619, 10, 'lang_module', 'error_send_email', 'Email nhận thông báo lỗi', 1728146692),
(1620, 10, 'lang_module', 'lang_multi', 'Kích hoạt chức năng đa ngôn ngữ', 1728146692),
(1621, 10, 'lang_module', 'lang_geo', 'Kích hoạt chức năng xác định ngôn ngữ theo quốc gia', 1728146692),
(1622, 10, 'lang_module', 'lang_geo_config', 'Cấu hình chức năng xác định ngôn ngữ theo quốc gia', 1728146692),
(1623, 10, 'lang_module', 'site_lang', 'Ngôn ngữ mặc định', 1728146692),
(1624, 10, 'lang_module', 'site_timezone', 'Múi giờ của site', 1728146692),
(1625, 10, 'lang_module', 'current_time', 'Giờ hiện tại: %s', 1728146692),
(1626, 10, 'lang_module', 'date_pattern', 'Kiểu hiển thị ngày tháng năm', 1728146692),
(1627, 10, 'lang_module', 'time_pattern', 'Kiểu hiển thị giờ phút', 1728146692),
(1628, 10, 'lang_module', 'gzip_method', 'Bật chế độ gzip', 1728146692),
(1629, 10, 'lang_module', 'proxy_blocker', 'Kiểm tra và chặn các máy tính dùng proxy', 1728146692),
(1630, 10, 'lang_module', 'proxy_blocker_0', 'Không kiểm tra', 1728146692),
(1631, 10, 'lang_module', 'proxy_blocker_1', 'Kiểm tra nhẹ', 1728146692),
(1632, 10, 'lang_module', 'proxy_blocker_2', 'Kiểm tra vừa', 1728146692),
(1633, 10, 'lang_module', 'proxy_blocker_3', 'Kiểm tra tuyệt đối', 1728146692),
(1634, 10, 'lang_module', 'str_referer_blocker', 'Kích hoạt tiện ích kiểm tra và chuyển hướng các REFERER bên ngoài đến trang chủ', 1728146692),
(1635, 10, 'lang_module', 'my_domains', 'Các domain chạy site, cách nhau bởi dấu phảy', 1728146692),
(1636, 10, 'lang_module', 'searchEngineUniqueID', 'Google search Engine ID<br />(Có dạng 000329275761967753447:sr7yxqgv294 , <a href=\"http://nukeviet.vn/vi/faq/Su-dung-Google-Custom-Search-tren-NukeViet/\" target=\"_blank\">xem chi tiết</a>)', 1728146692),
(1637, 10, 'lang_module', 'variables', 'Cấu hình cookie session', 1728146692),
(1638, 10, 'lang_module', 'cookie_prefix', 'Tiến tố cookie', 1728146692),
(1639, 10, 'lang_module', 'session_prefix', 'Tiền tố session', 1728146692),
(1640, 10, 'lang_module', 'live_cookie_time', 'Thời gian tồn tại của cookie', 1728146692),
(1641, 10, 'lang_module', 'live_session_time', 'Thời gian tồn tại session', 1728146692),
(1642, 10, 'lang_module', 'live_session_time0', '=0 Tồn tại đến khi đóng trình duyệt', 1728146692),
(1643, 10, 'lang_module', 'cookie_secure', 'cookie secure', 1728146692),
(1644, 10, 'lang_module', 'cookie_httponly', 'cookie httponly', 1728146692);
INSERT INTO `nv4_language` (`id`, `idfile`, `langtype`, `lang_key`, `lang_vi`, `update_vi`) VALUES
(1645, 10, 'lang_module', 'cookie_SameSite', 'cookie SameSite', 1728146692),
(1646, 10, 'lang_module', 'cookie_secure_note', 'Cookie chỉ được gửi đến máy chủ khi một yêu cầu được thực hiện với giao thức https hoặc ở môi trường localhost', 1728146692),
(1647, 10, 'lang_module', 'cookie_httponly_note', 'Cấm JavaScript truy cập vào cookie, ví dụ thông qua thuộc tính Document.cookie', 1728146692),
(1648, 10, 'lang_module', 'cookie_SameSite_note', 'Cho phép kiểm soát việc trình duyệt gửi cookie khi trang gửi yêu cầu đến một miền khác', 1728146692),
(1649, 10, 'lang_module', 'cookie_SameSite_note2', 'Thuộc tính này chỉ có hiệu lực khi phiên bản php của máy chủ >= 7.3', 1728146692),
(1650, 10, 'lang_module', 'cookie_SameSite_Empty', 'Phụ thuộc vào trình duyệt', 1728146692),
(1651, 10, 'lang_module', 'cookie_SameSite_Lax', 'Cookie không được gửi theo các yêu cầu phụ đến trang web khác (ví dụ: tải hình ảnh), nhưng được gửi theo các yêu cầu đến trang web gốc', 1728146692),
(1652, 10, 'lang_module', 'cookie_SameSite_Strict', 'Cookie sẽ chỉ được gửi theo yêu cầu được thực hiện trên cùng một miền và sẽ không được gửi theo yêu cầu đến các trang web của bên thứ ba', 1728146692),
(1653, 10, 'lang_module', 'cookie_SameSite_None', 'Cookie sẽ được gửi trong tất cả các ngữ cảnh (Chỉ có tác dụng khi thuộc tính secure bật)', 1728146692),
(1654, 10, 'lang_module', 'is_user_forum', 'Chuyển quản lý thành viên cho diễn đàn', 1728146692),
(1655, 10, 'lang_module', 'banip', 'Quản lý IP cấm', 1728146692),
(1656, 10, 'lang_module', 'banip_ip', 'Ip', 1728146692),
(1657, 10, 'lang_module', 'banip_timeban', 'Thời gian bắt đầu', 1728146692),
(1658, 10, 'lang_module', 'banip_timeendban', 'Thời gian kết thúc', 1728146692),
(1659, 10, 'lang_module', 'banip_funcs', 'Chức năng', 1728146692),
(1660, 10, 'lang_module', 'banip_checkall', 'Chọn tất cả', 1728146692),
(1661, 10, 'lang_module', 'banip_uncheckall', 'Bỏ chọn tất cả', 1728146692),
(1662, 10, 'lang_module', 'banip_title_add', 'Thêm địa chỉ IP cấm', 1728146692),
(1663, 10, 'lang_module', 'banip_title_edit', 'Sửa địa chỉ IP cấm', 1728146692),
(1664, 10, 'lang_module', 'banip_address', 'Địa chỉ', 1728146692),
(1665, 10, 'lang_module', 'banip_begintime', 'Thời gian bắt đầu cấm', 1728146692),
(1666, 10, 'lang_module', 'banip_endtime', 'Thời gian bắt kết thúc', 1728146692),
(1667, 10, 'lang_module', 'banip_notice', 'Ghi chú', 1728146692),
(1668, 10, 'lang_module', 'banip_confirm', 'Chấp nhận', 1728146692),
(1669, 10, 'lang_module', 'banip_mask_select', 'Hãy chọn', 1728146692),
(1670, 10, 'lang_module', 'banip_area', 'Khu vực', 1728146692),
(1671, 10, 'lang_module', 'banip_nolimit', 'Vô thời hạn', 1728146692),
(1672, 10, 'lang_module', 'banip_area_select', 'Hãy chọn khu vực', 1728146692),
(1673, 10, 'lang_module', 'banip_noarea', 'Chưa xác định', 1728146692),
(1674, 10, 'lang_module', 'banip_del_success', 'Đã xóa thành công !', 1728146692),
(1675, 10, 'lang_module', 'banip_area_front', 'Ngoài site', 1728146692),
(1676, 10, 'lang_module', 'banip_area_admin', 'Khu vực admin', 1728146692),
(1677, 10, 'lang_module', 'banip_area_both', 'Cả admin và ngoài site', 1728146692),
(1678, 10, 'lang_module', 'banip_delete_confirm', 'Bạn có chắc muốn xóa ip này ra khỏi danh sách bị ban?', 1728146692),
(1679, 10, 'lang_module', 'banip_mask', 'Mask IP', 1728146692),
(1680, 10, 'lang_module', 'banip_edit', 'Sửa', 1728146692),
(1681, 10, 'lang_module', 'banip_delete', 'Xóa', 1728146692),
(1682, 10, 'lang_module', 'banip_error_ip', 'Hãy nhập Ip cần ban', 1728146692),
(1683, 10, 'lang_module', 'banip_error_area', 'Bạn cần chọn khu vực', 1728146692),
(1684, 10, 'lang_module', 'banip_error_validip', 'Lỗi: Bạn cần nhập IP đúng chuẩn', 1728146692),
(1685, 10, 'lang_module', 'banip_error_write', 'Lỗi: Bạn đã không cấp quyền để hệ thống có thể ghi file, hãy CHMOD thư mục <strong>%s</strong> ở chế độ 0777 hoặc \"Change permission\" để hệ thống có thể ghi file, nếu không hãy tạo file banip.php với nội dung bên dưới và đặt vào thư mục <strong>%s</strong>', 1728146692),
(1686, 10, 'lang_module', 'nv_admin_add', 'Thêm công việc', 1728146692),
(1687, 10, 'lang_module', 'nv_admin_edit', 'Sửa công việc', 1728146692),
(1688, 10, 'lang_module', 'nv_admin_del', 'Xóa công việc', 1728146692),
(1689, 10, 'lang_module', 'cron_name_empty', 'Bạn chưa khai báo tên của công việc', 1728146692),
(1690, 10, 'lang_module', 'file_not_exist', 'File mà bạn khai báo không tồn tại', 1728146692),
(1691, 10, 'lang_module', 'func_name_invalid', 'Bạn chưa khai báo tên hàm hoặc tên hàm không đúng quy định', 1728146692),
(1692, 10, 'lang_module', 'func_name_not_exist', 'Tên hàm bạn khai báo không tồn tại', 1728146692),
(1693, 10, 'lang_module', 'nv_admin_add_title', 'Để thêm công việc, bạn cần khai báo đầy đủ vào các ô trống dưới đây', 1728146692),
(1694, 10, 'lang_module', 'nv_admin_edit_title', 'Để sửa công việc, bạn cần khai báo đầy đủ vào các ô trống dưới đây', 1728146692),
(1695, 10, 'lang_module', 'cron_name', 'Tên công việc', 1728146692),
(1696, 10, 'lang_module', 'file_none', 'Không kết nối', 1728146692),
(1697, 10, 'lang_module', 'run_file', 'Kết nối với file thực thi', 1728146692),
(1698, 10, 'lang_module', 'run_file_info', 'File thực thi phải là một trong những file được chứa trong thư mục &ldquo;<strong>includes/cronjobs/</strong>&rdquo;', 1728146692),
(1699, 10, 'lang_module', 'run_func', 'Kết nối với hàm thực thi', 1728146692),
(1700, 10, 'lang_module', 'run_func_info', 'Hàm thực thi phải được bắt đầu bằng &ldquo;<strong>cron_</strong>&rdquo;', 1728146692),
(1701, 10, 'lang_module', 'params', 'Thông số', 1728146692),
(1702, 10, 'lang_module', 'params_info', 'Phân cách bởi dấu phẩy', 1728146692),
(1703, 10, 'lang_module', 'interval', 'Lặp lại công việc sau', 1728146692),
(1704, 10, 'lang_module', 'interval_info', 'Nếu chọn &ldquo;<strong>0</strong>&rdquo;, công việc sẽ được thực hiện 1 lần duy nhất', 1728146692),
(1705, 10, 'lang_module', 'start_time', 'Thời gian bắt đầu', 1728146692),
(1706, 10, 'lang_module', 'min', 'phút', 1728146692),
(1707, 10, 'lang_module', 'hour', 'giờ', 1728146692),
(1708, 10, 'lang_module', 'day', 'ngày', 1728146692),
(1709, 10, 'lang_module', 'month', 'tháng', 1728146692),
(1710, 10, 'lang_module', 'year', 'năm', 1728146692),
(1711, 10, 'lang_module', 'is_del', 'Xóa sau khi thực hiện xong', 1728146692),
(1712, 10, 'lang_module', 'isdel', 'Xóa', 1728146692),
(1713, 10, 'lang_module', 'notdel', 'Không', 1728146692),
(1714, 10, 'lang_module', 'is_sys', 'Công việc được tạo bởi', 1728146692),
(1715, 10, 'lang_module', 'system', 'Hệ thống', 1728146692),
(1716, 10, 'lang_module', 'client', 'Admin', 1728146692),
(1717, 10, 'lang_module', 'act', 'Tình trạng', 1728146692),
(1718, 10, 'lang_module', 'act0', 'Vô hiệu lực', 1728146692),
(1719, 10, 'lang_module', 'act1', 'Hiệu lực', 1728146692),
(1720, 10, 'lang_module', 'last_time', 'Lần thực hiện gần đây', 1728146692),
(1721, 10, 'lang_module', 'next_time', 'Lần thực hiện sắp tới', 1728146692),
(1722, 10, 'lang_module', 'last_time0', 'Chưa thực hiện lần nào', 1728146692),
(1723, 10, 'lang_module', 'last_result', 'Kết quả của lần thực hiện gần đây', 1728146692),
(1724, 10, 'lang_module', 'last_result_empty', 'n/a', 1728146692),
(1725, 10, 'lang_module', 'last_result0', 'Tồi', 1728146692),
(1726, 10, 'lang_module', 'last_result1', 'Đã hoàn thành', 1728146692),
(1727, 10, 'lang_module', 'cron_interval_type', 'Kiểu lặp lại (nếu có)', 1728146692),
(1728, 10, 'lang_module', 'cron_interval_type0', 'Sau thời gian khởi chạy trong CSDL', 1728146692),
(1729, 10, 'lang_module', 'cron_interval_type1', 'Sau thời gian khởi chạy thực tế', 1728146692),
(1730, 10, 'lang_module', 'closed_site', 'Chế độ đóng cửa site', 1728146692),
(1731, 10, 'lang_module', 'closed_site_0', 'Site hoạt động bình thường', 1728146692),
(1732, 10, 'lang_module', 'closed_site_1', 'Đóng cửa site chỉ có Quản trị tối cao truy cập', 1728146692),
(1733, 10, 'lang_module', 'closed_site_2', 'Đóng cửa site Người điều hành chung truy cập', 1728146692),
(1734, 10, 'lang_module', 'closed_site_3', 'Đóng cửa site Tất cả admin truy cập', 1728146692),
(1735, 10, 'lang_module', 'closed_site_reopening_time', 'Thời gian dự kiến mở lại', 1728146692),
(1736, 10, 'lang_module', 'ssl_https', 'Chuyển hướng các yêu cầu HTTP sang HTTPS', 1728146692),
(1737, 10, 'lang_module', 'ssl_https_module', 'Các module kích hoạt SSL', 1728146692),
(1738, 10, 'lang_module', 'ssl_https_0', 'Không', 1728146692),
(1739, 10, 'lang_module', 'ssl_https_1', 'Áp dụng trên toàn bộ site', 1728146692),
(1740, 10, 'lang_module', 'ssl_https_2', 'Áp dụng trong khu vực quản trị', 1728146692),
(1741, 10, 'lang_module', 'note_ssl', 'Bạn có chắc chắn site bạn hỗ trợ https không? Nếu không hỗ trợ sẽ không truy cập được các khu vực tương ứng sau khi lưu?', 1728146692),
(1742, 10, 'lang_module', 'timezoneAuto', 'Theo máy tính của khách truy cập', 1728146692),
(1743, 10, 'lang_module', 'timezoneByCountry', 'Theo quốc gia của khách truy cập', 1728146692),
(1744, 10, 'lang_module', 'allow_switch_mobi_des', 'Cho phép chuyển đổi giao diện mobile, desktop', 1728146692),
(1745, 10, 'lang_module', 'allow_theme_type', 'Các loại giao diện được sử dụng', 1728146692),
(1746, 10, 'lang_module', 'ftp_auto_detect_root', 'Xác định tự động', 1728146692),
(1747, 10, 'lang_module', 'ftp_error_full', 'Hãy nhập đủ các thông số để tự động nhận diện Remote path', 1728146692),
(1748, 10, 'lang_module', 'ftp_error_detect_root', 'Không thể tìm thấy thông số nào phù hợp, hãy kiểm tra lại tên đăng nhập và mật khẩu', 1728146692),
(1749, 10, 'lang_module', 'ftp_error_support', 'Máy chủ của bạn hiện đang chặn hoặc không hỗ trợ thư viện FTP, hãy liên hệ với nhà cung cấp để được kích hoạt.', 1728146692),
(1750, 10, 'lang_module', 'static_url', 'Hosting chứa các tệp tĩnh', 1728146692),
(1751, 10, 'lang_module', 'cdn_url', 'Hosting CDN cho javascript, css', 1728146692),
(1752, 10, 'lang_module', 'remote_api_access', 'Bật Remote API', 1728146692),
(1753, 10, 'lang_module', 'remote_api_access_help', 'Nếu tắt toàn bộ quyền truy cập API từ bên ngoài sẽ bị chặn. Các API bên trong vẫn sử dụng bình thường', 1728146692),
(1754, 10, 'lang_module', 'remote_api_log', 'Ghi lại nhật ký Remote API', 1728146692),
(1755, 10, 'lang_module', 'api_check_time', 'Thời gian sai lệch tối đa giữa Client và API Server', 1728146692),
(1756, 10, 'lang_module', 'plugin', 'Thiết lập Plugin', 1728146692),
(1757, 10, 'lang_module', 'plugin_info', 'Plugin thi phải là file php được chứa trong thư mục &ldquo;<strong>includes/plugin/</strong>&rdquo;. Các Plugin này sẽ luôn luôn chạy cùng hệ thống khi được kích hoạt', 1728146692),
(1758, 10, 'lang_module', 'plugin_file', 'File thực thi', 1728146692),
(1759, 10, 'lang_module', 'plugin_area', 'Khu vực', 1728146692),
(1760, 10, 'lang_module', 'plugin_area_1', 'Trước khi kết nối CSDL', 1728146692),
(1761, 10, 'lang_module', 'plugin_area_2', 'Trước khi gọi các module (cả quản trị và ngoài site)', 1728146692),
(1762, 10, 'lang_module', 'plugin_area_3', 'Trước khi website gửi nội dung tới trình duyệt', 1728146692),
(1763, 10, 'lang_module', 'plugin_area_4', 'Sau khi gọi các module', 1728146692),
(1764, 10, 'lang_module', 'plugin_area_5', 'Trước khi gọi các module (chỉ ngoài site)', 1728146692),
(1765, 10, 'lang_module', 'plugin_number', 'Số thứ tự', 1728146692),
(1766, 10, 'lang_module', 'plugin_func', 'Chức năng', 1728146692),
(1767, 10, 'lang_module', 'plugin_add', 'Thêm plugin', 1728146692),
(1768, 10, 'lang_module', 'plugin_file_delete', 'Xóa khỏi hệ thống', 1728146692),
(1769, 10, 'lang_module', 'notification_config', 'Cấu hình chức năng thông báo', 1728146692),
(1770, 10, 'lang_module', 'notification_active', 'Hiển thị thông báo khi có hoạt động mới', 1728146692),
(1771, 10, 'lang_module', 'notification_autodel', 'Tự động xóa thông báo sau thời gian', 1728146692),
(1772, 10, 'lang_module', 'notification_autodel_note', 'Điền <strong>0</strong> nếu không muốn tự động xóa', 1728146692),
(1773, 10, 'lang_module', 'notification_day', 'ngày', 1728146692),
(1774, 10, 'lang_module', 'is_login_blocker', 'Kích hoạt chức năng chặn đăng nhập sai nhiều lần', 1728146692),
(1775, 10, 'lang_module', 'login_number_tracking', 'Số lần đăng nhập sai tối đa trong khoảng thời gian theo dõi', 1728146692),
(1776, 10, 'lang_module', 'login_time_tracking', 'Thời gian theo dõi', 1728146692),
(1777, 10, 'lang_module', 'login_time_ban', 'Thời gian bị cấm đăng nhập', 1728146692),
(1778, 10, 'lang_module', 'two_step_verification', 'Yêu cầu xác thực đăng nhập hai bước tại', 1728146692),
(1779, 10, 'lang_module', 'two_step_verification0', 'Không yêu cầu', 1728146692),
(1780, 10, 'lang_module', 'two_step_verification1', 'Khu vực quản trị', 1728146692),
(1781, 10, 'lang_module', 'two_step_verification2', 'Khu vực ngoài site', 1728146692),
(1782, 10, 'lang_module', 'two_step_verification3', 'Tất cả các khu vực', 1728146692),
(1783, 10, 'lang_module', 'two_step_verification_note', 'Chú ý: Cấu hình này áp dụng cho toàn bộ tài khoản của các nhóm, nếu cần cấu hình riêng cho từng nhóm hãy chọn giá trị này là <strong>%s</strong> sau đó sửa <a href=\"%s\">nhóm</a> rồi chọn khu vực bắt buộc kích hoạt xác thực hai bước theo ý muốn', 1728146692),
(1784, 10, 'lang_module', 'admin_2step_opt', 'Các phương thức xác nhận hai bước được phép trong quản trị', 1728146692),
(1785, 10, 'lang_module', 'admin_2step_default', 'Phương thức xác nhận hai bước mặc định trong quản trị', 1728146692),
(1786, 10, 'lang_module', 'admin_2step_appconfig', 'Thiết lập ứng dụng tại đây', 1728146692),
(1787, 10, 'lang_module', 'site_phone', 'Số điện thoại của site', 1728146692),
(1788, 10, 'lang_module', 'noflood_ip_add', 'Thêm IP bỏ qua kiểm tra flood', 1728146692),
(1789, 10, 'lang_module', 'noflood_ip_edit', 'Sửa IP bỏ qua kiểm tra flood', 1728146692),
(1790, 10, 'lang_module', 'noflood_ip_list', 'Các IP bỏ qua kiểm tra flood', 1728146692),
(1791, 10, 'lang_module', 'cors', 'Thiết lập Cross-Site', 1728146692),
(1792, 10, 'lang_module', 'cors_site_restrict', 'Bảo vệ ngoài site', 1728146692),
(1793, 10, 'lang_module', 'cors_site_restrict_help', 'Kích hoạt chức năng này để chặn toàn bộ truy vấn từ bên ngoài vào khu vực ngoài site', 1728146692),
(1794, 10, 'lang_module', 'cors_site_valid_domains', 'Tên miền hợp lệ ngoài site', 1728146692),
(1795, 10, 'lang_module', 'cors_site_valid_ips', 'IP hợp lệ ngoài site', 1728146692),
(1796, 10, 'lang_module', 'cors_admin_restrict', 'Bảo vệ khu vực quản trị', 1728146692),
(1797, 10, 'lang_module', 'cors_admin_restrict_help', 'Kích hoạt chức năng này để chặn toàn bộ truy vấn từ bên ngoài vào khu vực quản trị', 1728146692),
(1798, 10, 'lang_module', 'cors_admin_valid_domains', 'Tên miền hợp lệ trong quản trị', 1728146692),
(1799, 10, 'lang_module', 'cors_admin_valid_ips', 'IP hợp lệ trong quản trị', 1728146692),
(1800, 10, 'lang_module', 'cors_valid_domains_help', 'Nhập mỗi tên miền một dòng (vui lòng nhập đầy đủ dạng http://yourdomain.com), truy vấn từ các tên miền này được phép thực hiện', 1728146692),
(1801, 10, 'lang_module', 'cors_valid_ips_help', 'Nhập mỗi IP một dòng, truy vấn từ các IP này được phép thực hiện', 1728146692),
(1802, 10, 'lang_module', 'allow_null_origin', 'Cho phép truy vấn POST với Origin NULL', 1728146692),
(1803, 10, 'lang_module', 'ip_allow_null_origin', 'IP được truy vấn POST với Origin NULL', 1728146692),
(1804, 10, 'lang_module', 'ip_allow_null_origin_help', 'Nhập mỗi IP một dòng, nếu để trống thì tất cả các IP đều được phép', 1728146692),
(1805, 10, 'lang_module', 'cookie_notice_popup', 'Bật cửa sổ thông báo sử dụng cookie khi người dùng truy cập website lần đầu', 1728146692),
(1806, 10, 'lang_module', 'smime_certificate', 'Chứng chỉ chữ ký email S/MIME', 1728146692),
(1807, 10, 'lang_module', 'smime_cn', 'Tên chung của chứng chỉ', 1728146692),
(1808, 10, 'lang_module', 'smime_issuer_cn', 'Tổ chức phát hành chứng chỉ', 1728146692),
(1809, 10, 'lang_module', 'smime_subjectAltName', 'Chứng nhận', 1728146692),
(1810, 10, 'lang_module', 'smime_validFrom', 'Chứng chỉ có giá trị từ', 1728146692),
(1811, 10, 'lang_module', 'smime_validTo', 'Chứng chỉ có giá trị đến', 1728146692),
(1812, 10, 'lang_module', 'smime_signatureTypeSN', 'Loại chữ ký', 1728146692),
(1813, 10, 'lang_module', 'smime_purposes', 'Mục đích', 1728146692),
(1814, 10, 'lang_module', 'smime_del', 'Xóa', 1728146692),
(1815, 10, 'lang_module', 'smime_del_confirm', 'Bạn thực sự muốn xóa chứng chỉ này?', 1728146692),
(1816, 10, 'lang_module', 'smime_add', 'Thêm chứng chỉ', 1728146692),
(1817, 10, 'lang_module', 'smime_download', 'Tải về', 1728146692),
(1818, 10, 'lang_module', 'smime_add_button', 'Thực hiện', 1728146692),
(1819, 10, 'lang_module', 'smime_pkcs12', 'File chứng chỉ (.pfx /.p12)', 1728146692),
(1820, 10, 'lang_module', 'smime_passphrase', 'Mật khẩu mở khóa tệp chứng chỉ', 1728146692),
(1821, 10, 'lang_module', 'smime_download_passphrase', 'Tạo mới mật khẩu mở khóa tệp chứng chỉ', 1728146692),
(1822, 10, 'lang_module', 'smime_pkcs12_ext_error', 'File chứng chỉ phải có phần mở rộng là pfx hoặc p12', 1728146692),
(1823, 10, 'lang_module', 'smime_pkcs12_cannot_be_read', 'Lỗi: Không thể đọc chứng chỉ', 1728146692),
(1824, 10, 'lang_module', 'smime_pkcs12_smimesign_error', 'Lỗi: Chứng chỉ không hỗ trợ chữ ký email S/MIME', 1728146692),
(1825, 10, 'lang_module', 'smime_pkcs12_overwrite', 'Chứng chỉ đã có trên máy chủ. Bạn muốn ghi đè lên bằng file chứng chỉ mới này?', 1728146692),
(1826, 10, 'lang_module', 'smime_note', 'Chữ ký số S/MIME sẽ được gửi cùng với thư nếu email của người gửi có tệp chứng chỉ được lưu trữ trên máy chủ.', 1728146692),
(1827, 10, 'lang_module', 'DKIM_signature', 'Chữ ký số của miền gửi thư DKIM', 1728146692),
(1828, 10, 'lang_module', 'DKIM_note', 'Chữ ký số DKIM sẽ được gửi cùng với thư nếu nó được xác nhận và lưu trữ trên máy chủ.', 1728146692),
(1829, 10, 'lang_module', 'DKIM_verified', 'DKIM đã được xác nhận', 1728146692),
(1830, 10, 'lang_module', 'DKIM_unverified', 'DKIM chưa được xác nhận', 1728146692),
(1831, 10, 'lang_module', 'DKIM_TXT_host', 'Tên của bản ghi TXT', 1728146692),
(1832, 10, 'lang_module', 'DKIM_TXT_value', 'Giá trị của bản ghi TXT', 1728146692),
(1833, 10, 'lang_module', 'dkim_verify', 'Xác nhận', 1728146692),
(1834, 10, 'lang_module', 'dkim_reverify', 'Xác nhận lại', 1728146692),
(1835, 10, 'lang_module', 'dkim_del', 'Xóa', 1728146692),
(1836, 10, 'lang_module', 'dkim_del_confirm', 'Bạn thực sự muốn xóa chữ ký số này?', 1728146692),
(1837, 10, 'lang_module', 'DKIM_verify_note', 'Để xác nhận chữ ký số DKIM, hãy truy cập vào trang quản lý DNS của tên miền, thêm bản ghi TXT với các thông số trên, sau đó click vào nút Xác nhận (Bạn có thể phải chờ để bản ghi mới cập nhật).', 1728146692),
(1838, 10, 'lang_module', 'DKIM_add', 'Thêm chữ ký số DKIM', 1728146692),
(1839, 10, 'lang_module', 'DKIM_add_button', 'Thực hiện', 1728146692),
(1840, 10, 'lang_module', 'DKIM_domain', 'Miền gửi thư', 1728146692),
(1841, 10, 'lang_module', 'DKIM_domain_error', 'Lỗi: Miền gửi thư không đúng định dạng', 1728146692),
(1842, 10, 'lang_module', 'DKIM_domain_exists', 'Miền gửi thư này đã có trên máy chủ', 1728146692),
(1843, 10, 'lang_module', 'DKIM_created', 'Chữ ký số DKIM cho miền gửi thư %s đã được tạo. Bạn cần tiến hành xác nhận chữ ký số DKIM này theo hướng dẫn ở trang tiếp theo.', 1728146692),
(1844, 10, 'lang_module', 'dkim_included', 'Gửi kèm chữ ký số DKIM (nếu có) khi dùng phương thức', 1728146692),
(1845, 10, 'lang_module', 'smime_included', 'Gửi kèm chứng chỉ S/MIME (nếu có) khi dùng phương thức', 1728146692),
(1846, 10, 'lang_module', 'csp', 'Thiết lập CSP', 1728146692),
(1847, 10, 'lang_module', 'csp_desc', 'Content-Security-Policy (CSP) là tên của tiêu đề phản hồi HTTP (HTTP response header) mà các trình duyệt hiện đại sử dụng để nâng cao tính bảo mật trang web. CSP cho phép bạn hạn chế việc sử dụng các tài nguyên như JavaScript, CSS hoặc bất kỳ thứ gì mà trình duyệt tải.', 1728146692),
(1848, 10, 'lang_module', 'csp_details', 'Thông tin chi tiết', 1728146692),
(1849, 10, 'lang_module', 'csp_note', 'Nhập mỗi giá trị một dòng. Nếu giá trị không phải là URL, hãy đặt nó trong dấu nháy đơn (ví dụ: &#039;self&#039;).', 1728146692),
(1850, 10, 'lang_module', 'csp_default_src', 'Chính sách mặc định, được sử dụng trong mọi trường hợp ngoại trừ trường hợp bị ghi đè bởi một chỉ thị chính xác hơn.', 1728146692),
(1851, 10, 'lang_module', 'csp_script_src', 'Chính sách dành riêng cho tập lệnh script', 1728146692),
(1852, 10, 'lang_module', 'csp_object_src', 'Chính sách dành riêng cho các plugin (object, embed hoặc applet)', 1728146692),
(1853, 10, 'lang_module', 'csp_style_src', 'Chính sách dành riêng cho tập css', 1728146692),
(1854, 10, 'lang_module', 'csp_img_src', 'Chính sách dành riêng cho hình ảnh (img, nhưng cũng có url() hoặc image() từ CSS, hoặc phần tử liên kết liên quan đến loại hình ảnh (ví dụ: rel = ”icon”)', 1728146692),
(1855, 10, 'lang_module', 'csp_media_src', 'Chính sách dành riêng cho các tập media (video, audio, source, hoặc track)', 1728146692),
(1856, 10, 'lang_module', 'csp_frame_src', 'Chính sách dành riêng cho thẻ frame (iframe hoặc frame)', 1728146692),
(1857, 10, 'lang_module', 'csp_font_src', 'Chính sách dành riêng cho tập phông chữ', 1728146692),
(1858, 10, 'lang_module', 'csp_connect_src', 'Chính sách dành riêng cho các kết nối từ đối tượng XMLHttpRequest hoặc WebSocket', 1728146692),
(1859, 10, 'lang_module', 'csp_form_action', 'Xác định các nguồn hợp lệ có thể được sử dụng như một hành động thực thi của biểu mẫu.', 1728146692),
(1860, 10, 'lang_module', 'csp_base_uri', 'Chính sách bảo mật hạn chế các giá trị có thể có của phần tử &lt;base&gt;.', 1728146692),
(1861, 10, 'lang_module', 'csp_act', 'Kích hoạt CSP', 1728146692),
(1862, 10, 'lang_module', 'rp', 'Thiết lập RP', 1728146692),
(1863, 10, 'lang_module', 'rp_desc', 'Referrer-Policy (RP) là tên của tiêu đề HTTP (HTTP response header) mà các trình duyệt hiện đại sử dụng để kiểm soát lượng thông tin liên kết nguồn (được gửi qua header &quot;Referer&quot; đến trang đích).', 1728146692),
(1864, 10, 'lang_module', 'rp_desc2', 'Các thông tin liên kết nguồn có thể được gửi:<ul><li>Origin: bao gồm scheme (ví dụ: http, https), host (ví dụ: nukeviet.vn) và port (ví dụ: 80, 443)</li><li>Path (đường dẫn tuyệt đối trên máy phục vụ, ví dụ: thumuc1/index.php)</li><li>Querystring (chuỗi truy vấn, ví dụ: ?name=ferret&color=purple)</li></ul>', 1728146692),
(1865, 10, 'lang_module', 'rp_details', 'Thông tin chi tiết', 1728146692),
(1866, 10, 'lang_module', 'rp_act', 'Kích hoạt RP', 1728146692),
(1867, 10, 'lang_module', 'rp_no_referrer', 'Header &quot;Referer&quot; sẽ bị bỏ qua hoàn toàn. Không có thông tin về liên kết nguồn được gửi cùng với các yêu cầu.<br />Chú ý: NukeViet không hỗ trợ chỉ thị này!', 1728146692),
(1868, 10, 'lang_module', 'rp_no_referrer_when_downgrade', 'Gửi origin, path và querystring của liên kết nguồn trong header &quot;Referer&quot; khi giao thức của trang đích giống hoặc bảo mật hơn trang nguồn (HTTP→HTTP, HTTP→HTTPS, HTTPS→HTTPS). Không gửi header &quot;Referer&quot; cho các yêu cầu đến các trang đích kém an toàn hơn (HTTPS→HTTP, HTTPS→file).', 1728146692),
(1869, 10, 'lang_module', 'rp_origin', 'Chỉ gửi origin của liên kết nguồn trong header &quot;Referer&quot;. Ví dụ: với liên kết nguồn là https://example.com/page.html sẽ gửi header &quot;Referer&quot; là https://example.com/.', 1728146692),
(1870, 10, 'lang_module', 'rp_origin_when_cross_origin', 'Gửi origin, path và querystring khi trang đích có cùng origin. Chỉ gửi origin đối với các trường hợp khác.', 1728146692),
(1871, 10, 'lang_module', 'rp_same_origin', 'Gửi origin, path và querystring khi trang đích có cùng origin. Không gửi header &quot;Referer&quot; đối với các trường hợp khác.', 1728146692),
(1872, 10, 'lang_module', 'rp_strict_origin', 'Chỉ gửi origin khi giao thức của trang đích giống trang nguồn (HTTPS→HTTPS). Không gửi header &quot;Referer&quot; đến các đích kém an toàn hơn (HTTPS→HTTP).', 1728146692),
(1873, 10, 'lang_module', 'rp_strict_origin_when_cross_origin', 'Gửi origin, path và querystring khi trang đích có cùng origin. Chỉ gửi origin khi trang đích không cùng origin nhưng cùng giao thức (HTTPS→HTTPS). Không gửi header &quot;Referer&quot; đến các đích không cùng origin và giao thức kém an toàn hơn (HTTPS→HTTP). Đây là chính sách mặc định nếu không có chính sách nào được chỉ định hoặc nếu giá trị đã cung cấp không hợp lệ.', 1728146692),
(1874, 10, 'lang_module', 'rp_unsafe_url', 'Gửi origin, path và querystring trong mọi trường hợp. Cảnh báo: Chính sách này sẽ làm rò rỉ thông tin có khả năng riêng tư từ các URL dạng HTTPS đến các nguồn không an toàn. Hãy xem xét cẩn thận tác động của cài đặt này.', 1728146692),
(1875, 10, 'lang_module', 'rp_note', 'Để đề phòng trường hợp trình duyệt không hỗ trợ chỉ thị mong muốn, bạn có thể liệt kê nhiều chỉ thị được phân cách bằng dấu phẩy với trật tự: chỉ thị mong muốn được chỉ định sau cùng. Ví dụ: Referrer-Policy: no-referrer-when-downgrade, strict-origin-when-cross-origin. Ở ví dụ trên, chính sách no-referrer-when-downgrade sẽ được áp dụng nếu trình duyệt không hỗ trợ strict-origin-when-cross-origin.', 1728146692),
(1876, 10, 'lang_module', 'rp_directives', 'Các chỉ thị RP', 1728146692),
(1877, 10, 'lang_module', 'XSSsanitize', 'Lọc các mã HTML nguy hiểm trước khi gửi biểu mẫu', 1728146692),
(1878, 10, 'lang_module', 'admin_XSSsanitize', 'Trong khu vực quản trị', 1728146692),
(1879, 10, 'lang_module', 'user_XSSsanitize', 'Trong khu vực tương tác của người dùng', 1728146692),
(1880, 10, 'lang_module', 'cookie_share', 'Chia sẻ cookie cho tên miền phụ', 1728146692),
(1881, 10, 'lang_module', 'pp', 'Thiết lập PP', 1728146692),
(1882, 10, 'lang_module', 'pp_desc', 'Permissions-Policy (PP) là tên của tiêu đề HTTP (HTTP response header) mà các trình duyệt hiện đại sử dụng để cho phép hoặc từ chối các tính năng được sử dụng trên trang web hoặc bất kỳ thẻ iframe nào trong trang web', 1728146692),
(1883, 10, 'lang_module', 'pp_desc2', 'Ví dụ bạn có thể quyết định video từ bên thứ ba nào được quyền tự động phát; giới hạn quyền sử dụng Camera, Mic và loa; cho phép iframe từ trang nào có thể dùng chức năng phóng to toàn màn hình; v.v...', 1728146692),
(1884, 10, 'lang_module', 'pp_desc3', 'Tiền thân của tiêu đề Permissions-Policy là Feature-Policy (FP). Các cấu hình ở đây cũng sẽ áp dụng luôn cho tiêu đề Feature-Policy. FP không hỗ trợ wildcard nên các dòng cấu hình dạng wildcard  sẽ bị bỏ qua trong tiêu đề FP', 1728146692),
(1885, 10, 'lang_module', 'pp_act', 'Kích hoạt PP', 1728146692),
(1886, 10, 'lang_module', 'pp_note', 'Tại form bên dưới, bạn nhập mỗi giá trị một dòng. Các giá trị có thể nhập là <code>*</code>, <code>self</code>, <code>()</code>, tên miền đầy đủ dạng https://example.com hoặc dạng wildcard https://*.example.com. Nếu có giá trị * thì toàn bộ nội dung sẽ được thay thế bằng * tương ứng với việc cho phép tất cả tại chỉ thị đó, tiếp theo nếu có () thì toàn bộ nội dung sẽ thay thế bằng () tương ứng với việc từ chối truy cập vào chỉ thị đó. Để trống đồng nghĩa với việc chỉ thị đó không xuất hiện trong tiêu đề HTTP, trường hợp này trình duyệt sẽ quyết định giá trị mặc định', 1728146692),
(1887, 10, 'lang_module', 'pp_accelerometer', 'Thu thập thông tin về khả năng tăng tốc của thiết bị thông qua giao diện <code>Accelerometer</code>', 1728146692),
(1888, 10, 'lang_module', 'pp_ambient_light_sensor', 'Thu thập thông tin về lượng ánh trong môi trường xung quanh của thiết bị thông qua giao diện <code>AmbientLightSensor</code>', 1728146692),
(1889, 10, 'lang_module', 'pp_autoplay', 'Kiểm soát việc tự động phát của tập tin đa phương tiện', 1728146692),
(1890, 10, 'lang_module', 'pp_battery', 'Kiểm soát việc truy cập trạng thái pin của thiết bị', 1728146692),
(1891, 10, 'lang_module', 'pp_browsing_topics', 'Kiểm soát việc truy cập API chủ đề của thiết bị, ví dụ như thông tin về quảng cáo được cá nhân hóa', 1728146692),
(1892, 10, 'lang_module', 'pp_camera', 'Kiểm soát việc truy cập camera của thiết bị', 1728146692),
(1893, 10, 'lang_module', 'pp_display_capture', 'Kiểm soát việc sử dụng phương thức <code>getDisplayMedia()</code> để chụp nội dung màn hình', 1728146692),
(1894, 10, 'lang_module', 'pp_document_domain', 'Kiểm soát việc thay đổi giá trị <code>document.domain</code>', 1728146692),
(1895, 10, 'lang_module', 'pp_encrypted_media', 'Kiểm soát việc sử dụng API EME', 1728146692),
(1896, 10, 'lang_module', 'pp_execution_while_not_rendered', 'Kiểm soát tác vụ có được thực thi trong một khung không được hiển thị hay không. Ví dụ như thẻ iframe có thuộc tính <code>display: none;</code>', 1728146692),
(1897, 10, 'lang_module', 'pp_execution_while_out_of_viewport', 'Kiểm soát tác vụ có được thực thi trong một khung trong khi chúng nằm ngoài vùng hiển thị của khung hay không', 1728146692),
(1898, 10, 'lang_module', 'pp_fullscreen', 'Kiểm soát việc sử dụng lệnh toàn màn hình <code>Element.requestFullscreen()</code>', 1728146692),
(1899, 10, 'lang_module', 'pp_gamepad', 'Kiểm soát việc sử dụng API Gamepad', 1728146692),
(1900, 10, 'lang_module', 'pp_geolocation', 'Kiểm soát việc sử dụng Geolocation (lấy thông tin về địa điểm của thiết bị)', 1728146692),
(1901, 10, 'lang_module', 'pp_gyroscope', 'Kiểm soát việc truy cập thông tin về hướng của thiết bị thông qua giao diện Gyroscope', 1728146692),
(1902, 10, 'lang_module', 'pp_hid', 'Kiểm soát việc sử dụng API WebHID để kết nối với các thiết bị có giao diện con người không phổ biến hoặc kỳ lạ như bàn phím hoặc gamepad thay thế hay không', 1728146692),
(1903, 10, 'lang_module', 'pp_identity_credentials_get', 'Kiểm soát việc sử dụng FedCM hay không. Cụ thể hơn là <code>navigator.credentials.get()</code>', 1728146692),
(1904, 10, 'lang_module', 'pp_idle_detection', 'Kiểm soát việc phát hiện người dùng không sử dụng thiết bị trong một thời gian hay không thông qua API Idle Detection', 1728146692),
(1905, 10, 'lang_module', 'pp_local_fonts', 'Kiểm soát việc lấy danh sách các font được cài đặt trên thiết bị thông qua phương thức <code>Window.queryLocalFonts()</code>', 1728146692),
(1906, 10, 'lang_module', 'pp_magnetometer', 'Kiểm soát việc truy cập thông tin về hướng của thiết bị thông qua giao diện Magnetometer', 1728146692),
(1907, 10, 'lang_module', 'pp_microphone', 'Kiểm soát quyền sử dụng microphone', 1728146692),
(1908, 10, 'lang_module', 'pp_midi', 'Kiểm soát quyền sử dụng API Web MIDI', 1728146692),
(1909, 10, 'lang_module', 'pp_otp_credentials', 'Kiểm soát quyền sử dụng API WebOTP để yêu cầu mã OTP từ SMS được gửi đến thiết bị', 1728146692),
(1910, 10, 'lang_module', 'pp_payment', 'Kiểm soát quyền sử dụng API Payment Request', 1728146692),
(1911, 10, 'lang_module', 'pp_picture_in_picture', 'Kiểm soát việc phát video ở chế độ Picture-in-Picture (ảnh trong ảnh)', 1728146692),
(1912, 10, 'lang_module', 'pp_publickey_credentials_create', 'Kiểm soát quyền sử dụng <code>navigator.credentials.create(...)</code> để tạo khóa xác thực mới', 1728146692),
(1913, 10, 'lang_module', 'pp_publickey_credentials_get', 'Kiểm soát quyền sử dụng <code>navigator.credentials.get(...)</code> để lấy danh sách khóa xác thực đã được lưu trữ', 1728146692),
(1914, 10, 'lang_module', 'pp_screen_wake_lock', 'Kiểm soát quyền sử dụng API Screen Wake Lock để làm cho màn hình không được tắt hoặc không giảm độ sáng', 1728146692),
(1915, 10, 'lang_module', 'pp_serial', 'Kiểm soát quyền kết nối đến các thiết bị ngoại vi thông qua cổng nối tiếp', 1728146692),
(1916, 10, 'lang_module', 'pp_speaker_selection', 'Kiểm soát quyền liệt kê và chọn các thiết bị loa', 1728146692),
(1917, 10, 'lang_module', 'pp_storage_access', 'Kiểm soát các iframe được quyền sử dụng API Storage Access hay không', 1728146692),
(1918, 10, 'lang_module', 'pp_usb', 'Kiểm soát quyền sử dụng API WebUSB', 1728146692),
(1919, 10, 'lang_module', 'pp_web_share', 'Kiểm soát quyền sử dụng API Navigator.share()', 1728146692),
(1920, 10, 'lang_module', 'pp_window_management', 'Kiểm soát quyền sử dụng API Window Management để quản lý các cửa sổ trên nhiều màn hình hiển thị', 1728146692),
(1921, 10, 'lang_module', 'pp_xr_spatial_tracking', 'Kiểm soát quyền sử dụng API WebXR', 1728146692),
(1922, 10, 'lang_module', 'fp_act', 'Kích hoạt FP', 1728146692),
(1923, 11, 'lang_module', 'site_configs_info', 'Cấu hình site', 1728146692),
(1924, 11, 'lang_module', 'site_domain', 'Domain của site', 1728146692),
(1925, 11, 'lang_module', 'site_url', 'Đường dẫn đến site', 1728146692),
(1926, 11, 'lang_module', 'site_root', 'Đường dẫn tuyệt đối đến site', 1728146692),
(1927, 11, 'lang_module', 'site_script_path', 'Thư mục chứa site', 1728146692),
(1928, 11, 'lang_module', 'site_cookie_domain', 'Domain lưu cookies', 1728146692),
(1929, 11, 'lang_module', 'site_cookie_path', 'Thư mục lưu cookies', 1728146692),
(1930, 11, 'lang_module', 'site_session_path', 'Đường dẫn tuyệt đối đến thư mục chứa sessions', 1728146692),
(1931, 11, 'lang_module', 'site_timezone', 'Múi giờ của site', 1728146692),
(1932, 11, 'lang_module', 'server_configs_info', 'Cấu hình máy chủ', 1728146692),
(1933, 11, 'lang_module', 'server_phpversion', 'Phiên bản PHP', 1728146692),
(1934, 11, 'lang_module', 'server_phpos', 'Hệ điều hành máy chủ', 1728146692),
(1935, 11, 'lang_module', 'server_databaseversion', 'Phiên bản Database', 1728146692),
(1936, 11, 'lang_module', 'configuration_php', 'Cấu hình PHP', 1728146692),
(1937, 11, 'lang_module', 'directive', 'Chỉ thị', 1728146692),
(1938, 11, 'lang_module', 'local_value', 'Giá trị khu vực', 1728146692),
(1939, 11, 'lang_module', 'master_value', 'Giá trị mặc định', 1728146692),
(1940, 11, 'lang_module', 'extensions', 'Tiện ích mở rộng', 1728146692),
(1941, 11, 'lang_module', 'extensions_php', 'Các tiện ích mở rộng của PHP', 1728146692),
(1942, 11, 'lang_module', 'environment_php', 'Các biến môi trường', 1728146692),
(1943, 11, 'lang_module', 'variable', 'Tên biến', 1728146692),
(1944, 11, 'lang_module', 'value', 'Giá trị', 1728146692),
(1945, 11, 'lang_module', 'variables_php', 'Các biến tiền định', 1728146692),
(1946, 11, 'lang_module', 'version', 'Phiên bản NukeViet', 1728146692),
(1947, 11, 'lang_module', 'version_user', 'Phiên bản bạn đang sử dụng', 1728146692),
(1948, 11, 'lang_module', 'version_news', 'Phiên bản chính thức mới nhất', 1728146692),
(1949, 11, 'lang_module', 'checkversion', 'Kiểm tra phiên bản NukeViet', 1728146692),
(1950, 11, 'lang_module', 'server_api', 'Giao thức giữa máy chủ và PHP', 1728146692),
(1951, 11, 'lang_module', 'chmod', 'Kiểm tra chmod thư mục', 1728146692),
(1952, 11, 'lang_module', 'chmod_need', 'Cần chmod để PHP ghi được file', 1728146692),
(1953, 11, 'lang_module', 'chmod_noneed', 'OK', 1728146692),
(1954, 11, 'lang_module', 'checkchmod', 'Chmod lại thư mục cần thiết', 1728146692),
(1955, 11, 'lang_module', 'checkchmod_error_account', 'Tài khoản ftp của bạn không chính xác', 1728146692),
(1956, 11, 'lang_module', 'checkchmod_error_path', 'Các thư mục đường dẫn không chính xác', 1728146692),
(1957, 11, 'lang_module', 'checkchmod_error_unable_chmod', 'Không thể chmod thư mục:', 1728146692),
(1958, 11, 'lang_module', 'checkchmod_success', 'Đã hoàn tất quá trình chmod', 1728146692),
(1959, 11, 'lang_module', 'logs_title', 'Nhật ký hệ thống', 1728146692),
(1960, 11, 'lang_module', 'log_module_name', 'Tên Module', 1728146692),
(1961, 11, 'lang_module', 'log_name_key', 'Tên sự kiện', 1728146692),
(1962, 11, 'lang_module', 'log_username', 'N.Thực hiện', 1728146692),
(1963, 11, 'lang_module', 'log_time', 'Thời gian', 1728146692),
(1964, 11, 'lang_module', 'log_feature', 'Thao tác', 1728146692),
(1965, 11, 'lang_module', 'log_lang', 'N.Ngữ', 1728146692),
(1966, 11, 'lang_module', 'log_del_error', 'Có lỗi không xóa được', 1728146692),
(1967, 11, 'lang_module', 'log_del_ok', 'Đã xóa xong', 1728146692),
(1968, 11, 'lang_module', 'log_del_confirm', 'Bạn chắc chắn có muốn xóa?', 1728146692),
(1969, 11, 'lang_module', 'log_View', 'Xem', 1728146692),
(1970, 11, 'lang_module', 'log_del_no_items', 'Bạn chưa chọn', 1728146692),
(1971, 11, 'lang_module', 'log_note', 'Ghi chú', 1728146692),
(1972, 11, 'lang_module', 'moduleInfo', 'Thông tin từ các module', 1728146692),
(1973, 11, 'lang_module', 'pendingInfo', 'Công việc chờ xử lý từ các module', 1728146692),
(1974, 11, 'lang_module', 'moduleName', 'Module', 1728146692),
(1975, 11, 'lang_module', 'moduleContent', 'Nội dung', 1728146692),
(1976, 11, 'lang_module', 'moduleValue', 'Giá trị', 1728146692),
(1977, 11, 'lang_module', 'newVersion_detail', 'Số phiên bản: %s, cập nhật vào: %s', 1728146692),
(1978, 11, 'lang_module', 'newVersion_info', 'NukeViet CMS mà bạn đang sử dụng cần được nâng cấp lên phiên bản mới. Hãy click <a href=\"%s\">vào đây</a> để biết thêm chi tiết', 1728146692),
(1979, 11, 'lang_module', 'log_del', 'xóa', 1728146692),
(1980, 11, 'lang_module', 'log_edit', 'sửa', 1728146692),
(1981, 11, 'lang_module', 'log_add', 'thêm mới', 1728146692),
(1982, 11, 'lang_module', 'log_del_about', 'xóa giới thiệu', 1728146692),
(1983, 11, 'lang_module', 'log_edit_about', 'sửa giới thiệu', 1728146692),
(1984, 11, 'lang_module', 'log_add_about', 'thêm giới thiệu', 1728146692),
(1985, 11, 'lang_module', 'log_del_banner', 'xóa banner', 1728146692),
(1986, 11, 'lang_module', 'log_edit_banner', 'sửa banner', 1728146692),
(1987, 11, 'lang_module', 'log_add_banner', 'thêm banner', 1728146692),
(1988, 11, 'lang_module', 'log_del_link', 'xóa liên kết', 1728146692),
(1989, 11, 'lang_module', 'log_del_cat', 'xóa chuyên mục', 1728146692),
(1990, 11, 'lang_module', 'log_edit_cat', 'sửa chuyên mục', 1728146692),
(1991, 11, 'lang_module', 'log_add_cat', 'thêm chuyên mục', 1728146692),
(1992, 11, 'lang_module', 'log_del_broken', 'xóa báo lỗi', 1728146692),
(1993, 11, 'lang_module', 'log_add_topics', 'thêm chủ đề', 1728146692),
(1994, 11, 'lang_module', 'log_add_block', 'thêm block', 1728146692),
(1995, 11, 'lang_module', 'log_add_blockcat', 'thêm nhóm block', 1728146692),
(1996, 11, 'lang_module', 'log_edit_blockcat', 'sửa nhóm block', 1728146692),
(1997, 11, 'lang_module', 'log_del_blockcat', 'xóa nhóm block', 1728146692),
(1998, 11, 'lang_module', 'log_del_comment', 'xóa bình luận', 1728146692),
(1999, 11, 'lang_module', 'log_edit_commnet', 'sửa bình luận', 1728146692),
(2000, 11, 'lang_module', 'log_del_content', 'xóa bài viết', 1728146692),
(2001, 11, 'lang_module', 'log_edit_content', 'sửa bài viết', 1728146692),
(2002, 11, 'lang_module', 'log_add_content', 'thêm bài viết', 1728146692),
(2003, 11, 'lang_module', 'log_del_source', 'xóa nguồn tin', 1728146692),
(2004, 11, 'lang_module', 'log_add_source', 'thêm nguồn tin', 1728146692),
(2005, 11, 'lang_module', 'log_edit_source', 'sửa nguồn tin', 1728146692),
(2006, 11, 'lang_module', 'log_del_topic', 'xóa chủ đề', 1728146692),
(2007, 11, 'lang_module', 'log_add_filequeue', 'thêm filequeue', 1728146692),
(2008, 11, 'lang_module', 'log_del_report', 'xóa báo cáo', 1728146692),
(2009, 11, 'lang_module', 'log_del_row', 'xóa bộ phận', 1728146692),
(2010, 11, 'lang_module', 'log_edit_row', 'sửa bộ phận', 1728146692),
(2011, 11, 'lang_module', 'log_add_row', 'thêm bộ phận', 1728146692),
(2012, 11, 'lang_module', 'log_add_client', 'thêm khách hàng', 1728146692),
(2013, 11, 'lang_module', 'log_del_client', 'xóa khách hàng', 1728146692),
(2014, 11, 'lang_module', 'log_edit_client', 'sửa khách hàng', 1728146692),
(2015, 11, 'lang_module', 'log_add_plan', 'thêm khối quảng cáo', 1728146692),
(2016, 11, 'lang_module', 'log_edit_plan', 'sửa khối quảng cáo', 1728146692),
(2017, 11, 'lang_module', 'log_del_plan', 'xóa khối quảng cáo', 1728146692),
(2018, 11, 'lang_module', 'log_add_admin', 'thêm người quản trị', 1728146692),
(2019, 11, 'lang_module', 'log_del_admin', 'sửa người quản trị', 1728146692),
(2020, 11, 'lang_module', 'log_edit_admin', 'xóa người quản trị', 1728146692),
(2021, 11, 'lang_module', 'log_setup_modul', 'cài module', 1728146692),
(2022, 11, 'lang_module', 'log_del_modul', 'xóa module', 1728146692),
(2023, 11, 'lang_module', 'log_edit_modul', 'sửa module', 1728146692),
(2024, 11, 'lang_module', 'log_resetup_modul', 'cài lại module', 1728146692),
(2025, 11, 'lang_module', 'log_cronjob_atc', 'Thực thi tiến trình tự động', 1728146692),
(2026, 11, 'lang_module', 'log_cronjob_add', 'thêm tiến trình tự động', 1728146692),
(2027, 11, 'lang_module', 'log_cronjob_del', 'xóa tiến trình tự động', 1728146692),
(2028, 11, 'lang_module', 'log_cronjob_edit', 'sửa tiến trình tự động', 1728146692),
(2029, 11, 'lang_module', 'log_add_theme', 'thêm giao diện', 1728146692),
(2030, 11, 'lang_module', 'log_del_theme', 'xóa giao diện', 1728146692),
(2031, 11, 'lang_module', 'log_edit_theme', 'sửa giao diện', 1728146692),
(2032, 11, 'lang_module', 'log_intall_theme', 'cài giao diện', 1728146692),
(2033, 11, 'lang_module', 'log_setlayout_theme', 'thiết lập layout', 1728146692),
(2034, 11, 'lang_module', 'log_del_block', 'xóa block', 1728146692),
(2035, 11, 'lang_module', 'log_del_user', 'sửa thành viên', 1728146692),
(2036, 11, 'lang_module', 'log_add_user', 'thêm thành viên', 1728146692),
(2037, 11, 'lang_module', 'log_edit_user', 'sửa thành viên', 1728146692),
(2038, 11, 'lang_module', 'log_del_vote', 'xóa bình chọn', 1728146692),
(2039, 11, 'lang_module', 'log_add_vote', 'thêm bình chọn', 1728146692),
(2040, 11, 'lang_module', 'log_edit_vote', 'sửa bình chọn', 1728146692),
(2041, 11, 'lang_module', 'filter_lang', '-- Lọc theo ngôn ngữ --', 1728146692),
(2042, 11, 'lang_module', 'filter_user', '-- Lọc theo người thực hiện --', 1728146692),
(2043, 11, 'lang_module', 'filter_module', '-- Lọc theo module --', 1728146692),
(2044, 11, 'lang_module', 'filter_system', 'Hệ thống', 1728146692),
(2045, 11, 'lang_module', 'filter_from', 'Từ', 1728146692),
(2046, 11, 'lang_module', 'filter_to', 'đến', 1728146692),
(2047, 11, 'lang_module', 'filter_clear', 'Xóa trắng', 1728146692),
(2048, 11, 'lang_module', 'filter_action', 'Lọc dữ liệu', 1728146692),
(2049, 11, 'lang_module', 'filter_cancel', 'Hủy bỏ', 1728146692),
(2050, 11, 'lang_module', 'filter_enterkey', 'Nhập từ khóa', 1728146692),
(2051, 11, 'lang_module', 'filter_err_submit', 'Bạn cần chọn ít nhất một điều kiện', 1728146692),
(2052, 11, 'lang_module', 'filter_check_log', 'Truy cập khu vực %s thất bại', 1728146692),
(2053, 11, 'lang_module', 'filter_lang_asc', 'tăng dần', 1728146692),
(2054, 11, 'lang_module', 'filter_lang_desc', 'giảm dần', 1728146692),
(2055, 11, 'lang_module', 'filter_order_by', 'Sắp xếp theo %s thứ tự', 1728146692),
(2056, 11, 'lang_module', 'log_empty', 'Xóa toàn bộ', 1728146692),
(2057, 11, 'lang_module', 'log_empty_log', 'Xóa toàn bộ nhật kí hệ thống', 1728146692),
(2058, 11, 'lang_module', 'update_package_detected', 'Phát hiện có gói cập nhật, website sẽ tạm ngưng hoạt động. Hãy thực hiện một trong hai công việc sau trước khi website có thể hoạt động trở lại.', 1728146692),
(2059, 11, 'lang_module', 'update_package_delete', 'Xóa gói cập nhật', 1728146692),
(2060, 11, 'lang_module', 'update_package_do', 'Thực hiện cập nhật', 1728146692),
(2061, 11, 'lang_module', 'notification', 'Thông báo', 1728146692),
(2062, 11, 'lang_module', 'notification_empty', '<p align=\"center\">Chưa có thông báo!</p>', 1728146692),
(2063, 11, 'lang_module', 'notification_module_auto_deactive', 'Module <strong>%s</strong> đã ngưng hoạt động do lỗi', 1728146692),
(2064, 11, 'lang_module', 'notification_cronjobs_auto_deactive', 'Cronjobs <strong>%s</strong> đã ngưng hoạt động do lỗi', 1728146692),
(2065, 11, 'lang_module', 'notification_hide', 'Ẩn thông báo này', 1728146692),
(2066, 11, 'lang_module', 'notification_email_failure', 'Gửi email thất bại. Tiêu đề <strong>%s</strong>, email nhận <strong>%s</strong>', 1728146692),
(2067, 12, 'lang_module', 'blocks', 'Quản lý block', 1728146692),
(2068, 12, 'lang_module', 'change_func_name', 'Thay đổi tên gọi của function &ldquo;%1$s&rdquo; thuộc module &ldquo;%2$s&rdquo;', 1728146692),
(2069, 12, 'lang_module', 'bl_list_title', 'Các block ở &ldquo;%1$s&rdquo; của function &ldquo;%2$s&rdquo;', 1728146692),
(2070, 12, 'lang_module', 'add_block_title', 'Thêm block vào &ldquo;%1$s&rdquo; của function &ldquo;%2$s&rdquo; thuộc module &ldquo;%3$s&rdquo;', 1728146692),
(2071, 12, 'lang_module', 'edit_block_title', 'Sửa block &ldquo;%1$s&rdquo; tại &ldquo;%2$s&rdquo; của function &ldquo;%3$s&rdquo; thuộc module &ldquo;%4$s&rdquo;', 1728146692),
(2072, 12, 'lang_module', 'block_add', 'Thêm block', 1728146692),
(2073, 12, 'lang_module', 'block_edit', 'Sửa block', 1728146692),
(2074, 12, 'lang_module', 'block_title', 'Tên block', 1728146692),
(2075, 12, 'lang_module', 'block_link', 'URL của tên block', 1728146692),
(2076, 12, 'lang_module', 'block_file_path', 'Lấy nội dung từ file', 1728146692),
(2077, 12, 'lang_module', 'block_global_apply', 'Áp dụng cho tất cả', 1728146692),
(2078, 12, 'lang_module', 'block_type_theme', 'Block của giao diện', 1728146692),
(2079, 12, 'lang_module', 'block_select_type', '-=Hãy chọn dạng=-', 1728146692),
(2080, 12, 'lang_module', 'block_tpl', 'Template', 1728146692),
(2081, 12, 'lang_module', 'block_pos', 'Vị trí', 1728146692),
(2082, 12, 'lang_module', 'block_groupbl', 'Thuộc nhóm', 1728146692),
(2083, 12, 'lang_module', 'block_leavegroup', 'Tách ra khỏi nhóm và tạo nhóm mới', 1728146692),
(2084, 12, 'lang_module', 'block_group_notice', 'Lưu ý: <br />Nếu thay đổi một block thuộc 1 nhóm thì sẽ thay đổi toàn bộ các block khác thuộc nhóm đó. <br />Nếu không muốn thay đổi các block khác cùng nhóm thì hãy tách block ra thành nhóm mới bằng cách đánh dấu vào mục <em>Tách ra khỏi nhóm và tạo nhóm mới</em>.', 1728146692),
(2085, 12, 'lang_module', 'block_group_block', 'Nhóm', 1728146692),
(2086, 12, 'lang_module', 'block_no_more_func', 'Nếu check chọn Bỏ ra khỏi nhóm thì chỉ được chọn 1 function', 1728146692),
(2087, 12, 'lang_module', 'block_no_func', 'Hãy chọn ít nhất là 1 function', 1728146692),
(2088, 12, 'lang_module', 'block_limit_func', 'Nếu xác nhận bỏ nhóm thì chỉ được chỉ định 1 function cho cho 1 blocks', 1728146692),
(2089, 12, 'lang_module', 'block_func', 'Khu vực', 1728146692),
(2090, 12, 'lang_module', 'block_nums', 'Số block thuộc nhóm', 1728146692),
(2091, 12, 'lang_module', 'block_count', 'block', 1728146692),
(2092, 12, 'lang_module', 'block_func_list', 'Các function', 1728146692),
(2093, 12, 'lang_module', 'blocks_by_funcs', 'Quản lý block theo function', 1728146692),
(2094, 12, 'lang_module', 'block_yes', 'Có', 1728146692),
(2095, 12, 'lang_module', 'block_active', 'Kích hoạt', 1728146692),
(2096, 12, 'lang_module', 'block_group', 'Ai có quyền xem', 1728146692),
(2097, 12, 'lang_module', 'block_module', 'Hiển thị ở module', 1728146692),
(2098, 12, 'lang_module', 'block_all', 'Tất cả các module', 1728146692),
(2099, 12, 'lang_module', 'block_confirm', 'Chấp nhận', 1728146692),
(2100, 12, 'lang_module', 'block_default', 'Mặc định', 1728146692),
(2101, 12, 'lang_module', 'block_exp_time', 'Ngày hết hạn', 1728146692),
(2102, 12, 'lang_module', 'block_sort', 'Sắp xếp', 1728146692),
(2103, 12, 'lang_module', 'block_change_pos_warning', 'Nếu thay đổi vị trí block này sẽ thay đổi toàn bộ vị trí của các block khác thuộc cùng nhóm ', 1728146692),
(2104, 12, 'lang_module', 'block_change_pos_warning2', 'Bạn có chắc muốn thay đổi vị trí?', 1728146692),
(2105, 12, 'lang_module', 'block_error_nogroup', 'Hãy chọn ít nhất 1 nhóm', 1728146692),
(2106, 12, 'lang_module', 'block_error_noblock', 'Hãy chọn ít nhất 1 block', 1728146692),
(2107, 12, 'lang_module', 'block_error_nsblock', 'Chưa chọn block hoặc tên block không hợp lệ', 1728146692),
(2108, 12, 'lang_module', 'block_delete_confirm', 'Bạn có chắc muốn xóa tất cả block được chọn. Nếu xóa việc này sẽ không thể phục hồi được?', 1728146692),
(2109, 12, 'lang_module', 'block_delete_per_confirm', 'Bạn có chắc muốn xóa block này không?', 1728146692),
(2110, 12, 'lang_module', 'block_add_success', 'Thêm thành công!', 1728146692),
(2111, 12, 'lang_module', 'block_update_success', 'Cập nhật thành công!', 1728146692),
(2112, 12, 'lang_module', 'block_checkall', 'Chọn tất cả', 1728146692),
(2113, 12, 'lang_module', 'block_uncheckall', 'Bỏ chọn tất cả', 1728146692),
(2114, 12, 'lang_module', 'block_delete_success', 'Xóa thành công', 1728146692),
(2115, 12, 'lang_module', 'block_error_nomodule', 'Hãy chọn ít nhất 1 module', 1728146692),
(2116, 12, 'lang_module', 'error_empty_content', 'Block chưa được kết nối với file, khối quảng cáo hoặc chưa có nội dung', 1728146692),
(2117, 12, 'lang_module', 'block_type', 'Chọn kiểu block', 1728146692),
(2118, 12, 'lang_module', 'block_file', 'File', 1728146692),
(2119, 12, 'lang_module', 'block_html', 'HTML', 1728146692),
(2120, 12, 'lang_module', 'block_typehtml', 'Dạng HTML', 1728146692),
(2121, 12, 'lang_module', 'functions', 'Chức năng', 1728146692),
(2122, 12, 'lang_module', 'edit_block', 'Sửa block', 1728146692),
(2123, 12, 'lang_module', 'block_function', 'Hãy chọn function', 1728146692),
(2124, 12, 'lang_module', 'add_block_module', 'Áp dụng cho module', 1728146692),
(2125, 12, 'lang_module', 'add_block_all_module', 'Tất cả các module', 1728146692),
(2126, 12, 'lang_module', 'add_block_select_module', 'Chọn module', 1728146692),
(2127, 12, 'lang_module', 'block_layout', 'Chọn layout', 1728146692),
(2128, 12, 'lang_module', 'block_select', 'Chọn block', 1728146692),
(2129, 12, 'lang_module', 'block_check', 'Check', 1728146692),
(2130, 12, 'lang_module', 'block_select_module', 'Chọn module', 1728146692),
(2131, 12, 'lang_module', 'block_select_function', 'Chọn function', 1728146692),
(2132, 12, 'lang_module', 'block_error_fileconfig_title', 'Lỗi file cấu hình giao diện', 1728146692),
(2133, 12, 'lang_module', 'block_error_fileconfig_content', 'File cấu hình của giao diện không đúng hoặc không tồn tại. Hãy kiểm tra lại trong thư mục theme của bạn', 1728146692),
(2134, 12, 'lang_module', 'package_theme_module', 'Đóng gói theme module', 1728146692),
(2135, 12, 'lang_module', 'autoinstall_continue', 'Tiếp tục', 1728146692),
(2136, 12, 'lang_module', 'back', 'Quay lại', 1728146692),
(2137, 12, 'lang_module', 'autoinstall_error_nomethod', 'Hãy chọn 1 kiểu cài đặt để tiếp tục !', 1728146692),
(2138, 12, 'lang_module', 'autoinstall_package_select', 'Chọn theme để đóng gói', 1728146692),
(2139, 12, 'lang_module', 'autoinstall_package_noselect', 'Hãy chọn 1 theme để đóng gói', 1728146692),
(2140, 12, 'lang_module', 'autoinstall_package_module_select', 'Chọn module để đóng gói', 1728146692),
(2141, 12, 'lang_module', 'autoinstall_package_noselect_module', 'Hãy chọn 1 module để đóng gói theme', 1728146692),
(2142, 12, 'lang_module', 'autoinstall_method_theme_none', 'Hãy chọn theme', 1728146692),
(2143, 12, 'lang_module', 'autoinstall_method_module_none', 'Hãy chọn module', 1728146692),
(2144, 12, 'lang_module', 'package_noselect_module_theme', 'Bắt buộc phải chọn theme và tên module để đóng gói', 1728146692),
(2145, 12, 'lang_module', 'setup_layout', 'Thiết lập layout', 1728146692),
(2146, 12, 'lang_module', 'setup_module', 'Module', 1728146692);
INSERT INTO `nv4_language` (`id`, `idfile`, `langtype`, `lang_key`, `lang_vi`, `update_vi`) VALUES
(2147, 12, 'lang_module', 'setup_select_layout', 'Chọn layout', 1728146692),
(2148, 12, 'lang_module', 'setup_updated_layout', 'Thiết lập layout thành công!', 1728146692),
(2149, 12, 'lang_module', 'setup_error_layout', 'Không thể thực hiện lệnh thiết lập layout', 1728146692),
(2150, 12, 'lang_module', 'setup_save_layout', 'Lưu tất cả thay đổi', 1728146692),
(2151, 12, 'lang_module', 'theme_manager', 'Quản lý giao diện', 1728146692),
(2152, 12, 'lang_module', 'theme_recent', 'Danh sách giao diện hiện có', 1728146692),
(2153, 12, 'lang_module', 'theme_created_by', 'Thiết kế bởi', 1728146692),
(2154, 12, 'lang_module', 'theme_created_website', 'ghé thăm website của tác giả', 1728146692),
(2155, 12, 'lang_module', 'theme_created_folder', 'Các file + thư mục nằm trong:', 1728146692),
(2156, 12, 'lang_module', 'theme_created_position', 'Các vị trí thiết kế trong theme:', 1728146692),
(2157, 12, 'lang_module', 'theme_created_activate', 'Kích hoạt sử dụng', 1728146692),
(2158, 12, 'lang_module', 'theme_created_setting', 'Thiết lập theo mặc định', 1728146692),
(2159, 12, 'lang_module', 'theme_created_activate_layout', 'Lỗi: Bạn cần thiết lập layout cho giao diện này trước khi kích hoạt', 1728146692),
(2160, 12, 'lang_module', 'theme_delete', 'Xóa các thiết lập', 1728146692),
(2161, 12, 'lang_module', 'theme_delete_confirm', 'Bạn có chắc chắn Xóa các thiết lập: ', 1728146692),
(2162, 12, 'lang_module', 'theme_delete_success', 'Xóa các thiết lập giao diện Thành công', 1728146692),
(2163, 12, 'lang_module', 'theme_delete_unsuccess', 'Có lỗi trong khi Xóa các thiết lập giao diện', 1728146692),
(2164, 12, 'lang_module', 'theme_created_current_use', 'Giao diện đang sử dụng', 1728146692),
(2165, 12, 'lang_module', 'block_front_delete_error', 'Lỗi: không thể xóa block, hãy kiểm tra lại quyền của bạn', 1728146692),
(2166, 12, 'lang_module', 'block_front_outgroup_success', 'Block đã được bỏ ra khỏi nhóm thành công và nằm trong nhóm ', 1728146692),
(2167, 12, 'lang_module', 'block_front_outgroup_cancel', 'Hiện tại chỉ có duy nhất 1 block nằm trong nhóm này do đó không cần bỏ ra khỏi nhóm', 1728146692),
(2168, 12, 'lang_module', 'block_front_outgroup_error_update', 'Có lỗi trong quá trình cập nhật dữ liệu', 1728146692),
(2169, 12, 'lang_module', 'xcopyblock', 'Sao chép block', 1728146692),
(2170, 12, 'lang_module', 'xcopyblock_to', ' sang theme ', 1728146692),
(2171, 12, 'lang_module', 'xcopyblock_from', ' từ theme ', 1728146692),
(2172, 12, 'lang_module', 'xcopyblock_position', 'Chọn vị trí', 1728146692),
(2173, 12, 'lang_module', 'xcopyblock_process', 'Sao chép', 1728146692),
(2174, 12, 'lang_module', 'xcopyblock_no_position', 'Hãy chọn ít nhất 1 vị trí để sao chép', 1728146692),
(2175, 12, 'lang_module', 'xcopyblock_notice', 'Khi thực hiện, hệ thống sẽ xóa các block đã tồn tại ở theme đích, vui lòng chờ cho các tiến trình thực hiện thành công.', 1728146692),
(2176, 12, 'lang_module', 'xcopyblock_success', 'Quá trình sao chép thành công !', 1728146692),
(2177, 12, 'lang_module', 'block_weight', 'Cập nhật lại vị trí các block', 1728146692),
(2178, 12, 'lang_module', 'block_weight_confirm', 'Bạn có chắc chắn Cập nhật lại vị trí các block, khi đó các cấu hình theo các function sẽ bị cập nhật lại', 1728146692),
(2179, 12, 'lang_module', 'autoinstall_theme_error_warning_overwrite', 'Thông báo: Gói giao diện bạn cài đặt đã tồn tại các file, bạn có chắc chắn thực hiện tiếp quá trình cài đặt để ghi đè các file này', 1728146692),
(2180, 12, 'lang_module', 'autoinstall_theme_overwrite', 'Thực hiện', 1728146692),
(2181, 12, 'lang_module', 'config', 'Thiết lập giao diện', 1728146692),
(2182, 12, 'lang_module', 'config_not_exit', 'Giao diện %s không có chức năng cấu hình', 1728146692),
(2183, 12, 'lang_module', 'show_device', 'Hiển thị trên thiết bị', 1728146692),
(2184, 12, 'lang_module', 'show_device_1', 'Tất cả', 1728146692),
(2185, 12, 'lang_module', 'show_device_2', 'Hiển thị di động', 1728146692),
(2186, 12, 'lang_module', 'show_device_3', 'Hiển thị máy tính bảng', 1728146692),
(2187, 12, 'lang_module', 'show_device_4', 'Các thiết bị khác', 1728146692),
(2188, 12, 'lang_module', 'preview_theme_on', 'Cho phép xem trước', 1728146692),
(2189, 12, 'lang_module', 'preview_theme_off', 'Hủy xem trước', 1728146692),
(2190, 12, 'lang_module', 'preview_theme_link', 'Liên kết xem trước giao diện', 1728146692),
(2191, 12, 'lang_module', 'preview_theme_link_copied', 'Liên kết đã được sao chép vào bộ nhớ tạm', 1728146692),
(2192, 12, 'lang_module', 'settings', 'Cấu hình', 1728146692),
(2193, 12, 'lang_module', 'settings_utheme', 'Thiết lập giao diện người dùng', 1728146692),
(2194, 12, 'lang_module', 'settings_utheme_help', 'Người sử dụng có thể chuyển đổi giữa các giao diện bên dưới', 1728146692),
(2195, 12, 'lang_module', 'settings_utheme_note', 'Bạn cần thiết lập giao diện trước khi giao diện có thể xuất hiện bên dưới', 1728146692),
(2196, 12, 'lang_module', 'settings_utheme_lnote', 'Cấu hình này áp dụng cho ngôn ngữ <strong>%s</strong>', 1728146692),
(2197, 12, 'lang_module', 'settings_utheme_choose', 'Chọn giao diện', 1728146692),
(2198, 13, 'lang_module', 'upload_manager', 'Quản lý Files', 1728146692),
(2199, 13, 'lang_module', 'upload_delimg_confirm', 'Bạn có chắc muốn xóa file', 1728146692),
(2200, 13, 'lang_module', 'upload_delimgs_confirm', 'Bạn có chắc muốn xóa %s file này không', 1728146692),
(2201, 13, 'lang_module', 'upload_delimg_success', 'Xóa file thành công !', 1728146692),
(2202, 13, 'lang_module', 'upload_delimg_unsuccess', 'Lỗi không thể xóa file!', 1728146692),
(2203, 13, 'lang_module', 'upload_create_too_bigimg', 'Kích thước của hình quá lớn', 1728146692),
(2204, 13, 'lang_module', 'upload_create_invalid_filetype', 'Dạng File không hợp lệ', 1728146692),
(2205, 13, 'lang_module', 'upload_file_created', 'Đã tạo thành công file ', 1728146692),
(2206, 13, 'lang_module', 'upload_file_maxsize', 'File quá giới hạn cho phép', 1728146692),
(2207, 13, 'lang_module', 'upload_file_error_movefile', 'Lỗi không có quyền tạo file, hãy kiểm tra lại chmod thư mục', 1728146692),
(2208, 13, 'lang_module', 'upload_file_error_invalidurl', 'Đường dẫn file không hợp lệ', 1728146692),
(2209, 13, 'lang_module', 'upload_error_browser_ie6', 'Lỗi: Hệ thống không hỗ trợ chức năng này trên trình duyệt Internet Explorer 6, Bạn cần nâng cấp trình duyệt lên phiên bản mới hơn hoặc chuyển sang sử dụng các trình duyệt khác như: Mozilla Firefox, Safari, Opera, Chrome ... ', 1728146692),
(2210, 13, 'lang_module', 'upload_empty_path', 'Thông báo: Bạn cần chọn thư mục để duyệt file', 1728146692),
(2211, 13, 'lang_module', 'upload_size', 'Kích thước', 1728146692),
(2212, 13, 'lang_module', 'upload_width', 'Rộng', 1728146692),
(2213, 13, 'lang_module', 'upload_height', 'Cao', 1728146692),
(2214, 13, 'lang_module', 'upload_file', 'Upload file', 1728146692),
(2215, 13, 'lang_module', 'upload_mode', 'Chọn kiểu upload', 1728146692),
(2216, 13, 'lang_module', 'upload_mode_remote', 'Upload file từ internet', 1728146692),
(2217, 13, 'lang_module', 'upload_mode_local', 'Upload từ máy tính', 1728146692),
(2218, 13, 'lang_module', 'upload_otherurl', 'hoặc URL', 1728146692),
(2219, 13, 'lang_module', 'upload_delfile', 'Xóa file', 1728146692),
(2220, 13, 'lang_module', 'upload_cancel', 'Hủy', 1728146692),
(2221, 13, 'lang_module', 'upload_createimage', 'Công cụ ảnh', 1728146692),
(2222, 13, 'lang_module', 'upload_add_files', 'Thêm file', 1728146692),
(2223, 13, 'lang_module', 'type_file', 'Tất cả', 1728146692),
(2224, 13, 'lang_module', 'type_image', 'Hình ảnh', 1728146692),
(2225, 13, 'lang_module', 'type_flash', 'Flash', 1728146692),
(2226, 13, 'lang_module', 'rename', 'Đổi tên file', 1728146692),
(2227, 13, 'lang_module', 'renamefolder', 'Đổi tên Thư mục', 1728146692),
(2228, 13, 'lang_module', 'deletefolder', 'Xóa Thư mục', 1728146692),
(2229, 13, 'lang_module', 'createfolder', 'Tạo Thư mục', 1728146692),
(2230, 13, 'lang_module', 'recreatethumb', 'Tạo lại ảnh thumb', 1728146692),
(2231, 13, 'lang_module', 'recreatethumb_note', 'Chú ý: Chức năng này sẽ Xóa tất cả thumb thuộc thư mục, cả thư mục con và tạo lại ảnh thumb theo cấu hình mới. Quá trình này có thể kéo dài rất lâu, bạn không được đóng trình duyệt', 1728146692),
(2232, 13, 'lang_module', 'recreatethumb_result', 'Đã tạo lại ảnh thumb cho', 1728146692),
(2233, 13, 'lang_module', 'rename_newname', 'Tên mới', 1728146692),
(2234, 13, 'lang_module', 'rename_noname', 'Bạn chưa đặt tên mới cho file', 1728146692),
(2235, 13, 'lang_module', 'rename_error_folder', 'Lỗi: Hệ thống không đổi tên được thư mục', 1728146692),
(2236, 13, 'lang_module', 'rename_nonamefolder', 'Bạn chưa đặt tên mới cho thư mục hoặc tên thư mục không đúng quy chuẩn', 1728146692),
(2237, 13, 'lang_module', 'preview', 'Xem chi tiết', 1728146692),
(2238, 13, 'lang_module', 'movefolder', 'Chuyển đến thư mục', 1728146692),
(2239, 13, 'lang_module', 'select_folder', 'Chọn:', 1728146692),
(2240, 13, 'lang_module', 'delete_folder', 'Bạn có chắc muốn xóa thư mục này không. Nếu xóa thư mục này đồng nghĩa với việc toàn bộ các file trong thư mục này cũng bị xóa ?', 1728146692),
(2241, 13, 'lang_module', 'download', 'Tải về', 1728146692),
(2242, 13, 'lang_module', 'select', 'Chọn', 1728146692),
(2243, 13, 'lang_module', 'move', 'Di chuyển', 1728146692),
(2244, 13, 'lang_module', 'move_multiple', 'Di chuyển %s file', 1728146692),
(2245, 13, 'lang_module', 'origSize', 'Kích thước gốc', 1728146692),
(2246, 13, 'lang_module', 'sizenotchanged', 'Hình mà bạn muốn tạo mới có kích thước giống hình gốc', 1728146692),
(2247, 13, 'lang_module', 'name_folder_error', 'Bạn chưa đặt tên cho thư mục hoặc tên không đúng quy chuẩn', 1728146692),
(2248, 13, 'lang_module', 'foldername', 'Tên thư mục', 1728146692),
(2249, 13, 'lang_module', 'folder_exists', 'Lỗi! Đã có thư mục cùng tên tồn tại', 1728146692),
(2250, 13, 'lang_module', 'notlevel', 'Bạn không được cấp quyền thực hiện thao tác này', 1728146692),
(2251, 13, 'lang_module', 'notupload', 'Thư mục không được phép upload', 1728146692),
(2252, 13, 'lang_module', 'over_capacity', 'Hết dung lượng tải lên', 1728146692),
(2253, 13, 'lang_module', 'errorInfo', 'Thông báo', 1728146692),
(2254, 13, 'lang_module', 'selectfiletype', 'Hiển thị loại file', 1728146692),
(2255, 13, 'lang_module', 'refresh', 'Cập nhật lại', 1728146692),
(2256, 13, 'lang_module', 'author', 'Người tải file lên', 1728146692),
(2257, 13, 'lang_module', 'author0', 'của tất cả', 1728146692),
(2258, 13, 'lang_module', 'author1', 'của tôi', 1728146692),
(2259, 13, 'lang_module', 'uploadError1', 'Bạn cần chọn file trên PC hoặc chép đường dẫn tới file vào ô URL', 1728146692),
(2260, 13, 'lang_module', 'uploadError2', 'Lỗi: URL không đúng quy chuẩn', 1728146692),
(2261, 13, 'lang_module', 'uploadError3', 'Lỗi: Dữ liệu upload nhiều phần không đúng chuẩn', 1728146692),
(2262, 13, 'lang_module', 'pubdate', 'Cập nhật', 1728146692),
(2263, 13, 'lang_module', 'newSize', 'Tạo ảnh mới', 1728146692),
(2264, 13, 'lang_module', 'prView', 'Xem', 1728146692),
(2265, 13, 'lang_module', 'prViewExample', 'Xem ví dụ', 1728146692),
(2266, 13, 'lang_module', 'prViewExampleError', 'Hãy chọn thư mục, phương án và nhập đầy đủ kích thước, chất lượng ảnh thumb trước', 1728146692),
(2267, 13, 'lang_module', 'prViewExampleError1', 'Lỗi dữ liệu', 1728146692),
(2268, 13, 'lang_module', 'prViewExampleError2', 'Hệ thống không tìm thấy bất kỳ ảnh nào để đưa ra ví dụ. Bạn cần upload lên ít nhất một ảnh ở thư mục upload', 1728146692),
(2269, 13, 'lang_module', 'errorMinX', 'Lỗi: Chiều rộng nhỏ hơn mức cho phép', 1728146692),
(2270, 13, 'lang_module', 'errorMaxX', 'Lỗi: Chiều rộng lớn hơn mức cho phép', 1728146692),
(2271, 13, 'lang_module', 'errorMinY', 'Lỗi: Chiều cao nhỏ hơn mức cho phép', 1728146692),
(2272, 13, 'lang_module', 'errorMaxY', 'Lỗi: Chiều cao lớn hơn mức cho phép', 1728146692),
(2273, 13, 'lang_module', 'errorEmptyX', 'Lỗi: Chiều rộng chưa xác định', 1728146692),
(2274, 13, 'lang_module', 'errorEmptyY', 'Lỗi: Chiều cao chưa xác định', 1728146692),
(2275, 13, 'lang_module', 'clickSize', 'Nháy kép để lấy kích thước gốc', 1728146692),
(2276, 13, 'lang_module', 'goNewPath', 'Truy cập vào thư mục mới', 1728146692),
(2277, 13, 'lang_module', 'mirrorFile', 'Lưu bản sao ở thư mục cũ', 1728146692),
(2278, 13, 'lang_module', 'errorNotSelectFile', 'Lỗi: File chưa được chọn', 1728146692),
(2279, 13, 'lang_module', 'errorNotCopyFile', 'Lỗi: Vì một lý do nào đó hệ thống đã không thể chuyển file sang thư mục mới', 1728146692),
(2280, 13, 'lang_module', 'errorNotRenameFile', 'Lỗi: Vì một lý do nào đó hệ thống đã không thể thay tên mới cho file', 1728146692),
(2281, 13, 'lang_module', 'nopreview', 'Không hỗ trợ xem trước loại tệp tin này.', 1728146692),
(2282, 13, 'lang_module', 'errorNewSize', 'Bạn chỉ có thể tạo ảnh mới với chiều rộng: 10 - %d px, chiều cao: 10 - %d px', 1728146692),
(2283, 13, 'lang_module', 'maxSizeSize', 'Kích cỡ tối đa: %dx%dpx', 1728146692),
(2284, 13, 'lang_module', 'enter_url', 'Nhập URL file', 1728146692),
(2285, 13, 'lang_module', 'configlogo', 'Cấu hình chèn logo', 1728146692),
(2286, 13, 'lang_module', 'addlogo', 'Thêm Logo', 1728146692),
(2287, 13, 'lang_module', 'addlogosave', 'Lưu thay đổi', 1728146692),
(2288, 13, 'lang_module', 'notlogo', 'Lỗi: Hệ thống không tìm thấy file Logo, có thể bạn chưa cấu hình chèn ảnh logo hoặc file ảnh bị xóa, vui lòng cấu hình lại', 1728146692),
(2289, 13, 'lang_module', 'upload_logo', 'Logo khi thêm vào hình ảnh ', 1728146692),
(2290, 13, 'lang_module', 'upload_logo_pos', 'Vị trí của logo', 1728146692),
(2291, 13, 'lang_module', 'selectimg', 'Chọn hình ảnh', 1728146692),
(2292, 13, 'lang_module', 'autologo', 'Tự động chèn Logo vào ảnh của các module', 1728146692),
(2293, 13, 'lang_module', 'autologo_for_upload', 'Chèn logo vào tập tin tải lên (nếu là ảnh)', 1728146692),
(2294, 13, 'lang_module', 'autologomodall', 'Tất cả các module', 1728146692),
(2295, 13, 'lang_module', 'logosizecaption', 'Kích thước của logo', 1728146692),
(2296, 13, 'lang_module', 'imagewith', 'Nếu chiều rộng ảnh', 1728146692),
(2297, 13, 'lang_module', 'logowith', 'Chiều rộng của logo bằng', 1728146692),
(2298, 13, 'lang_module', 'logosize3', 'Sử dụng nguyên kích thước logo, Kích thước tối đa của logo bằng', 1728146692),
(2299, 13, 'lang_module', 'logoposbottomright', 'Phía dưới, bên phải', 1728146692),
(2300, 13, 'lang_module', 'logoposbottomleft', 'Phía dưới, bên trái', 1728146692),
(2301, 13, 'lang_module', 'logoposbottomcenter', 'Phía dưới, ở giữa', 1728146692),
(2302, 13, 'lang_module', 'logoposcenterright', 'Ở giữa, bên phải', 1728146692),
(2303, 13, 'lang_module', 'logoposcenterleft', 'Ở giữa, bên trái', 1728146692),
(2304, 13, 'lang_module', 'logoposcentercenter', 'Chính giữa ảnh', 1728146692),
(2305, 13, 'lang_module', 'logopostopright', 'Phía trên, bên phải', 1728146692),
(2306, 13, 'lang_module', 'logopostopleft', 'Phía trên, bên trái', 1728146692),
(2307, 13, 'lang_module', 'logopostopcenter', 'Phía trên, ở giữa', 1728146692),
(2308, 13, 'lang_module', 'fileimage', 'ảnh', 1728146692),
(2309, 13, 'lang_module', 'filerelativepath', 'Đường dẫn tương đối', 1728146692),
(2310, 13, 'lang_module', 'fileabsolutepath', 'Đường dẫn tuyệt đối', 1728146692),
(2311, 13, 'lang_module', 'altimage', 'Chú thích cho hình', 1728146692),
(2312, 13, 'lang_module', 'filepathcopied', 'Đường dẫn đã được sao chép', 1728146692),
(2313, 13, 'lang_module', 'uploadconfig', 'Cấu hình upload', 1728146692),
(2314, 13, 'lang_module', 'uploadconfig_ban_ext', 'Phần mở rộng bị cấm', 1728146692),
(2315, 13, 'lang_module', 'uploadconfig_ban_mime', 'Loại mime bị cấm', 1728146692),
(2316, 13, 'lang_module', 'uploadconfig_types', 'Loại files cho phép', 1728146692),
(2317, 13, 'lang_module', 'sys_max_size', 'Server của bạn chỉ cho phép tải file có dung lượng tối đa', 1728146692),
(2318, 13, 'lang_module', 'nv_max_size', 'Dung lượng tối đa của file tải lên', 1728146692),
(2319, 13, 'lang_module', 'nv_max_width_height', 'Kích thước tối đa của hình tải lên', 1728146692),
(2320, 13, 'lang_module', 'nv_auto_resize', 'Tự động resize ảnh nếu kích thước lớn hơn kích thước tối đa', 1728146692),
(2321, 13, 'lang_module', 'upload_checking_mode', 'Kiểu kiểm tra file tải lên', 1728146692),
(2322, 13, 'lang_module', 'strong_mode', 'Mạnh', 1728146692),
(2323, 13, 'lang_module', 'mild_mode', 'Vừa phải', 1728146692),
(2324, 13, 'lang_module', 'lite_mode', 'Yếu', 1728146692),
(2325, 13, 'lang_module', 'none_mode', 'Không', 1728146692),
(2326, 13, 'lang_module', 'upload_checking_note', 'Máy chủ của bạn không hỗ trợ một số hàm xác định loại file. Nếu chọn \"Mạnh\", bạn sẽ không thể upload file lên host', 1728146692),
(2327, 13, 'lang_module', 'thumbconfig', 'Cấu hình ảnh thumbnail', 1728146692),
(2328, 13, 'lang_module', 'thumb_width_height', 'Kích thước thumbnail của hình ảnh', 1728146692),
(2329, 13, 'lang_module', 'thumb_note', 'Hình ảnh thumbnail sẽ được dùng tại các vị trí dùng ảnh nhỏ, kích thước này sẽ không thay đổi các file đã có', 1728146692),
(2330, 13, 'lang_module', 'thumb_type', 'resize theo phương án', 1728146692),
(2331, 13, 'lang_module', 'thumb_type_1', 'resize ảnh theo chiều rộng', 1728146692),
(2332, 13, 'lang_module', 'thumb_type_2', 'resize ảnh theo chiều cao', 1728146692),
(2333, 13, 'lang_module', 'thumb_type_3', 'resize ảnh theo hai chiều', 1728146692),
(2334, 13, 'lang_module', 'thumb_type_4', 'resize và crop ảnh theo kích thước', 1728146692),
(2335, 13, 'lang_module', 'thumb_type_5', 'resize và crop top ảnh theo kích thước', 1728146692),
(2336, 13, 'lang_module', 'thumb_quality', 'Chất lượng hình ảnh resize', 1728146692),
(2337, 13, 'lang_module', 'thumb_dir', 'Thư mục', 1728146692),
(2338, 13, 'lang_module', 'thumb_dir_default', 'Cấu hình mặc định', 1728146692),
(2339, 13, 'lang_module', 'search', 'Tìm kiếm', 1728146692),
(2340, 13, 'lang_module', 'order0', 'Sắp xếp theo ngày mới', 1728146692),
(2341, 13, 'lang_module', 'order1', 'Sắp xếp theo ngày cũ', 1728146692),
(2342, 13, 'lang_module', 'order2', 'Sắp xếp theo tên file', 1728146692),
(2343, 13, 'lang_module', 'searchdir', 'Tìm kiếm trong thư mục', 1728146692),
(2344, 13, 'lang_module', 'searchkey', 'Từ khóa tìm kiếm', 1728146692),
(2345, 13, 'lang_module', 'original_image', 'Ảnh gốc', 1728146692),
(2346, 13, 'lang_module', 'thumb_image', 'Ảnh thumb', 1728146692),
(2347, 13, 'lang_module', 'crop', 'Cắt ảnh', 1728146692),
(2348, 13, 'lang_module', 'crop_error_small', 'Ảnh này kích thước quá nhỏ, không nên cắt', 1728146692),
(2349, 13, 'lang_module', 'crop_keep_original', 'Giữ lại ảnh gốc', 1728146692),
(2350, 13, 'lang_module', 'rotate', 'Xoay ảnh', 1728146692),
(2351, 13, 'lang_module', 'waiting', 'Đang tải dữ liệu, vui lòng đợi', 1728146692),
(2352, 13, 'lang_module', 'file_no_exists', 'File không tồn tại', 1728146692),
(2353, 13, 'lang_module', 'file_name', 'Tên file', 1728146692),
(2354, 13, 'lang_module', 'upload_status', 'Trạng thái', 1728146692),
(2355, 13, 'lang_module', 'upload_info', 'Đã tải lên %s/%s tệp. Tốc độ %s/s', 1728146692),
(2356, 13, 'lang_module', 'upload_stop', 'Dừng', 1728146692),
(2357, 13, 'lang_module', 'upload_finish', 'Hoàn tất', 1728146692),
(2358, 13, 'lang_module', 'upload_continue', 'Tiếp tục', 1728146692),
(2359, 13, 'lang_module', 'addlogo_error_small', 'Ảnh này kích thước quá nhỏ, không thể chèn logo vào', 1728146692),
(2360, 13, 'lang_module', 'upload_alt_require', 'Bắt buộc nhập chú thích cho file khi upload', 1728146692),
(2361, 13, 'lang_module', 'upload_auto_alt', 'Tự xác định mô tả từ tên ảnh', 1728146692),
(2362, 13, 'lang_module', 'upload_alt_note', 'Hãy nhập chú thích cho file trước', 1728146692),
(2363, 13, 'lang_module', 'upload_view_thumbnail', 'Chuyển sang xem theo dạng lưới', 1728146692),
(2364, 13, 'lang_module', 'upload_view_detail', 'Chuyển sang xem theo dạng danh sách', 1728146692),
(2365, 13, 'lang_module', 'upload_chunk', 'Chunk Upload', 1728146692),
(2366, 13, 'lang_module', 'upload_chunk_help', 'Chức năng này hỗ trợ chia nhỏ tập tin upload thành nhiều gói nhỏ, hỗ trợ upload tập tin lớn đến rất lớn lên máy chủ. Nếu bạn không có ý định cho phép upload các tập tin lớn hãy để trống giá bị bên trên', 1728146692),
(2367, 13, 'lang_module', 'upload_overflow', 'Upload vượt giới hạn', 1728146692),
(2368, 13, 'lang_module', 'upload_overflow_help', 'Cho phép tải lên các tập tin có kích thước lớn hơn dung lượng tối đa được tải lên. Lưu ý: Chỉ có tác dụng khi tải lên trực tiếp tập tin từ máy tính tại phần quản lý file, phần Chunk Upload bên trên được thiết lập. Giá trị cấu hình tại đây không được nhỏ hơn dung lượng tối đa của file tải lên được thiết lập bên trên', 1728146692),
(2369, 13, 'lang_module', 'nv_mobile_mode_img', 'Tạo hình ảnh cho chế độ di động', 1728146692),
(2370, 13, 'lang_module', 'nv_mobile_mode_img_note', 'Chiều rộng hình ảnh (0 = không tạo)', 1728146692),
(2371, 13, 'lang_module', 'show_folder_size', 'Hiển thị dung lượng thư mục trong cây thư mục', 1728146692),
(2372, 14, 'lang_module', 'clearsystem', 'Dọn dẹp hệ thống', 1728146692),
(2373, 14, 'lang_module', 'clearcache', 'Làm sạch cache', 1728146692),
(2374, 14, 'lang_module', 'cleardumpbackup', 'Xóa các file backup CSDL', 1728146692),
(2375, 14, 'lang_module', 'clearfiletemp', 'Xóa các file tạm', 1728146692),
(2376, 14, 'lang_module', 'clearerrorlogs', 'Xóa các thông báo lỗi', 1728146692),
(2377, 14, 'lang_module', 'submit', 'Thực hiện', 1728146692),
(2378, 14, 'lang_module', 'deletedetail', 'Đã xóa thành công các file sau đây', 1728146692),
(2379, 14, 'lang_module', 'checkupdate', 'Kiểm tra phiên bản', 1728146692),
(2380, 14, 'lang_module', 'checkSystem', 'Hệ thống', 1728146692),
(2381, 14, 'lang_module', 'checkExtensions', 'Các ứng dụng', 1728146692),
(2382, 14, 'lang_module', 'checkContent', 'Nội dung', 1728146692),
(2383, 14, 'lang_module', 'checkValue', 'Giá trị', 1728146692),
(2384, 14, 'lang_module', 'userVersion', 'Phiên bản đang sử dụng', 1728146692),
(2385, 14, 'lang_module', 'onlineVersion', 'Phiên bản mới nhất', 1728146692),
(2386, 14, 'lang_module', 'newVersion_detail', 'Số phiên bản: %s; Tên phiên bản: %s; Cập nhật: %s', 1728146692),
(2387, 14, 'lang_module', 'newVersion_info1', 'NukeViet CMS mà bạn đang sử dụng cần được nâng cấp lên phiên bản mới. Hãy click <a href=\"%s\">Vào đây</a> để tiến hành nâng cấp', 1728146692),
(2388, 14, 'lang_module', 'newVersion_info2', 'NukeViet CMS mà bạn đang sử dụng cần được nâng cấp lên phiên bản mới, tuy nhiên phiên bản bạn đang sử dụng không thể trực tiếp nâng cấp lên phiên bản mới nhất mà chỉ có thể nâng cấp tối đa lên phiên bản %s. Hãy click <a href=\"%s\">Vào đây</a> để nâng cấp', 1728146692),
(2389, 14, 'lang_module', 'newVersion_info3', 'NukeViet CMS mà bạn đang sử dụng cần được nâng cấp lên phiên bản mới, tuy nhiên phiên bản bạn đang sử dụng không được hỗ trợ nâng cấp tự động lên phiên bản này. Hãy click <a href=\"%s\">Vào đây</a> để xem hướng dẫn chi tiết hơn', 1728146692),
(2390, 14, 'lang_module', 'reCheck', 'Cập nhật lại thông tin', 1728146692),
(2391, 14, 'lang_module', 'extName', 'Tên ứng dụng', 1728146692),
(2392, 14, 'lang_module', 'extType', 'Loại ứng dụng', 1728146692),
(2393, 14, 'lang_module', 'extType_module', 'Module', 1728146692),
(2394, 14, 'lang_module', 'extType_block', 'Block', 1728146692),
(2395, 14, 'lang_module', 'extType_theme', 'Giao diện', 1728146692),
(2396, 14, 'lang_module', 'extType_cronjob', 'Tiến trình tự động', 1728146692),
(2397, 14, 'lang_module', 'extType_other', 'Khác', 1728146692),
(2398, 14, 'lang_module', 'extInfo', 'Thông tin', 1728146692),
(2399, 14, 'lang_module', 'extNew', 'Các ứng dụng mới', 1728146692),
(2400, 14, 'lang_module', 'extNote', 'Ghi chú', 1728146692),
(2401, 14, 'lang_module', 'extNote1', 'Ứng dụng chưa được kiểm tra', 1728146692),
(2402, 14, 'lang_module', 'extNote1_detail', 'Rất tiếc là ứng dụng này chưa được kiểm tra và xác nhận tính hợp lệ từ NUKEVIET GROUP. Sử dụng nó, tức là bạn chấp nhận những rủi ro nằm ngoài tầm kiểm soát của hệ thống', 1728146692),
(2403, 14, 'lang_module', 'extNote3', 'Phiên bản không xác định', 1728146692),
(2404, 14, 'lang_module', 'extNote4', 'Cần cập nhật phiên bản mới', 1728146692),
(2405, 14, 'lang_module', 'extNote5', 'Đã cài phiên bản mới nhất', 1728146692),
(2406, 14, 'lang_module', 'extUpdNote1', 'Ứng dụng này cần cập nhật lên phiên bản mới, tuy nhiên chưa hỗ trợ nâng cấp tự động, click <a href=\"%s\">Vào đây</a> để xem thông tin thêm', 1728146692),
(2407, 14, 'lang_module', 'extUpdNote2', 'Ứng dụng này cần cập nhật lên phiên bản mới, tuy nhiên trình nâng cấp tự động chưa hỗ trợ, bạn chỉ có thể nâng cấp lên phiên bản %s. Nhấp <a href=\"%s\">Vào đây</a> để tiến hành nâng cấp.', 1728146692),
(2408, 14, 'lang_module', 'extUpdNote3', 'Ứng dụng này có thể nâng cấp tự động lên phiên bản mới nhất, nhấp <a href=\"%s\">Vào đây</a> để tiến hành nâng cấp.', 1728146692),
(2409, 14, 'lang_module', 'extAuthor', 'Tác giả', 1728146692),
(2410, 14, 'lang_module', 'extLicense', 'Bản quyền', 1728146692),
(2411, 14, 'lang_module', 'extMode', 'Lưu hành', 1728146692),
(2412, 14, 'lang_module', 'extModeSys', 'Cùng hệ thống', 1728146692),
(2413, 14, 'lang_module', 'extModeOther', 'Độc lập', 1728146692),
(2414, 14, 'lang_module', 'extLink', 'Link tải về', 1728146692),
(2415, 14, 'lang_module', 'extSupport', 'Website hỗ trợ', 1728146692),
(2416, 14, 'lang_module', 'checkDate', 'Cập nhật vào', 1728146692),
(2417, 14, 'lang_module', 'config', 'Cấu hình kiểm tra phiên bản', 1728146692),
(2418, 14, 'lang_module', 'autocheckupdate', 'Bật tính năng kiểm tra phiên bản tự động', 1728146692),
(2419, 14, 'lang_module', 'updatetime', 'Thời gian kiểm lại phiên bản sau', 1728146692),
(2420, 14, 'lang_module', 'clearip_logs', 'Xóa ip logs', 1728146692),
(2421, 14, 'lang_module', 'update_manual_delete', 'Hãy xóa thủ công.', 1728146692),
(2422, 14, 'lang_module', 'error_unknow', 'Lỗi chưa xác định', 1728146692),
(2423, 14, 'lang_module', 'get_update', 'Cập nhật hệ thống', 1728146692),
(2424, 14, 'lang_module', 'get_update_error_file_download', 'Tải gói cập nhật thất bại', 1728146692),
(2425, 14, 'lang_module', 'get_update_error_file_download1', 'Bạn có thể thử cách cập nhật khác theo hướng dẫn tại đây: <a href=\"%1$s\" target=\"_blank\">%1$s</a>', 1728146692),
(2426, 14, 'lang_module', 'get_update_ok', 'Gói nâng cấp an toàn, nhấp <a href=\"%s\">Vào đây</a> để tiến hành giải nén gói nâng cấp', 1728146692),
(2427, 14, 'lang_module', 'get_update_warning', 'Gói nâng cấp này có thể gây nguy hại đến website của bạn nếu có bất kỳ lỗi nào xảy ra, do đó bạn nên sao lưu toàn bộ website trước khi thực hiện, nhấp <a href=\"%s\">Vào đây</a> để tiến hành giải nén gói nâng cấp', 1728146692),
(2428, 14, 'lang_module', 'get_update_warning_permission_folder', 'Lỗi không thể tạo thư mục.', 1728146692),
(2429, 14, 'lang_module', 'get_update_error_movefile', 'Lỗi không thể di chuyển file', 1728146692),
(2430, 14, 'lang_module', 'get_update_cantunzip', 'Lỗi không thể giải nén. Hãy kiểm tra lại chmod các thư mục.', 1728146692),
(2431, 14, 'lang_module', 'get_update_okunzip', 'Giải nén thành công, hệ thống sẽ chuyển trang trong giây lát', 1728146692),
(2432, 14, 'lang_module', 'get_update_okunzip_link', 'Đến trang nâng cấp', 1728146692),
(2433, 14, 'lang_module', 'global_statistics', 'Cấu hình thống kê', 1728146692),
(2434, 14, 'lang_module', 'statistic', 'Kích hoạt tiện ích thống kê', 1728146692),
(2435, 14, 'lang_module', 'statistics_timezone', 'Múi giờ dùng khi thống kê truy cập', 1728146692),
(2436, 14, 'lang_module', 'online_upd', 'Kích hoạt tiện ích đếm số người online', 1728146692),
(2437, 14, 'lang_module', 'googleAnalyticsID', 'Mã Google Universal Analytics<br />(Có dạng UA-XXXXX-X, <a href=\"http://www.google.com/analytics/\" target=\"_blank\">xem chi tiết</a>)', 1728146692),
(2438, 14, 'lang_module', 'googleAnalytics4ID', 'Mã Google Analytics 4<br />(Có dạng G-XXXXXXXX hoặc UA-XXXXX-X, <a href=\"http://www.google.com/analytics/\" target=\"_blank\">xem chi tiết</a>)', 1728146692),
(2439, 14, 'lang_module', 'referer_blocker', 'Kích hoạt tiện ích kiểm tra, thống kê đường dẫn đến site', 1728146692),
(2440, 15, 'lang_module', 'main', 'Zalo', 1728146692),
(2441, 15, 'lang_module', 'settings', 'Cấu hình', 1728146692),
(2442, 15, 'lang_module', 'zalo_official_account_id', 'Official Account ID (OAID)', 1728146692),
(2443, 15, 'lang_module', 'oa_create_note', '<ul><li>Nếu chưa có Official Account, bạn có thể tạo nó <a href=\"%s\" target=\"_blank\">tại đây</a></li><li>Để lấy OAID, hãy truy cập <a href=\"%s\" target=\"_blank\">tại đây</a></li></ul>', 1728146692),
(2444, 15, 'lang_module', 'app_id', 'ID ứng dụng', 1728146692),
(2445, 15, 'lang_module', 'app_secret_key', 'Khóa bí mật của ứng dụng', 1728146692),
(2446, 15, 'lang_module', 'app_note', '<ul><li>Nếu chưa có ứng dụng, bạn có thể tạo nó <a href=\"%s\" target=\"_blank\">tại đây</a>.</li><li>Truy cập trang <a href=\"%s\" target=\"_blank\">Quản lý ứng dụng</a>, click vào ứng dụng mong muốn để đến trang cài đặt, copy ID ứng dụng và Khóa bí mật của ứng dụng vào 2 ô tương ứng bên (Chú ý: Nếu ứng dụng đang ở trạng thái Chưa kích hoạt, bạn cần click vào nút chuyển ở góc phải phía trên để chuyển ứng dụng sang trạng thái Đang hoạt động).</li><li>Click vào nút «Official Account» => «Quản lý Official Account» ở thanh menu bên trái để thiết lập liên kết với Official Account mà bạn khai báo trên.</li><li>Click vào nút «Official Account» => «Thiết lập chung» ở thanh menu bên trái, tìm đến ô «Official Account Callback Url» và click vào nút «Cập nhật» để nhập vào giá trị sau:<code>%s</code>, sau đó click nút «Lưu» bên cạnh. Tiếp tục đến khu vực «Chọn quyền cần yêu cầu được cấp từ OA», chọn tất cả các quyền sử dụng API và click vào nút «Lưu»</li><li>Click vào nút «Đăng nhập», ở trang hiện ra click vào nút «Web», khai báo ô «Home URL»  giá trị: <code>%s</code>, sau đó lần lượt thêm 2 giá trị sau vào ô «Callback URL»: <code>%s</code> và <code>%s</code>, click vào «Lưu thay đổi».</li></ul>', 1728146692),
(2447, 15, 'lang_module', 'access_token', 'Mã thực thi (access token)', 1728146692),
(2448, 15, 'lang_module', 'refresh_token', 'Mã làm mới (refresh token)', 1728146692),
(2449, 15, 'lang_module', 'submit', 'Thực hiện', 1728146692),
(2450, 15, 'lang_module', 'access_token_create', 'Tạo Mã thực thi', 1728146692),
(2451, 15, 'lang_module', 'oa_id_empty', 'Lỗi: Official Account ID chưa được khai báo', 1728146692),
(2452, 15, 'lang_module', 'redirect_uri_empty', 'Lỗi: Callback Url chưa được khai báo', 1728146692),
(2453, 15, 'lang_module', 'app_id_empty', 'Lỗi: ID ứng dụng chưa được khai báo', 1728146692),
(2454, 15, 'lang_module', 'app_seckey_empty', 'Lỗi: Khóa bí mật của ứng dụng chưa được khai báo', 1728146692),
(2455, 15, 'lang_module', 'refresh_token_empty', 'Lỗi: Mã làm mới chưa được xác định', 1728146692),
(2456, 15, 'lang_module', 'not_response', 'Lỗi: Không có dữ liệu trả về', 1728146692),
(2457, 15, 'lang_module', 'oa_id_incorrect', 'Lỗi: OAID trả về không khớp với OAID mà bạn khai báo', 1728146692),
(2458, 15, 'lang_module', 'refresh_token_expired', 'Lỗi: Mã làm mới đã hết hạn', 1728146692),
(2459, 16, 'lang_module', 'plan_title', 'Khối quảng cáo', 1728146692),
(2460, 16, 'lang_module', 'plan_info', 'Thông tin', 1728146692),
(2461, 16, 'lang_module', 'main_title', 'Danh sách các khối quảng cáo', 1728146692),
(2462, 16, 'lang_module', 'main_page_info', 'Quảng cáo là một hình thức tăng lượng truy cập đến website của bạn. Nếu bạn quan tâm đến tiện ích này, chúng tôi sẽ cung cấp đến bạn các khối quảng cáo dưới đây', 1728146692),
(2463, 16, 'lang_module', 'title', 'Tiêu đề', 1728146692),
(2464, 16, 'lang_module', 'blang', 'Ngôn ngữ', 1728146692),
(2465, 16, 'lang_module', 'size', 'Kích thước', 1728146692),
(2466, 16, 'lang_module', 'form', 'Kiểu thể hiện', 1728146692),
(2467, 16, 'lang_module', 'description', 'Mô tả', 1728146692),
(2468, 16, 'lang_module', 'blang_all', 'Tất cả', 1728146692),
(2469, 16, 'lang_module', 'add_banner', 'Gửi đề nghị Quảng cáo mới', 1728146692),
(2470, 16, 'lang_module', 'tool_management', 'Công cụ quản lý', 1728146692),
(2471, 16, 'lang_module', 'client_addads', 'Thêm quảng cáo', 1728146692),
(2472, 16, 'lang_module', 'client_stats', 'Xem thống kê', 1728146692),
(2473, 16, 'lang_module', 'addads_pagetitle', 'Thêm quảng cáo mới', 1728146692),
(2474, 16, 'lang_module', 'addads_title', 'Tiêu đề', 1728146692),
(2475, 16, 'lang_module', 'addads_block', 'Thuộc khối', 1728146692),
(2476, 16, 'lang_module', 'addads_client', 'Khách hàng', 1728146692),
(2477, 16, 'lang_module', 'addads_adsdata', 'File hình', 1728146692),
(2478, 16, 'lang_module', 'addads_description', 'Chú thích cho hình', 1728146692),
(2479, 16, 'lang_module', 'addads_url', 'Url khi click vào hình', 1728146692),
(2480, 16, 'lang_module', 'addads_confirm', 'Xác nhận', 1728146692),
(2481, 16, 'lang_module', 'addads_block_lang_all', 'Tất cả ngôn ngữ', 1728146692),
(2482, 16, 'lang_module', 'addads_block_lang_vi', 'Tiếng Việt', 1728146692),
(2483, 16, 'lang_module', 'addads_block_lang_en', 'Tiếng Anh', 1728146692),
(2484, 16, 'lang_module', 'addads_block_lang_ru', 'Tiếng Nga', 1728146692),
(2485, 16, 'lang_module', 'addads_block_lang_zz', 'Khác', 1728146692),
(2486, 16, 'lang_module', 'title_empty', 'Tiêu đề chưa được khai báo', 1728146692),
(2487, 16, 'lang_module', 'plan_not_selected', 'Bạn chưa chọn Khối cho quảng cáo', 1728146692),
(2488, 16, 'lang_module', 'plan_wrong_selected', 'Khối cho quảng cáo bạn chọn không tồn tại', 1728146692),
(2489, 16, 'lang_module', 'click_url_invalid', 'URL đích không chính xác', 1728146692),
(2490, 16, 'lang_module', 'file_upload_empty', 'Hình quảng cáo chưa được xác định', 1728146692),
(2491, 16, 'lang_module', 'upload_blocked', 'Việc tải lên các file hình ảnh ở khối quảng cáo này đã bị cấm bởi hệ thống, vì vậy bạn không thể thêm quảng cáo. Hãy liên hệ với quản trị site về điều này', 1728146692),
(2492, 16, 'lang_module', 'addads_require_login', 'Chức năng này chỉ dành cho khách hàng đã đăng ký', 1728146692),
(2493, 16, 'lang_module', 'addads_success', 'Thêm quảng cáo thành công ! Chúng tôi sẽ kiểm tra yêu cầu của bạn và liên hệ với bạn trong thời gian sớm nhất', 1728146692),
(2494, 16, 'lang_module', 'stats_views', 'Thống kê quảng cáo', 1728146692),
(2495, 16, 'lang_module', 'stats_views_country', 'Theo quốc gia', 1728146692),
(2496, 16, 'lang_module', 'stats_views_month', 'Tháng', 1728146692),
(2497, 16, 'lang_module', 'stats_views_select', 'Hãy chọn', 1728146692),
(2498, 16, 'lang_module', 'stats_views_ads', 'Quảng cáo', 1728146692),
(2499, 16, 'lang_module', 'login_to_check', 'Hãy đăng nhập thành viên để kiểm tra quyền đăng quảng cáo. Nhấp vào đây để đăng nhập', 1728146692),
(2500, 16, 'lang_module', 'no_permission', 'Bạn không có quyền đăng quảng cáo. Hãy liên hệ với quản trị site để được cấp quyền đăng quảng cáo', 1728146692),
(2501, 16, 'lang_module', 'plan_allowed', 'Quyền đăng', 1728146692),
(2502, 16, 'lang_module', 'plan_allowed_yes', 'Có', 1728146692),
(2503, 16, 'lang_module', 'plan_allowed_no', 'Không', 1728146692),
(2504, 16, 'lang_module', 'form_random', 'Hiển thị tất cả quảng cáo với tần suất 100%, vị trí sắp xếp ngẫu nhiên', 1728146692),
(2505, 16, 'lang_module', 'form_random_one', 'Hiển thị 1 quảng cáo với tần suất chia đều', 1728146692),
(2506, 16, 'lang_module', 'form_sequential', 'Hiển thị tất cả quảng cáo với tần suất 100%, vị trí sắp xếp tuần tự', 1728146692),
(2507, 17, 'lang_module', 'uploadtype', 'Kiểu file được upload', 1728146692),
(2508, 17, 'lang_module', 'is_act', 'Hiệu lực', 1728146692),
(2509, 17, 'lang_module', 'require_image', 'Loại quảng cáo', 1728146692),
(2510, 17, 'lang_module', 'require_image0', 'Textlink', 1728146692),
(2511, 17, 'lang_module', 'require_image1', 'Hình ảnh', 1728146692),
(2512, 17, 'lang_module', 'act0', 'Đang hẹn giờ hoạt động', 1728146692),
(2513, 17, 'lang_module', 'act1', 'Đang hoạt động', 1728146692),
(2514, 17, 'lang_module', 'act2', 'Đã hết hạn', 1728146692),
(2515, 17, 'lang_module', 'act3', 'Đang bị đình chỉ hoạt động', 1728146692),
(2516, 17, 'lang_module', 'act4', 'Đang đợi chấp nhận', 1728146692),
(2517, 17, 'lang_module', 'change_act', 'Đình chỉ/Kích hoạt', 1728146692),
(2518, 17, 'lang_module', 'add_banner', 'Thêm quảng cáo', 1728146692),
(2519, 17, 'lang_module', 'add_banner_client', 'Thêm quảng cáo cho khách hàng &ldquo;<strong>%s</strong>&rdquo;', 1728146692),
(2520, 17, 'lang_module', 'plans_list', 'Khối quảng cáo', 1728146692),
(2521, 17, 'lang_module', 'plans_list2', 'Danh sách các khối quảng cáo', 1728146692),
(2522, 17, 'lang_module', 'in_plan', 'Thuộc Khối', 1728146692),
(2523, 17, 'lang_module', 'add_plan', 'Thêm Khối', 1728146692),
(2524, 17, 'lang_module', 'banners_list', 'Quảng cáo', 1728146692),
(2525, 17, 'lang_module', 'title', 'Tiêu đề', 1728146692),
(2526, 17, 'lang_module', 'title_empty', 'Tiêu đề chưa được khai báo', 1728146692),
(2527, 17, 'lang_module', 'size_incorrect', 'Kích thước của quảng cáo trong khối tối thiểu là 50x50px', 1728146692),
(2528, 17, 'lang_module', 'add_plan_info', 'Để thêm Khối mới, bạn cần điền đầy đủ vào các ô trống dưới đây', 1728146692),
(2529, 17, 'lang_module', 'edit_plan_info', 'Những ô có đánh dấu hoa thị bắt buộc phải khai báo', 1728146692),
(2530, 17, 'lang_module', 'width', 'Chiều rộng', 1728146692),
(2531, 17, 'lang_module', 'height', 'Chiều cao', 1728146692),
(2532, 17, 'lang_module', 'blang', 'Ngôn ngữ', 1728146692),
(2533, 17, 'lang_module', 'blang_all', 'Tất cả ngôn ngữ', 1728146692),
(2534, 17, 'lang_module', 'size', 'Kích thước quảng cáo', 1728146692),
(2535, 17, 'lang_module', 'description', 'Giới thiệu về Khối', 1728146692),
(2536, 17, 'lang_module', 'edit_plan', 'Sửa Khối quảng cáo', 1728146692),
(2537, 17, 'lang_module', 'info_plan', 'Thông tin về Khối quảng cáo', 1728146692),
(2538, 17, 'lang_module', 'info_plan_caption', 'Thông tin về khối quảng cáo &ldquo;<strong>%s</strong>&rdquo;', 1728146692),
(2539, 17, 'lang_module', 'plan_not_selected', 'Bạn chưa chọn Khối cho quảng cáo', 1728146692),
(2540, 17, 'lang_module', 'file_upload_empty', 'Hình quảng cáo chưa được xác định', 1728146692),
(2541, 17, 'lang_module', 'upload_blocked', 'Việc tải lên các file hình ảnh đã bị cấm bởi hệ thống, vì vậy bạn không thể thêm quảng cáo. Hãy kiểm tra lại cấu hình của site hoặc việc cấp phép các kiểu file được tải lên trong tài khoản quản trị của bạn', 1728146692),
(2542, 17, 'lang_module', 'add_banner_info', 'Để thêm quảng cáo mới, bạn cần khai báo đầy đủ vào các ô trống dưới đây', 1728146692),
(2543, 17, 'lang_module', 'upload', 'File hình quảng cáo (%s)', 1728146692),
(2544, 17, 'lang_module', 're_upload', 'Thay hình quảng cáo mới (%s)', 1728146692),
(2545, 17, 'lang_module', 'imageforswf', 'Hình quảng cáo nếu trình duyệt là mobile', 1728146692),
(2546, 17, 'lang_module', 'file_alt', 'Chú thích cho hình', 1728146692),
(2547, 17, 'lang_module', 'click_url', 'URL khi click vào quảng cáo', 1728146692),
(2548, 17, 'lang_module', 'add_date', 'Khởi tạo', 1728146692),
(2549, 17, 'lang_module', 'publ_date', 'Bắt đầu', 1728146692),
(2550, 17, 'lang_module', 'exp_date', 'Kết thúc', 1728146692),
(2551, 17, 'lang_module', 'edit_banner', 'Sửa quảng cáo', 1728146692),
(2552, 17, 'lang_module', 'edit_banner_info', 'Những ô có đánh dấu hoa thị bắt buộc phải khai báo', 1728146692),
(2553, 17, 'lang_module', 'file_name', 'Hình quảng cáo', 1728146692),
(2554, 17, 'lang_module', 'banners_list0', 'Các quảng cáo đang hẹn giờ hoạt động', 1728146692),
(2555, 17, 'lang_module', 'banners_list1', 'Các quảng cáo đang hoạt động', 1728146692),
(2556, 17, 'lang_module', 'banners_list2', 'Các quảng cáo đã hết hạn', 1728146692),
(2557, 17, 'lang_module', 'banners_list3', 'Các quảng cáo đang bị đình chỉ hoạt động', 1728146692),
(2558, 17, 'lang_module', 'banners_list4', 'Các quảng cáo đang đợi duyệt', 1728146692),
(2559, 17, 'lang_module', 'banners_list_cl', 'của thành viên &ldquo;<strong>%s</strong>&rdquo;', 1728146692),
(2560, 17, 'lang_module', 'banners_list_pl', 'thuộc khối &ldquo;<strong>%s</strong>&rdquo;', 1728146692),
(2561, 17, 'lang_module', 'unlimited', 'Không hạn chế', 1728146692),
(2562, 17, 'lang_module', 'info_banner_title', 'Thông tin quảng cáo', 1728146692),
(2563, 17, 'lang_module', 'info_banner_caption', 'Các thông tin chi tiết về quảng cáo &ldquo;<strong>%s</strong>&rdquo;', 1728146692),
(2564, 17, 'lang_module', 'click_show_img', 'Click để xem', 1728146692),
(2565, 17, 'lang_module', 'img_info1', 'Thông tin về hình', 1728146692),
(2566, 17, 'lang_module', 'img_info2', 'Định dạng: %1$s (%2$s)<br />Kích thước: %3$d x %4$d px', 1728146692),
(2567, 17, 'lang_module', 'hits_total', 'Tổng số click', 1728146692),
(2568, 17, 'lang_module', 'please_select_month', 'Xem thống kê chi tiết trong', 1728146692),
(2569, 17, 'lang_module', 'info_stat_caption', 'Thống kê chi tiết', 1728146692),
(2570, 17, 'lang_module', 'select', 'Click để xem', 1728146692),
(2571, 17, 'lang_module', 'info_stat_byday_caption', 'Thống kê số lần click theo các ngày trong %1$s năm %2$s', 1728146692),
(2572, 17, 'lang_module', 'info_stat_bycountry_caption', 'Thống kê số lần click theo Khu vực trong %1$s năm %2$s', 1728146692),
(2573, 17, 'lang_module', 'info_stat_bybrowse_caption', 'Thống kê số lần click theo Trình duyệt trong %1$s năm %2$s', 1728146692),
(2574, 17, 'lang_module', 'info_stat_byos_caption', 'Thống kê số lần click theo Hệ điều hành trong %1$s năm %2$s', 1728146692),
(2575, 17, 'lang_module', 'exts_day', 'theo Ngày', 1728146692),
(2576, 17, 'lang_module', 'exts_country', 'theo Khu vực', 1728146692),
(2577, 17, 'lang_module', 'exts_browse', 'theo Trình duyệt', 1728146692),
(2578, 17, 'lang_module', 'exts_os', 'theo Hệ điều hành', 1728146692),
(2579, 17, 'lang_module', 'unknown', 'Không xác định', 1728146692),
(2580, 17, 'lang_module', 'show_list_stat1', 'Danh sách các click trong %1$s năm %2$s', 1728146692),
(2581, 17, 'lang_module', 'show_list_stat2', 'Danh sách các click trong ngày &ldquo;<strong>%1$s</strong>&rdquo; %2$s năm %3$s', 1728146692),
(2582, 17, 'lang_module', 'show_list_stat3', 'Danh sách các click từ quốc gia &ldquo;<strong>%1$s</strong>&rdquo; trong %2$s năm %3$s', 1728146692),
(2583, 17, 'lang_module', 'show_list_stat4', 'Danh sách các click từ trình duyệt &ldquo;<strong>%1$s</strong>&rdquo; trong %2$s năm %3$s', 1728146692),
(2584, 17, 'lang_module', 'show_list_stat5', 'Danh sách các click từ hệ điều hành &ldquo;<strong>%1$s</strong>&rdquo; trong %2$s năm %3$s', 1728146692),
(2585, 17, 'lang_module', 'click_date', 'Thời gian', 1728146692),
(2586, 17, 'lang_module', 'click_ip', 'Từ IP', 1728146692),
(2587, 17, 'lang_module', 'click_country', 'Từ Quốc gia', 1728146692),
(2588, 17, 'lang_module', 'click_browse', 'Trình duyệt', 1728146692),
(2589, 17, 'lang_module', 'click_os', 'Hệ điều hành', 1728146692),
(2590, 17, 'lang_module', 'click_ref', 'Từ trang', 1728146692),
(2591, 17, 'lang_module', 'main_caption', 'Các Quảng cáo cần xử lý', 1728146692),
(2592, 17, 'lang_module', 'deact_list', 'Danh sách các Quảng cáo đang bị đình chỉ hoạt động', 1728146692),
(2593, 17, 'lang_module', 'form', 'Kiểu thể hiện', 1728146692),
(2594, 17, 'lang_module', 'file_del_confirm', 'Bạn có muốn xóa?', 1728146692),
(2595, 17, 'lang_module', 'delfile_success', 'Đã xóa xong', 1728146692),
(2596, 17, 'lang_module', 'delfile_error', 'Xóa lỗi', 1728146692),
(2597, 17, 'lang_module', 'weight', 'vị trí', 1728146692),
(2598, 17, 'lang_module', 'target', 'Đích đến', 1728146692),
(2599, 17, 'lang_module', 'target_blank', 'Cửa sổ mới (_blank)', 1728146692),
(2600, 17, 'lang_module', 'target_top', 'Cửa sổ trên cùng (_top)', 1728146692),
(2601, 17, 'lang_module', 'target_self', 'Tại trang (_self)', 1728146692),
(2602, 17, 'lang_module', 'target_parent', 'Cửa sổ cha (_parent)', 1728146692),
(2603, 17, 'lang_module', 'bannerhtml', 'Nội dung quảng cáo', 1728146692),
(2604, 17, 'lang_module', 'assign_to_user', 'Gán cho thành viên', 1728146692),
(2605, 17, 'lang_module', 'assign_to_user_tip', 'Nhập tên đăng nhập hoặc họ tên để tìm kiếm sau đó chọn từ danh sách đổ xuống. Để tìm chính xác bằng tên đăng nhập hãy nhập = ở trước. Nếu để trống, hệ thống sẽ tự động gán cho quản trị đang thao tác', 1728146692),
(2606, 17, 'lang_module', 'assign_to_user_err', 'Lỗi: Thành viên %s không tồn tại', 1728146692),
(2607, 17, 'lang_module', 'of_user', 'Người đăng', 1728146692),
(2608, 17, 'lang_module', 'plan_uploadgroup', 'Nhóm thành viên được đăng quảng cáo ngoài site', 1728146692),
(2609, 17, 'lang_module', 'plan_exp_time', 'Thời gian mỗi quảng cáo được hiển thị', 1728146692),
(2610, 17, 'lang_module', 'plan_exp_time_note', 'Chú ý: Thời gian giới hạn quảng cáo trong khối áp dụng cho thành viên đăng quảng cáo hoặc khi quản trị thêm quảng cáo mà không chọn thời gian kết thúc. Quản trị có thể tự do chọn thời gian kết thúc của mỗi quảng cáo mà không bị ràng buộc bởi giá trị này.', 1728146692),
(2611, 17, 'lang_module', 'plan_exp_time_nolimit', 'Không giới hạn', 1728146692),
(2612, 17, 'lang_module', 'plan_exp_time_custom', 'Tự nhập', 1728146692),
(2613, 17, 'lang_module', 'plan_exp_time_d', '%s ngày', 1728146692),
(2614, 17, 'lang_module', 'plan_exp_time_w', '%s tuần', 1728146692),
(2615, 17, 'lang_module', 'plan_exp_time_m', '%s tháng (%s ngày)', 1728146692),
(2616, 17, 'lang_module', 'plan_exp_time_y', '%s năm (%s ngày)', 1728146692),
(2617, 17, 'lang_module', 'exp_date_nochoose', 'Quảng cáo sẽ luôn hiển thị nếu không chọn ngày ở đây', 1728146692),
(2618, 17, 'lang_module', 'publ_time_info', 'Hệ thống tự lấy thời gian bắt đầu ngay lúc thêm quảng cáo nếu không chọn ngày ở đây', 1728146692),
(2619, 17, 'lang_module', 'enter_keyword', 'Nhập từ khóa', 1728146692),
(2620, 17, 'lang_module', 'all_plan', 'Tất cả các khối', 1728146692),
(2621, 17, 'lang_module', 'form_random', 'Hiển thị tất cả quảng cáo với tần suất 100%, vị trí sắp xếp ngẫu nhiên', 1728146692),
(2622, 17, 'lang_module', 'form_random_one', 'Hiển thị 1 quảng cáo với tần suất chia đều', 1728146692),
(2623, 17, 'lang_module', 'form_sequential', 'Hiển thị tất cả quảng cáo với tần suất 100%, vị trí sắp xếp tuần tự', 1728146692),
(2624, 17, 'lang_module', 'click_url_invalid', 'URL đích không chính xác', 1728146692),
(2625, 18, 'lang_module', 'comment', 'Ý kiến bạn đọc', 1728146692),
(2626, 18, 'lang_module', 'comment_login', 'Bạn cần đăng nhập với tư cách là <strong>%s</strong> để có thể bình luận', 1728146692),
(2627, 18, 'lang_module', 'comment_register_groups', 'Bạn cần trở thành thành viên của nhóm <strong>%1$s</strong> để có thể bình luận. Nhấn vào <a href=\"%2$s\" title=\"Đăng ký nhóm\">đây</a> để đăng ký làm thành viên nhóm!', 1728146692),
(2628, 18, 'lang_module', 'comment_success', 'Bình luận thành công', 1728146692),
(2629, 18, 'lang_module', 'comment_success_queue', 'Gửi thành công. Bình luận của bạn sẽ hiển thị sau khi được kiểm duyệt', 1728146692),
(2630, 18, 'lang_module', 'comment_unsuccess', 'Lỗi trong quá trình xử lý dữ liệu hoặc dữ liệu không đầy đủ', 1728146692),
(2631, 18, 'lang_module', 'comment_title', 'Gửi bình luận của bạn', 1728146692),
(2632, 18, 'lang_module', 'comment_view', 'Xem phản hồi', 1728146692),
(2633, 18, 'lang_module', 'comment_hide_show', 'Ẩn/Hiện ý kiến', 1728146692),
(2634, 18, 'lang_module', 'comment_name', 'Tên của bạn', 1728146692),
(2635, 18, 'lang_module', 'comment_email', 'Email', 1728146692),
(2636, 18, 'lang_module', 'comment_content', 'Nội dung', 1728146692),
(2637, 18, 'lang_module', 'comment_seccode', 'Mã an toàn', 1728146692),
(2638, 18, 'lang_module', 'comment_name_error', 'Lỗi: Bạn chưa khai báo tên của mình', 1728146692),
(2639, 18, 'lang_module', 'comment_content_error', 'Lỗi: Bạn chưa nhập nội dung', 1728146692),
(2640, 18, 'lang_module', 'comment_submit', 'Gửi bình luận', 1728146692),
(2641, 18, 'lang_module', 'comment_timeout', 'Bạn vừa mới bình luận. Vui lòng đợi %s để có thể gửi bình luận tiếp.', 1728146692),
(2642, 18, 'lang_module', 'sortcomm', 'Sắp xếp bình luận', 1728146692),
(2643, 18, 'lang_module', 'sortcomm_0', 'Sắp xếp theo bình luận mới', 1728146692),
(2644, 18, 'lang_module', 'sortcomm_1', 'Sắp xếp theo bình luận cũ', 1728146692),
(2645, 18, 'lang_module', 'sortcomm_2', 'Sắp xếp theo số lượt thích', 1728146692),
(2646, 18, 'lang_module', 'feedback', 'Trả lời', 1728146692),
(2647, 18, 'lang_module', 'like', 'Thích', 1728146692),
(2648, 18, 'lang_module', 'dislike', 'Không thích', 1728146692),
(2649, 18, 'lang_module', 'delete', 'Xóa', 1728146692),
(2650, 18, 'lang_module', 'like_unsuccess', 'Bạn đã đánh giá bình luận này trước đó', 1728146692),
(2651, 18, 'lang_module', 'attach', 'Đính kèm file', 1728146692),
(2652, 18, 'lang_module', 'attachdownload', 'Tải đính kèm', 1728146692),
(2653, 18, 'lang_module', 'user', 'Thành viên', 1728146692),
(2654, 19, 'lang_module', 'main', 'Trang chính', 1728146692),
(2655, 19, 'lang_module', 'config', 'Cấu hình', 1728146692),
(2656, 19, 'lang_module', 'save', 'Lưu cấu hình', 1728146692),
(2657, 19, 'lang_module', 'comment', 'Quản lý bình luận', 1728146692),
(2658, 19, 'lang_module', 'edit', 'Sửa', 1728146692),
(2659, 19, 'lang_module', 'search', 'Tìm kiếm', 1728146692),
(2660, 19, 'lang_module', 'search_type', 'Tìm kiếm theo', 1728146692),
(2661, 19, 'lang_module', 'search_status', 'Trạng thái', 1728146692),
(2662, 19, 'lang_module', 'search_id', 'ID', 1728146692),
(2663, 19, 'lang_module', 'search_key', 'Từ khóa tìm kiếm', 1728146692),
(2664, 19, 'lang_module', 'search_module', 'Tìm trong module', 1728146692),
(2665, 19, 'lang_module', 'search_module_all', 'Tất cả các module', 1728146692),
(2666, 19, 'lang_module', 'search_content', 'Nội dung bình luận', 1728146692),
(2667, 19, 'lang_module', 'search_content_id', 'ID bài viết', 1728146692),
(2668, 19, 'lang_module', 'search_post_name', 'Người đăng', 1728146692),
(2669, 19, 'lang_module', 'search_post_email', 'Email', 1728146692),
(2670, 19, 'lang_module', 'search_per_page', 'Số bài viết hiển thị', 1728146692),
(2671, 19, 'lang_module', 'from_date', 'Từ ngày', 1728146692),
(2672, 19, 'lang_module', 'to_date', 'Đến ngày', 1728146692),
(2673, 19, 'lang_module', 'search_note', 'Từ khóa tìm kiếm không ít hơn 2 ký tự, không lớn hơn 64 ký tự, không dùng các mã html', 1728146692),
(2674, 19, 'lang_module', 'edit_title', 'Sửa bình luận', 1728146692),
(2675, 19, 'lang_module', 'edit_active', 'Kích hoạt', 1728146692),
(2676, 19, 'lang_module', 'edit_delete', 'Xóa bình luận', 1728146692),
(2677, 19, 'lang_module', 'delete', 'Xóa', 1728146692),
(2678, 19, 'lang_module', 'funcs', 'Chức năng', 1728146692),
(2679, 19, 'lang_module', 'email', 'Người gửi', 1728146692),
(2680, 19, 'lang_module', 'content', 'Nội dung', 1728146692),
(2681, 19, 'lang_module', 'status', 'Trạng thái', 1728146692),
(2682, 19, 'lang_module', 'delete_title', 'Xóa bình luận', 1728146692),
(2683, 19, 'lang_module', 'delete_confirm', 'Bạn có chắc muốn xóa bình luận ?', 1728146692),
(2684, 19, 'lang_module', 'delete_yes', 'Có', 1728146692),
(2685, 19, 'lang_module', 'delete_no', 'Không', 1728146692),
(2686, 19, 'lang_module', 'delete_accept', 'Lưu thay đổi', 1728146692);
INSERT INTO `nv4_language` (`id`, `idfile`, `langtype`, `lang_key`, `lang_vi`, `update_vi`) VALUES
(2687, 19, 'lang_module', 'delete_unsuccess', 'Có lỗi trong quá trình xóa dữ liệu', 1728146692),
(2688, 19, 'lang_module', 'delete_success', 'Xóa dữ liệu thành công', 1728146692),
(2689, 19, 'lang_module', 'enable', 'Bật', 1728146692),
(2690, 19, 'lang_module', 'disable', 'Tắt', 1728146692),
(2691, 19, 'lang_module', 'checkall', 'Chọn tất cả', 1728146692),
(2692, 19, 'lang_module', 'uncheckall', 'Bỏ chọn tất cả', 1728146692),
(2693, 19, 'lang_module', 'nocheck', 'Hãy chọn ít nhất 1 bình luận để có thể thực hiện', 1728146692),
(2694, 19, 'lang_module', 'update_success', 'Cập nhật thành công !', 1728146692),
(2695, 19, 'lang_module', 'mod_name', 'Tên module', 1728146692),
(2696, 19, 'lang_module', 'weight', 'STT', 1728146692),
(2697, 19, 'lang_module', 'config_mod_name', 'Cấu hình bình luận module: %s', 1728146692),
(2698, 19, 'lang_module', 'activecomm', 'Sử dụng chức năng bình luận', 1728146692),
(2699, 19, 'lang_module', 'emailcomm', 'Hiển thị email của người bình luận', 1728146692),
(2700, 19, 'lang_module', 'setcomm', 'Thảo luận mặc định khi tạo bài viết mới', 1728146692),
(2701, 19, 'lang_module', 'auto_postcomm', 'Kiểm duyệt bình luận', 1728146692),
(2702, 19, 'lang_module', 'auto_postcomm_0', 'Kiểm duyệt tất cả', 1728146692),
(2703, 19, 'lang_module', 'auto_postcomm_1', 'Không kiểm duyệt', 1728146692),
(2704, 19, 'lang_module', 'auto_postcomm_2', 'Kiểm duyệt nếu không là thành viên', 1728146692),
(2705, 19, 'lang_module', 'perpagecomm', 'Số bình luận hiển thị trên một trang', 1728146692),
(2706, 19, 'lang_module', 'perpagecomm_note', 'Nhập tối thiểu 1 và không nên quá 100', 1728146692),
(2707, 19, 'lang_module', 'timeoutcomm', 'Thời gian (giây) tối thiểu giữa hai lần gửi bình luận', 1728146692),
(2708, 19, 'lang_module', 'timeoutcomm_note', 'Nhập 0 nếu không giới hạn. Lưu ý nên bật captcha nếu chọn giá trị này là 0, giá trị này không tính cho Admin', 1728146692),
(2709, 19, 'lang_module', 'allowattachcomm', 'Cho phép đính kèm file', 1728146692),
(2710, 19, 'lang_module', 'alloweditorcomm', 'Cho phép trình soạn thảo', 1728146692),
(2711, 19, 'lang_module', 'adminscomm', 'Admin quản lý bình luận', 1728146692),
(2712, 19, 'lang_module', 'view_comm', 'Ai được phép xem bình luận', 1728146692),
(2713, 19, 'lang_module', 'allowed_comm', 'Ai được phép đăng bình luận', 1728146692),
(2714, 19, 'lang_module', 'allowed_comm_item', 'Theo cấu hình bài viết', 1728146692),
(2715, 19, 'lang_module', 'adminscomm_note', 'Chức năng \"Admin quản lý bình luận\" chỉ áp dụng cho admin Quản lý module, Bạn cần thêm người Quản lý module trước khi phân quyền', 1728146692),
(2716, 19, 'lang_module', 'sortcomm', 'Sắp xếp bình luận theo', 1728146692),
(2717, 19, 'lang_module', 'sortcomm_0', 'Mới trước', 1728146692),
(2718, 19, 'lang_module', 'sortcomm_1', 'Cũ trước', 1728146692),
(2719, 19, 'lang_module', 'sortcomm_2', 'Like nhiều trước', 1728146692),
(2720, 19, 'lang_module', 'siteinfo_queue_comments', 'Số bình luận chờ duyệt', 1728146692),
(2721, 19, 'lang_module', 'notification_comment_queue', 'Kiểm duyệt bình luận gửi bởi %s<br /><em>%s</em>', 1728146692),
(2722, 19, 'lang_module', 'attach', 'Đính kèm file', 1728146692),
(2723, 19, 'lang_module', 'attach_choose', 'Chọn', 1728146692),
(2724, 19, 'lang_module', 'attach_view', 'Truy cập', 1728146692),
(2725, 19, 'lang_module', 'attach_download', 'Tải đính kèm', 1728146692),
(2726, 20, 'lang_module', 'fullname', 'Họ và tên', 1728146692),
(2727, 20, 'lang_module', 'email', 'Email', 1728146692),
(2728, 20, 'lang_module', 'address', 'Địa chỉ', 1728146692),
(2729, 20, 'lang_module', 'captcha', 'Mã bảo mật', 1728146692),
(2730, 20, 'lang_module', 'title', 'Tiêu đề', 1728146692),
(2731, 20, 'lang_module', 'cat', 'Chủ đề', 1728146692),
(2732, 20, 'lang_module', 'selectCat', 'Chủ đề bạn quan tâm', 1728146692),
(2733, 20, 'lang_module', 'part', 'Gửi đến bộ phận', 1728146692),
(2734, 20, 'lang_module', 'content', 'Nội dung', 1728146692),
(2735, 20, 'lang_module', 'reset', 'Nhập lại', 1728146692),
(2736, 20, 'lang_module', 'sendcontact', 'Gửi đi', 1728146692),
(2737, 20, 'lang_module', 'error_fullname', 'Vui lòng nhập chính xác họ và tên', 1728146692),
(2738, 20, 'lang_module', 'error_email', 'Vui lòng nhập email khả dụng', 1728146692),
(2739, 20, 'lang_module', 'error_captcha', 'Vui lòng nhập đúng mã bảo mật mà bạn thấy trong hình', 1728146692),
(2740, 20, 'lang_module', 'error_title', 'Vui lòng nhập tiêu đề', 1728146692),
(2741, 20, 'lang_module', 'error_content', 'Vui lòng nhập nội dung', 1728146692),
(2742, 20, 'lang_module', 'sendcontactok', 'Cảm ơn bạn đã quan tâm! Chúng tôi sẽ trả lời thư của bạn trong thời gian sớm nhất.', 1728146692),
(2743, 20, 'lang_module', 'hello', 'Xin chào', 1728146692),
(2744, 20, 'lang_module', 'sendinfo', 'Thư này được gửi thông qua tiện ích Liên hệ tại website', 1728146692),
(2745, 20, 'lang_module', 'mysendinfo', 'Cảm ơn bạn đã gửi thư cho chúng tôi thông qua tiện ích Liên hệ tại website', 1728146692),
(2746, 20, 'lang_module', 'sendinfo2', 'Thông tin người gửi', 1728146692),
(2747, 20, 'lang_module', 'mysendinfo2', 'Theo yêu cầu của bạn chúng tôi xin gửi bản sao bức thư này với nội dung dưới đây', 1728146692),
(2748, 20, 'lang_module', 'phone', 'Điện thoại', 1728146692),
(2749, 20, 'lang_module', 'fax', 'Fax', 1728146692),
(2750, 20, 'lang_module', 'note_s', 'Ghi chú', 1728146692),
(2751, 20, 'lang_module', 'department', 'Bộ phận', 1728146692),
(2752, 20, 'lang_module', 'sendcontactfailed', 'Phản hồi của bạn đã không được gửi đi vì lý do kỹ thuật. Thành thật xin lỗi vì sự bất tiện này.', 1728146692),
(2753, 20, 'lang_module', 'note', 'Vui lòng điền vào mẫu dưới đây và chúng tôi sẽ liên lạc với bạn.', 1728146692),
(2754, 20, 'lang_module', 'sendcopy', 'Gửi bản sao thư này cho tôi', 1728146692),
(2755, 21, 'lang_module', 'edit_title', 'Xem nội dung gửi', 1728146692),
(2756, 21, 'lang_module', 'add_row_title', 'Thêm bộ phận', 1728146692),
(2757, 21, 'lang_module', 'department_title', 'Các bộ phận', 1728146692),
(2758, 21, 'lang_module', 'department_no_home', 'Không hiển thị tại trang chính module', 1728146692),
(2759, 21, 'lang_module', 'department_parent', 'Thuộc bộ phận', 1728146692),
(2760, 21, 'lang_module', 'alias', 'Liên kết tĩnh', 1728146692),
(2761, 21, 'lang_module', 'image', 'Hình ảnh', 1728146692),
(2762, 21, 'lang_module', 'error_alias', 'Lỗi: chưa có liên kết tĩnh', 1728146692),
(2763, 21, 'lang_module', 'duplicate_alias', 'Lỗi: Tiêu đề hoặc liên kết tính đã tồn tại', 1728146692),
(2764, 21, 'lang_module', 'number', 'Thứ tự', 1728146692),
(2765, 21, 'lang_module', 'err_row_title', 'Không có', 1728146692),
(2766, 21, 'lang_module', 'part_row_title', 'Tên bộ phận', 1728146692),
(2767, 21, 'lang_module', 'email_row_title', 'Email', 1728146692),
(2768, 21, 'lang_module', 'address', 'Địa chỉ', 1728146692),
(2769, 21, 'lang_module', 'note_row_title', 'Ghi chú', 1728146692),
(2770, 21, 'lang_module', 'bt_save_row_title', 'Ghi lại', 1728146692),
(2771, 21, 'lang_module', 'bt_reset_row_title', 'Làm trắng', 1728146692),
(2772, 21, 'lang_module', 'err_part_row_title', 'Không có tên bộ phận', 1728146692),
(2773, 21, 'lang_module', 'err_email_row_title', 'Email không hợp lệ', 1728146692),
(2774, 21, 'lang_module', 'page_row_title', 'Trang', 1728146692),
(2775, 21, 'lang_module', 'bt_del_row_title', 'Xóa chọn', 1728146692),
(2776, 21, 'lang_module', 'bt_edit_row_title', 'Sửa', 1728146692),
(2777, 21, 'lang_module', 'bt_view_row_title', 'Xem', 1728146692),
(2778, 21, 'lang_module', 'tt1_row_title', 'Chưa phản hồi', 1728146692),
(2779, 21, 'lang_module', 'tt2_row_title', 'Đã phản hồi', 1728146692),
(2780, 21, 'lang_module', 'quesion_row_title', 'Bạn có muốn xóa', 1728146692),
(2781, 21, 'lang_module', 'send_suc_send_title', 'Đã gửi thành công', 1728146692),
(2782, 21, 'lang_module', 'send_err_send_title', 'không gửi được email tới địa chỉ', 1728146692),
(2783, 21, 'lang_module', 'send_title', 'Gửi phản hồi', 1728146692),
(2784, 21, 'lang_module', 'back_title', 'Quay lại', 1728146692),
(2785, 21, 'lang_module', 'infor_user_send_title', 'Thông tin người gửi', 1728146692),
(2786, 21, 'lang_module', 'reply_user_send_title', 'Phản hồi tới', 1728146692),
(2787, 21, 'lang_module', 'reply_user_title', 'Tiêu đề gửi', 1728146692),
(2788, 21, 'lang_module', 'name_user_send_title', 'Tên người gửi', 1728146692),
(2789, 21, 'lang_module', 'title_send_title', 'Tiêu đề gửi', 1728146692),
(2790, 21, 'lang_module', 'send_time', 'Thời gian gửi', 1728146692),
(2791, 21, 'lang_module', 'status_send_title', 'Trạng thái', 1728146692),
(2792, 21, 'lang_module', 'content', 'Nội dung thông báo', 1728146692),
(2793, 21, 'lang_module', 'content_title', 'Tên bài viết', 1728146692),
(2794, 21, 'lang_module', 'save', 'Lưu lại', 1728146692),
(2795, 21, 'lang_module', 'errorsave', 'Lỗi hệ thống không cập nhật được nội dung, bạn hãy kiểm tra lại tiêu đề bài viết có thể bị trùng', 1728146692),
(2796, 21, 'lang_module', 'error_content', 'Lỗi:bài viết chưa có nội dung', 1728146692),
(2797, 21, 'lang_module', 'error_title', 'Lỗi bài viết chưa có tiêu đề', 1728146692),
(2798, 21, 'lang_module', 'saveok', 'Cập nhật bài viết thành công', 1728146692),
(2799, 21, 'lang_module', 'list_admin_row_title', 'Danh sách các admin trong bộ phận', 1728146692),
(2800, 21, 'lang_module', 'name_admin_row_title', 'Tên đầy đủ', 1728146692),
(2801, 21, 'lang_module', 'username_admin_row_title', 'Tên đăng nhập', 1728146692),
(2802, 21, 'lang_module', 'bt_send_row_title', 'Gửi', 1728146692),
(2803, 21, 'lang_module', 'no_content_send_title', 'Không gửi được email vì không có nội dung phản hồi', 1728146692),
(2804, 21, 'lang_module', 'admin_view_title', 'Được xem phản hồi', 1728146692),
(2805, 21, 'lang_module', 'admin_reply_title', 'Được trả lời phản hồi', 1728146692),
(2806, 21, 'lang_module', 'admin_send2mail_title', 'Gửi liên hệ tới email', 1728146692),
(2807, 21, 'lang_module', 'delall', 'Xóa tất cả', 1728146692),
(2808, 21, 'lang_module', 'siteinfo_new', 'Liên hệ chưa đọc', 1728146692),
(2809, 21, 'lang_module', 'no_row_contact', 'Không có liên hệ nào gửi đến bạn', 1728146692),
(2810, 21, 'lang_module', 'url_for_iframe', 'Liên kết dùng chèn cho iframe', 1728146692),
(2811, 21, 'lang_module', 'supporter', 'Nhân viên hỗ trợ', 1728146692),
(2812, 21, 'lang_module', 'supporter_add', 'Thêm nhân viên hỗ trợ', 1728146692),
(2813, 21, 'lang_module', 'supporter_edit', 'Sửa thông tin nhân viên hỗ trợ', 1728146692),
(2814, 21, 'lang_module', 'supporter_contact_add', 'Thêm thông tin', 1728146692),
(2815, 21, 'lang_module', 'add', 'Thêm mới', 1728146692),
(2816, 21, 'lang_module', 'active', 'Hoạt động', 1728146692),
(2817, 21, 'lang_module', 'full_name', 'Họ tên', 1728146692),
(2818, 21, 'lang_module', 'notification_contact_new', '<strong>%s</strong> gửi thư liên hệ với tiêu đề <strong>%s</strong>', 1728146692),
(2819, 21, 'lang_module', 'is_default', 'Mặc định', 1728146692),
(2820, 21, 'lang_module', 'otherContacts', 'Liên hệ khác', 1728146692),
(2821, 21, 'lang_module', 'otherVar', 'Tên gọi', 1728146692),
(2822, 21, 'lang_module', 'otherVal', 'Giá trị', 1728146692),
(2823, 21, 'lang_module', 'addNew', 'Thêm mới', 1728146692),
(2824, 21, 'lang_module', 'cats', 'Các chủ đề liên quan', 1728146692),
(2825, 21, 'lang_module', 'cat', 'Chủ đề', 1728146692),
(2826, 21, 'lang_module', 'mark_as_unread', 'Đánh dấu là chưa đọc', 1728146692),
(2827, 21, 'lang_module', 'mark_as_read', 'Đánh dấu là đã đọc', 1728146692),
(2828, 21, 'lang_module', 'mark_as_forward', 'Chuyển tiếp', 1728146692),
(2829, 21, 'lang_module', 'please_choose', 'Hãy chọn ít nhất một thư trong danh sách trên.', 1728146692),
(2830, 21, 'lang_module', 'error_required_departmentid', 'Lỗi: bạn cần nhập dữ liệu cho Departmentid', 1728146692),
(2831, 21, 'lang_module', 'error_required_full_name', 'Lỗi: bạn cần nhập dữ liệu cho Full name', 1728146692),
(2832, 21, 'lang_module', 'error_required_phone', 'Lỗi: bạn cần nhập dữ liệu cho Phone', 1728146692),
(2833, 21, 'lang_module', 'forward', 'Chuyển tiếp tới: %s', 1728146692),
(2834, 21, 'lang_module', 'forwarded', 'Thư đã chuyển tiếp', 1728146692),
(2835, 21, 'lang_module', 'error_mail_empty', 'Lỗi: Bạn chưa nhập email', 1728146692),
(2836, 21, 'lang_module', 'config', 'Cấu hình module', 1728146692),
(2837, 21, 'lang_module', 'config_sendcopymode', 'Quyền gửi bản sao tới email', 1728146692),
(2838, 21, 'lang_module', 'config_sendcopymode0', 'Thành viên đã xác thực email', 1728146692),
(2839, 21, 'lang_module', 'config_sendcopymode1', 'Tất cả người dùng', 1728146692),
(2840, 21, 'lang_module', 'processed_by', 'Người thực hiện: ', 1728146692),
(2841, 21, 'lang_module', 'processed_time', 'Thời gian: ', 1728146692),
(2842, 21, 'lang_module', 'mark_as_processed', 'Đánh dấu đã xử lý', 1728146692),
(2843, 21, 'lang_module', 'mark_as_unprocess', 'Đánh dấu chưa xử lý', 1728146692),
(2844, 21, 'lang_module', 'tt3_row_title', 'Đã xử lý', 1728146692),
(2845, 21, 'lang_module', 'process', 'Đã xử lý', 1728146692),
(2846, 21, 'lang_module', 'row_new', 'Thư mới', 1728146692),
(2847, 22, 'lang_module', 'content', 'Nội dung thông báo', 1728146692),
(2848, 22, 'lang_module', 'save', 'Lưu bài viết', 1728146692),
(2849, 23, 'lang_module', 'usage_s1', 'Tạo khối', 1728146692),
(2850, 23, 'lang_module', 'usage_s2', 'Thêm nội dung cho khối', 1728146692),
(2851, 23, 'lang_module', 'usage_s3', 'Thêm block ngoài site để hiển thị khối', 1728146692),
(2852, 23, 'lang_module', 'error_save', 'Lỗi: Dữ liệu không thể lưu lại', 1728146692),
(2853, 23, 'lang_module', 'tools', 'Công cụ', 1728146692),
(2854, 23, 'lang_module', 'save_success', 'Thực hiện hoàn tất', 1728146692),
(2855, 23, 'lang_module', 'performance_note', 'Khuyến cáo: Không nên tạo quá 10 nội dung trong một khối', 1728146692),
(2856, 23, 'lang_module', 'block_list', 'Danh sách các khối', 1728146692),
(2857, 23, 'lang_module', 'usage_note', 'Chưa có nội dung? Hãy thực hiện lần lượt các công việc sau', 1728146692),
(2858, 23, 'lang_module', 'block_add', 'Tạo khối mới', 1728146692),
(2859, 23, 'lang_module', 'block_add_edit', 'Thêm/Sửa khối', 1728146692),
(2860, 23, 'lang_module', 'block_title', 'Tên khối', 1728146692),
(2861, 23, 'lang_module', 'block_title_error', 'Tên khối không được để trống', 1728146692),
(2862, 23, 'lang_module', 'block_description', 'Mô tả khối', 1728146692),
(2863, 23, 'lang_module', 'block_delete', 'Xóa khối', 1728146692),
(2864, 23, 'lang_module', 'block_delete_confirm', 'Khi xóa khối, hệ thống đồng thời sẽ xóa luôn nội dung trong khối. Dữ liệu đã xóa không thể khôi phục, bạn có muốn xóa không?', 1728146692),
(2865, 23, 'lang_module', 'block_list_guide', 'Nhấp vào tên của khối để xem nội dung của khối', 1728146692),
(2866, 23, 'lang_module', 'content_add', 'Tạo nội dung mới', 1728146692),
(2867, 23, 'lang_module', 'content_add_edit', 'Thêm/Sửa nội dung', 1728146692),
(2868, 23, 'lang_module', 'content_title', 'Tiêu đề', 1728146692),
(2869, 23, 'lang_module', 'content_description', 'Giới thiệu ngắn gọn', 1728146692),
(2870, 23, 'lang_module', 'content_link', 'Liên kết', 1728146692),
(2871, 23, 'lang_module', 'content_list', 'Nội dung khối', 1728146692),
(2872, 23, 'lang_module', 'content_status_active', 'Kích hoạt', 1728146692),
(2873, 23, 'lang_module', 'content_image', 'Hình ảnh', 1728146692),
(2874, 23, 'lang_module', 'content_exptime', 'Hết hạn sau (giờ)', 1728146692),
(2875, 23, 'lang_module', 'content_exptime_note', '0 = Không hết hạn', 1728146692),
(2876, 23, 'lang_module', 'content_target', 'Mở trong trang hiện tại', 1728146692),
(2877, 23, 'lang_module', 'content_target_blank', '_blank', 1728146692),
(2878, 23, 'lang_module', 'content_target_self', '_self', 1728146692),
(2879, 23, 'lang_module', 'content_target_parent', '_parent', 1728146692),
(2880, 23, 'lang_module', 'content_target_top', '_top', 1728146692),
(2881, 23, 'lang_module', 'content_title_error', 'Tên nội dung không được để trống', 1728146692),
(2882, 23, 'lang_module', 'content_total_rows', 'Tổng số', 1728146692),
(2883, 23, 'lang_module', 'content_delete', 'Xóa nội dung', 1728146692),
(2884, 23, 'lang_module', 'content_delete_confirm', 'Dữ liệu đã xóa không thể khôi phục, bạn có muốn xóa không?', 1728146692),
(2885, 23, 'lang_module', 'content_status_0', 'Đang tạm dừng hoạt động, nhấp để kích hoạt', 1728146692),
(2886, 23, 'lang_module', 'content_status_1', 'Đang hoạt động, nhấp để tạm dừng', 1728146692),
(2887, 23, 'lang_module', 'content_status_2', 'Đã hết hạn, nhấp để kích hoạt lại', 1728146692),
(2888, 23, 'lang_module', 'content_status_note0', 'Hiệu lực vào lúc', 1728146692),
(2889, 23, 'lang_module', 'content_status_note1', 'Sẽ hết hạn lúc %s', 1728146692),
(2890, 23, 'lang_module', 'content_status_note2', 'Đã hết hạn lúc %s', 1728146692),
(2891, 23, 'lang_module', 'mng', 'Quản lý nội dung', 1728146692),
(2892, 24, 'lang_block', 'blockid', 'Chọn khối', 1728146692),
(2893, 24, 'lang_block', 'numrows', 'Số nội dung hiển thị', 1728146692),
(2894, 25, 'lang_module', 'menu_manager', 'Quản lý menu', 1728146692),
(2895, 25, 'lang_module', 'type_menu_manager', 'Quản lý loại menu', 1728146692),
(2896, 25, 'lang_module', 'add_menu', 'Thêm khối menu', 1728146692),
(2897, 25, 'lang_module', 'edit_menu', 'Sửa menu', 1728146692),
(2898, 25, 'lang_module', 'menu_name', 'Tên menu', 1728146692),
(2899, 25, 'lang_module', 'menu_description', 'Mô tả', 1728146692),
(2900, 25, 'lang_module', 'error_menu_name', 'Lỗi: Bạn chưa nhập tên menu', 1728146692),
(2901, 25, 'lang_module', 'menu_number', 'Số phần tử', 1728146692),
(2902, 25, 'lang_module', 'save', 'Lưu', 1728146692),
(2903, 25, 'lang_module', 'edit', 'Sửa', 1728146692),
(2904, 25, 'lang_module', 'delete', 'Xóa', 1728146692),
(2905, 25, 'lang_module', 'errorsave', 'Lỗi: Hệ thống không ghi được dữ liệu. Có thể tên menu bị trùng. Vui lòng thử tên khác.', 1728146692),
(2906, 25, 'lang_module', 'number', 'Số TT', 1728146692),
(2907, 25, 'lang_module', 'type_header', 'Menu top', 1728146692),
(2908, 25, 'lang_module', 'type_along', 'Menu dọc', 1728146692),
(2909, 25, 'lang_module', 'type_footer', 'Menu bottom', 1728146692),
(2910, 25, 'lang_module', 'menu', 'Menu trực thuộc', 1728146692),
(2911, 25, 'lang_module', 'type_tree', 'Menu cây thư mục', 1728146692),
(2912, 25, 'lang_module', 'm_list', 'Danh sách menu', 1728146692),
(2913, 25, 'lang_module', 'add_type_menu', 'Chọn loại Menu', 1728146692),
(2914, 25, 'lang_module', 'module_name', 'Chọn module', 1728146692),
(2915, 25, 'lang_module', 'cho_module', 'Chọn module', 1728146692),
(2916, 25, 'lang_module', 'error_menu_block', 'Lỗi: Chưa nhập khối menu', 1728146692),
(2917, 25, 'lang_module', 'action', 'Hoạt động', 1728146692),
(2918, 25, 'lang_module', 'display', 'Hiển thị', 1728146692),
(2919, 25, 'lang_module', 'data_no', 'Hệ thống chưa có dữ liệu', 1728146692),
(2920, 25, 'lang_module', 'back', 'Trở về mục trước ', 1728146692),
(2921, 25, 'lang_module', 'add_item', 'Thêm mục cho menu', 1728146692),
(2922, 25, 'lang_module', 'title', 'Tên mục', 1728146692),
(2923, 25, 'lang_module', 'item_menu', 'Các mục thuộc module', 1728146692),
(2924, 25, 'lang_module', 'chomodule', 'Liên kết đến module', 1728146692),
(2925, 25, 'lang_module', 'select', 'Chọn', 1728146692),
(2926, 25, 'lang_module', 'note', 'Ghi chú', 1728146692),
(2927, 25, 'lang_module', 'link', 'Đường dẫn liên kết', 1728146692),
(2928, 25, 'lang_module', 'module', 'Module', 1728146692),
(2929, 25, 'lang_module', 'op', 'op', 1728146692),
(2930, 25, 'lang_module', 'path', 'path', 1728146692),
(2931, 25, 'lang_module', 'target', 'Mở trang liên kết', 1728146692),
(2932, 25, 'lang_module', 'type_target1', 'Trang hiện tại', 1728146692),
(2933, 25, 'lang_module', 'type_target2', 'Mở tab mới', 1728146692),
(2934, 25, 'lang_module', 'type_target3', 'Mở cửa sổ mới', 1728146692),
(2935, 25, 'lang_module', 'cat', 'Menu này có ', 1728146692),
(2936, 25, 'lang_module', 'cat0', 'Là mục chính', 1728146692),
(2937, 25, 'lang_module', 'cho_item', 'Chọn loại của module', 1728146692),
(2938, 25, 'lang_module', 'cats', 'Thuộc mục', 1728146692),
(2939, 25, 'lang_module', 'caton', ' menu con nếu xóa các menu con cũng sẽ bị xóa?', 1728146692),
(2940, 25, 'lang_module', 'name_block', 'Khối menu', 1728146692),
(2941, 25, 'lang_module', 'here', 'đây', 1728146692),
(2942, 25, 'lang_module', 'groups', 'Nếu chọn \"Nhóm thành viên\" hãy đánh dấu vào các nhóm bên dưới', 1728146692),
(2943, 25, 'lang_module', 'sub_menu', 'menu con', 1728146692),
(2944, 25, 'lang_module', 'main_note', 'Nhấp vào tên mỗi khối menu bên dưới để thêm các mục menu vào đây cũng như chỉnh sửa các mục menu. Gợi ý: Bạn có thể tạo nhiều khối menu để sử dụng cho các giao diện và vị trí khác nhau.', 1728146692),
(2945, 25, 'lang_module', 'add_type_active', 'Kiểu active menu.', 1728146692),
(2946, 25, 'lang_module', 'add_type_active_note', 'Cách thức xác định một menu có đang được kích hoạt hay không bằng cách so sánh liên kết của menu chỉ đến với liên kết hiện tại của trang theo các tiêu chí bên.', 1728146692),
(2947, 25, 'lang_module', 'add_type_active_0', 'Chính xác với liên kết của menu', 1728146692),
(2948, 25, 'lang_module', 'add_type_active_1', 'Bắt đầu với liên kết của menu', 1728146692),
(2949, 25, 'lang_module', 'add_type_active_2', 'Có chứa liên kết của menu', 1728146692),
(2950, 25, 'lang_module', 'add_type_css', 'Tên lớp CSS.', 1728146692),
(2951, 25, 'lang_module', 'add_type_css_info', 'Tên class (CSS) để xác định giao diện menu này.', 1728146692),
(2952, 25, 'lang_module', 'add_error_module', 'Lỗi: Không có module nào được chỉ định', 1728146692),
(2953, 25, 'lang_module', 'add_error_module_exist', 'Lỗi: Module không tồn tại', 1728146692),
(2954, 25, 'lang_module', 'id', 'ID', 1728146692),
(2955, 25, 'lang_module', 'action_menu_reload', 'Nạp lại', 1728146692),
(2956, 25, 'lang_module', 'action_menu_reload_confirm', 'Hành động này sẽ nạp lại các thành phần là chủ đề của module hiện tại. Bạn có muốn tiếp tục?', 1728146692),
(2957, 25, 'lang_module', 'action_menu_reload_success', 'Đã nạp lại menu thành công!', 1728146692),
(2958, 25, 'lang_module', 'action_menu_reload_none_success', 'Nạp menu không thành công. Vui lòng kiểm tra lại thao tác.', 1728146692),
(2959, 25, 'lang_module', 'action_menu_reload_note', 'Nạp lại các thành phần con là chủ đề của module', 1728146692),
(2960, 25, 'lang_module', 'action_menu', 'Nạp menu từ', 1728146692),
(2961, 25, 'lang_module', 'action_menu_sys_1', 'Các menu là các module', 1728146692),
(2962, 25, 'lang_module', 'action_menu_sys_2', 'Các menu là các module, submenu là các chủ đề hoặc chức năng', 1728146692),
(2963, 25, 'lang_module', 'action_menu_sys_3', 'Các menu là chủ đề hoặc chức năng module', 1728146692),
(2964, 25, 'lang_module', 'icon', 'Icon menu', 1728146692),
(2965, 25, 'lang_module', 'image', 'Hình ảnh', 1728146692),
(2966, 25, 'lang_module', 'action_form', 'Thực hiện', 1728146692),
(2967, 25, 'lang_module', 'msgnocheck', 'Bạn cần chọn ít nhất 1 bài viết để thực hiện', 1728146692),
(2968, 26, 'lang_module', 'add_time', 'Được thêm vào', 1728146692),
(2969, 26, 'lang_module', 'edit_time', 'Sửa chữa lần cuối', 1728146692),
(2970, 26, 'lang_module', 'not_found', 'Thật tiếc!!! Chủ đề bạn cần tìm không tồn tại', 1728146692),
(2971, 26, 'lang_module', 'warning', 'Bài viết này đang ở trạng thái <strong>Ngưng hoạt động</strong>, chỉ người quản trị mới có thể nhìn thấy', 1728146692),
(2972, 27, 'lang_module', 'song_add', 'Them bài hat', 1728146692),
(2973, 27, 'lang_module', 'singer_list', 'Danh sach ca si', 1728146692),
(2974, 27, 'lang_module', 'singer_add', 'Them ca si', 1728146692),
(2975, 27, 'lang_module', 'cat_list', 'Danh sach the loai', 1728146692),
(2976, 27, 'lang_module', 'cat_content', 'Them the loai', 1728146692),
(2977, 27, 'lang_module', 'music', 'Module Music', 1728146692),
(2978, 27, 'lang_module', 'stt', 'STT', 1728146692),
(2979, 27, 'lang_module', 'song_name', 'Ten bai hat', 1728146692),
(2980, 28, 'lang_module', 'autoplay', 'Tự động phát', 1728146692),
(2981, 28, 'lang_module', 'nocatpage', 'Lỗi không có chủ đề', 1728146692),
(2982, 28, 'lang_module', 'other', 'Các tin khác', 1728146692),
(2983, 28, 'lang_module', 'detail', 'Chi tiết tin', 1728146692),
(2984, 28, 'lang_module', 'more', 'Xem tiếp...', 1728146692),
(2985, 28, 'lang_module', 'sendmail', 'Giới thiệu bài viết cho bạn bè', 1728146692),
(2986, 28, 'lang_module', 'sendmail_name', 'Tên của bạn', 1728146692),
(2987, 28, 'lang_module', 'sendmail_youremail', 'E-mail của bạn', 1728146692),
(2988, 28, 'lang_module', 'sendmail_email', 'E-mail người nhận', 1728146692),
(2989, 28, 'lang_module', 'sendmail_content', 'Lời nhắn của bạn', 1728146692),
(2990, 28, 'lang_module', 'sendmail_submit', 'Gửi', 1728146692),
(2991, 28, 'lang_module', 'sendmail_error', 'Bạn không có quyền truy cập', 1728146692),
(2992, 28, 'lang_module', 'sendmail_err_name', 'Vui lòng nhập chính xác tên của bạn', 1728146692),
(2993, 28, 'lang_module', 'sendmail_err_yourmail', 'Lỗi! Bạn phải điền email', 1728146692),
(2994, 28, 'lang_module', 'sendmail_err_mail', 'Vui lòng nhập chính xác địa chỉ email người nhận', 1728146692),
(2995, 28, 'lang_module', 'sendmail_limit_sendmail', 'Chúng tôi đã gửi tin nhắn giới thiệu về bài viết đến %s cách đây không lâu. Để gửi lại tin nhắn, hãy thực hiện thao tác này sau %d phút.', 1728146692),
(2996, 28, 'lang_module', 'sendmail_subject', 'Tin nhắn từ %s', 1728146692),
(2997, 28, 'lang_module', 'sendmail_welcome', 'Xin chào!<br />Bạn của bạn là %s mong muốn giới thiệu với bạn bài viết “%s” trên website %s.', 1728146692),
(2998, 28, 'lang_module', 'sendmail_welcome1', 'Xin chào!<br />Bạn của bạn là %s mong muốn giới thiệu với bạn bài viết “%s” trên website %s với lời nhắn:<br />%s', 1728146692),
(2999, 28, 'lang_module', 'sendmail_welcome2', 'Bạn có thể xem đầy đủ bài viết bằng cách click vào link bên dưới:<br />%s', 1728146692),
(3000, 28, 'lang_module', 'sendmail_success', 'Tin nhắn giới thiệu đã được gửi đến %s. Cảm ơn bạn!', 1728146692),
(3001, 28, 'lang_module', 'sendmail_success_err', 'Vì một lý do nào đó mà hệ thống đã không thể thực hiện được yêu cầu của bạn. Thành thật xin lỗi vì sự bất tiện này!', 1728146692),
(3002, 28, 'lang_module', 'print', 'In ra', 1728146692),
(3003, 28, 'lang_module', 'print_page', 'In bài viết này', 1728146692),
(3004, 28, 'lang_module', 'print_close', 'Đóng cửa sổ này', 1728146692),
(3005, 28, 'lang_module', 'print_link', 'URL của bản tin này', 1728146692),
(3006, 28, 'lang_module', 'author', 'Tác giả', 1728146692),
(3007, 28, 'lang_module', 'internal_author', 'Tác giả', 1728146692),
(3008, 28, 'lang_module', 'external_author', 'Tác giả khác', 1728146692),
(3009, 28, 'lang_module', 'post_name', 'Người đăng bài viết', 1728146692),
(3010, 28, 'lang_module', 'source', 'Nguồn tin', 1728146692),
(3011, 28, 'lang_module', 'topic', 'Theo dòng sự kiện', 1728146692),
(3012, 28, 'lang_module', 'related_new', 'Những tin mới hơn', 1728146692),
(3013, 28, 'lang_module', 'related', 'Những tin cũ hơn', 1728146692),
(3014, 28, 'lang_module', 'savefile', 'Lưu bài viết này', 1728146692),
(3015, 28, 'lang_module', 'rating', 'Đánh giá bài viết', 1728146692),
(3016, 28, 'lang_module', 'rating_average', 'Xếp hạng', 1728146692),
(3017, 28, 'lang_module', 'rating_count', 'phiếu bầu', 1728146692),
(3018, 28, 'lang_module', 'stringrating', 'Tổng số điểm của bài viết là: %1$s trong %2$s đánh giá', 1728146692),
(3019, 28, 'lang_module', 'star_note', 'Click để đánh giá bài viết', 1728146692),
(3020, 28, 'lang_module', 'star_verypoor', 'Bài viết rất kém', 1728146692),
(3021, 28, 'lang_module', 'star_poor', 'Bài viết kém', 1728146692),
(3022, 28, 'lang_module', 'star_ok', 'Bài viết đạt', 1728146692),
(3023, 28, 'lang_module', 'star_good', 'Bài viết tốt', 1728146692),
(3024, 28, 'lang_module', 'star_verygood', 'Bài viết rất tốt', 1728146692),
(3025, 28, 'lang_module', 'main_title', 'Tìm kiếm thông tin', 1728146692),
(3026, 28, 'lang_module', 'info_title', 'Tìm kiếm nâng cao mục Tin tức', 1728146692),
(3027, 28, 'lang_module', 'key_title', 'Từ tìm kiếm', 1728146692),
(3028, 28, 'lang_module', 'type_search', 'Tìm kiếm theo', 1728146692),
(3029, 28, 'lang_module', 'search_title', 'Tìm kiếm', 1728146692),
(3030, 28, 'lang_module', 'search_title_adv', 'Tìm kiếm nâng cao', 1728146692),
(3031, 28, 'lang_module', 'search_on_site', 'Tìm kiếm trên site', 1728146692),
(3032, 28, 'lang_module', 'search_on', 'Kết quả tìm kiếm trên', 1728146692),
(3033, 28, 'lang_module', 'search_sum_title', 'Tìm thấy tổng cộng', 1728146692),
(3034, 28, 'lang_module', 'result_title', 'kết quả', 1728146692),
(3035, 28, 'lang_module', 'info_adv', 'Nếu kết quả này không như mong đợi, bạn hãy thử sử dụng công cụ tìm kiếm của Google dưới đây!', 1728146692),
(3036, 28, 'lang_module', 'search_on_internet', 'Tìm trên toàn mạng Internet', 1728146692),
(3037, 28, 'lang_module', 'search_adv_internet', 'Mở rộng trên Internet', 1728146692),
(3038, 28, 'lang_module', 'search_on_nuke', 'Tìm trong site', 1728146692),
(3039, 28, 'lang_module', 'search_none', 'Không tìm thấy dữ liệu nào có liên quan đến', 1728146692),
(3040, 28, 'lang_module', 'empty_data_search', 'Bạn cần chọn ít nhất 1 trường tìm kiếm', 1728146692),
(3041, 28, 'lang_module', 'search_word_short', 'Từ tìm kiếm quá ngắn. Vui lòng nhập ít nhất %d ký tự', 1728146692),
(3042, 28, 'lang_module', 'search_in_module', 'trong mục', 1728146692),
(3043, 28, 'lang_module', 'search_catid_error', 'Lỗi: Chủ đề bạn đã chọn không tồn tại.', 1728146692),
(3044, 28, 'lang_module', 'view_all_title', 'Xem tất cả các kết quả tìm kiếm', 1728146692),
(3045, 28, 'lang_module', 'pages_title', 'Trang', 1728146692),
(3046, 28, 'lang_module', 'time_update', 'Thời gian đăng tin', 1728146692),
(3047, 28, 'lang_module', 'from_date', 'Từ ngày', 1728146692),
(3048, 28, 'lang_module', 'to_date', 'Đến ngày', 1728146692),
(3049, 28, 'lang_module', 'find_content', 'Tìm theo nội dung', 1728146692),
(3050, 28, 'lang_module', 'find_author', 'Tìm theo tác giả', 1728146692),
(3051, 28, 'lang_module', 'find_resource', 'Tìm theo nguồn tin', 1728146692),
(3052, 28, 'lang_module', 'find_all', 'Tất cả', 1728146692),
(3053, 28, 'lang_module', 'search_modul_title', 'Tin tức', 1728146692),
(3054, 28, 'lang_module', 'type_title', 'Lựa chọn kiểu tìm kiếm', 1728146692),
(3055, 28, 'lang_module', 'finter_title', 'Thời gian', 1728146692),
(3056, 28, 'lang_module', 'source_title', 'Nguồn tin', 1728146692),
(3057, 28, 'lang_module', 'tags', 'Tags', 1728146692),
(3058, 28, 'lang_module', 'keywords', 'Từ khóa', 1728146692),
(3059, 28, 'lang_module', 'no_permission', 'Bạn không được phép xem bài viết', 1728146692),
(3060, 28, 'lang_module', 'rating_error1', 'Đánh giá không hợp lệ', 1728146692),
(3061, 28, 'lang_module', 'rating_error2', 'Bạn đã đánh giá bài viết này rồi', 1728146692),
(3062, 28, 'lang_module', 'pubtime', 'Đăng lúc', 1728146692),
(3063, 28, 'lang_module', 'hotnews', 'Tiêu điểm', 1728146692),
(3064, 28, 'lang_module', 'lastest_comment', 'Bình luận mới', 1728146692),
(3065, 28, 'lang_module', 'category', 'Chuyên mục', 1728146692),
(3066, 28, 'lang_module', 'view', 'Đã xem', 1728146692),
(3067, 28, 'lang_module', 'counter', 'Lượt', 1728146692),
(3068, 28, 'lang_module', 'total_comment', 'Phản hồi', 1728146692),
(3069, 28, 'lang_module', 'search_cat', 'Tìm kiếm trong chủ đề', 1728146692),
(3070, 28, 'lang_module', 'search_all', ' Tất cả các chủ đề', 1728146692),
(3071, 28, 'lang_module', 'search_date_rule', 'dd.mm.yyyy', 1728146692),
(3072, 28, 'lang_module', 'content', 'Quản lý bài viết', 1728146692),
(3073, 28, 'lang_module', 'your_content', 'Bài viết của bạn', 1728146692),
(3074, 28, 'lang_module', 'author_info', 'Thông tin tác giả', 1728146692),
(3075, 28, 'lang_module', 'add_content', 'Đăng bài viết', 1728146692),
(3076, 28, 'lang_module', 'topic_sl', 'Chọn dòng sự kiện', 1728146692),
(3077, 28, 'lang_module', 'imgposition', 'Hình ảnh tại bài viết', 1728146692),
(3078, 28, 'lang_module', 'imgposition_0', 'Không hiển thị', 1728146692),
(3079, 28, 'lang_module', 'imgposition_1', 'Hiển thị theo cấu hình module', 1728146692),
(3080, 28, 'lang_module', 'imgposition_2', 'Hiển thị dưới phần mở đầu', 1728146692),
(3081, 28, 'lang_module', 'name', 'Tiêu đề', 1728146692),
(3082, 28, 'lang_module', 'alias', 'Liên kết tĩnh', 1728146692),
(3083, 28, 'lang_module', 'content_cat', 'Chủ đề của bài viết', 1728146692),
(3084, 28, 'lang_module', 'content_topic', 'Thuộc dòng sự kiện', 1728146692),
(3085, 28, 'lang_module', 'content_homeimg', 'Hình Minh họa', 1728146692),
(3086, 28, 'lang_module', 'content_homeimgalt', 'Chú thích cho hình minh họa', 1728146692),
(3087, 28, 'lang_module', 'content_hometext', 'Giới thiệu ngắn gọn', 1728146692),
(3088, 28, 'lang_module', 'content_bodytext', 'Nội dung chi tiết', 1728146692),
(3089, 28, 'lang_module', 'search_author', 'Tác giả bài viết', 1728146692),
(3090, 28, 'lang_module', 'content_keywords', 'Từ khóa dành cho máy chủ tìm kiếm', 1728146692),
(3091, 28, 'lang_module', 'save_temp', 'Gửi bài viết đến quản trị site', 1728146692),
(3092, 28, 'lang_module', 'save_draft', 'Lưu nháp', 1728146692),
(3093, 28, 'lang_module', 'save_content', 'Đăng bài viết', 1728146692),
(3094, 28, 'lang_module', 'captcha', 'Mã bảo mật', 1728146692),
(3095, 28, 'lang_module', 'error_cat', 'Lỗi: Bài viết chưa có chủ đề', 1728146692),
(3096, 28, 'lang_module', 'error_title', 'Lỗi: Bài viết chưa có tiêu đề', 1728146692),
(3097, 28, 'lang_module', 'error_bodytext', 'Lỗi: Bài viết chưa có nội dung', 1728146692),
(3098, 28, 'lang_module', 'error_captcha', 'Lỗi: Mã bảo mật chưa đúng', 1728146692),
(3099, 28, 'lang_module', 'save_content_ok', 'Đăng bài viết thành công. <br />Trình duyệt sẽ tự động chuyển về trang quản lý bài viết.', 1728146692),
(3100, 28, 'lang_module', 'save_content_view_page', 'Đăng bài viết thành công. <br />Trình duyệt sẽ tự động chuyển về bài viết bạn vừa đăng.', 1728146692),
(3101, 28, 'lang_module', 'save_content_waite', 'Bài viết bạn gửi đã được hệ thống ghi nhận, <br />ban quản trị site sẽ kiểm tra bài viết và đăng bài viết trong thời gian sớm nhất, <br />trình duyệt sẽ tự động chuyển về trang quản lý bài viết.', 1728146692),
(3102, 28, 'lang_module', 'save_content_waite_home', 'Bài viết bạn gửi đã được hệ thống ghi nhận, <br />ban quản trị site sẽ kiểm tra bài viết và đăng bài viết trong thời gian sớm nhất, <br />trình duyệt sẽ tự động chuyển về trang chủ.', 1728146692),
(3103, 28, 'lang_module', 'error_addcontent', 'Lỗi: Bạn chưa được cấp quyền để gửi bài viết', 1728146692),
(3104, 28, 'lang_module', 'errorsave', 'Lỗi hệ thống không cập nhật được nội dung, bạn hãy kiểm tra lại tiêu đề bài viết có thể bị trùng', 1728146692),
(3105, 28, 'lang_module', 'update_content', 'Sửa bài viết', 1728146692),
(3106, 28, 'lang_module', 'del_content', 'Xóa bài viết', 1728146692),
(3107, 28, 'lang_module', 'no_public', 'Chú ý: Bài viết này chưa được xuất bản, chỉ có những người có quyền thao tác mới có thể xem được nội dung.', 1728146692),
(3108, 28, 'lang_module', 'insrss_not_auth', 'Tường lửa đã chặn truy cập khu vực này', 1728146692),
(3109, 28, 'lang_module', 'status_alert', 'Bài viết đang ở trạng thái: %1$s', 1728146692),
(3110, 28, 'lang_module', 'status_0', 'Ngưng hiệu lực', 1728146692),
(3111, 28, 'lang_module', 'status_1', 'Xuất bản', 1728146692),
(3112, 28, 'lang_module', 'status_2', 'Hẹn giờ đăng', 1728146692),
(3113, 28, 'lang_module', 'status_3', 'Hết hạn', 1728146692),
(3114, 28, 'lang_module', 'status_4', 'Lưu tạm', 1728146692),
(3115, 28, 'lang_module', 'status_5', 'Chuyển duyệt bài', 1728146692),
(3116, 28, 'lang_module', 'status_6', 'Từ chối duyệt bài', 1728146692),
(3117, 28, 'lang_module', 'status_7', 'Đang duyệt bài', 1728146692),
(3118, 28, 'lang_module', 'status_8', 'Chuyển đăng bài', 1728146692),
(3119, 28, 'lang_module', 'status_9', 'Từ chối đăng bài', 1728146692),
(3120, 28, 'lang_module', 'status_10', 'Đang kiểm tra để đăng', 1728146692),
(3121, 28, 'lang_module', 'pick_layout', 'Chọn bố cục cho bài viết', 1728146692),
(3122, 28, 'lang_module', 'click_to_download', 'Nhấn vào để tải file.', 1728146692),
(3123, 28, 'lang_module', 'files', 'File đính kèm', 1728146692),
(3124, 28, 'lang_module', 'default_layout', 'Mặc định', 1728146692),
(3125, 28, 'lang_module', 'download', 'Tập tin', 1728146692),
(3126, 28, 'lang_module', 'preview', 'Xem trước', 1728146692),
(3127, 28, 'lang_module', 'author_info_save', 'Lưu thông tin', 1728146692),
(3128, 28, 'lang_module', 'author_pseudonym', 'Bút danh', 1728146692),
(3129, 28, 'lang_module', 'author_description', 'Giới thiệu', 1728146692),
(3130, 28, 'lang_module', 'author_pseudonym_empty', 'Bút danh không được để trống', 1728146692),
(3131, 28, 'lang_module', 'author_pseudonym_error', 'Bút danh đã được sử dụng. Vui lòng chọn bút danh khác', 1728146692),
(3132, 28, 'lang_module', 'author_unspecified_error', 'Đã xảy ra lỗi không xác định. Vui lòng thử lại sau!', 1728146692),
(3133, 28, 'lang_module', 'author_page', 'Trang tác giả', 1728146692),
(3134, 29, 'lang_module', 'categories', 'Quản lý chuyên mục', 1728146692),
(3135, 29, 'lang_module', 'topics', 'Theo dòng sự kiện', 1728146692),
(3136, 29, 'lang_module', 'topics1', 'Dòng sự kiện', 1728146692),
(3137, 29, 'lang_module', 'topics_error_title', 'Lỗi: Bạn không nhập vào tiêu đề sự kiện', 1728146692),
(3138, 29, 'lang_module', 'sources', 'Nguồn tin', 1728146692),
(3139, 29, 'lang_module', 'save', 'Lưu thay đổi', 1728146692),
(3140, 29, 'lang_module', 'send', 'Gửi', 1728146692),
(3141, 29, 'lang_module', 'action', 'Thực hiện', 1728146692),
(3142, 29, 'lang_module', 'move', 'Di chuyển bài viết', 1728146692),
(3143, 29, 'lang_module', 'save_temp', 'Lưu bản nháp', 1728146692),
(3144, 29, 'lang_module', 'publtime', 'Đăng bài viết', 1728146692),
(3145, 29, 'lang_module', 'publtime_action', 'Đăng (không áp dụng cho bài viết lưu nháp, bị khóa)', 1728146692),
(3146, 29, 'lang_module', 'exptime', 'Cho hết hạn bài viết', 1728146692),
(3147, 29, 'lang_module', 'status_action_0', 'Chuyển sang chờ duyệt', 1728146692),
(3148, 29, 'lang_module', 'declined', 'Từ chối bài viết', 1728146692),
(3149, 29, 'lang_module', 're_published', 'Đăng lại bài viết', 1728146692),
(3150, 29, 'lang_module', 'status', 'Trạng thái', 1728146692),
(3151, 29, 'lang_module', 'status_0', 'Ngưng hiệu lực', 1728146692),
(3152, 29, 'lang_module', 'status_1', 'Xuất bản', 1728146692),
(3153, 29, 'lang_module', 'status_2', 'Hẹn giờ đăng', 1728146692),
(3154, 29, 'lang_module', 'status_3', 'Hết hạn', 1728146692),
(3155, 29, 'lang_module', 'status_4', 'Lưu nháp', 1728146692),
(3156, 29, 'lang_module', 'status_5', 'Chuyển duyệt bài', 1728146692),
(3157, 29, 'lang_module', 'status_6', 'Từ chối duyệt bài', 1728146692),
(3158, 29, 'lang_module', 'status_7', 'Đang duyệt bài', 1728146692),
(3159, 29, 'lang_module', 'status_8', 'Chuyển đăng bài', 1728146692),
(3160, 29, 'lang_module', 'status_9', 'Từ chối đăng bài', 1728146692),
(3161, 29, 'lang_module', 'status_10', 'Đang kiểm tra để đăng', 1728146692),
(3162, 29, 'lang_module', 'status_lockbycat', 'Đang khóa bởi chuyên mục', 1728146692),
(3163, 29, 'lang_module', 'errorsave', 'Lỗi hệ thống không cập nhật được nội dung, bạn hãy kiểm tra lại liên kết tĩnh tiêu đề bài viết có thể bị trùng', 1728146692),
(3164, 29, 'lang_module', 'errorexists', 'Lỗi: Tiêu đề hoặc liên kết tĩnh bị trùng, hãy nhập giá trị khác', 1728146692),
(3165, 29, 'lang_module', 'saveok', 'Cập nhật bài viết thành công', 1728146692),
(3166, 29, 'lang_module', 'clickgotomodule', 'Click vào đây để chuyển vào trang quản lý bài viết.', 1728146692),
(3167, 29, 'lang_module', 'alias', 'Liên kết tĩnh', 1728146692),
(3168, 29, 'lang_module', 'name', 'Tiêu đề', 1728146692),
(3169, 29, 'lang_module', 'no_name', 'Không có tiêu đề', 1728146692),
(3170, 29, 'lang_module', 'titlesite', 'Tùy chỉnh Tiêu đề site', 1728146692),
(3171, 29, 'lang_module', 'error_name', 'Lỗi:Bạn cần nhập Tiêu đề', 1728146692),
(3172, 29, 'lang_module', 'weight', 'Vị trí', 1728146692),
(3173, 29, 'lang_module', 'numsubcat', 'Số chuyên mục con', 1728146692),
(3174, 29, 'lang_module', 'numlinks', 'Số liên kết', 1728146692),
(3175, 29, 'lang_module', 'numresults', 'Số kết quả', 1728146692),
(3176, 29, 'lang_module', 'numcomments', 'Số bình luận', 1728146692),
(3177, 29, 'lang_module', 'numtags', 'Số tags', 1728146692),
(3178, 29, 'lang_module', 'newday', 'Icon tin mới (ngày)', 1728146692),
(3179, 29, 'lang_module', 'hitstotal', 'Số lượt xem', 1728146692),
(3180, 29, 'lang_module', 'checkall', 'Chọn tất cả', 1728146692),
(3181, 29, 'lang_module', 'uncheckall', 'Bỏ chọn tất cả', 1728146692),
(3182, 29, 'lang_module', 'cat_layout', 'Bố cục cho chuyên mục', 1728146692),
(3183, 29, 'lang_module', 'cat_instant_view', 'Xem URL nguồn cấp RSS bài viết tức thời', 1728146692),
(3184, 29, 'lang_module', 'cat_instant_viewsimple', 'Xem URL RSS', 1728146692),
(3185, 29, 'lang_module', 'cat_instant_title', 'URL nguồn cấp RSS tức thời', 1728146692),
(3186, 29, 'lang_module', 'show_hide_pass', 'Hiển thị/Ẩn mật khẩu', 1728146692),
(3187, 29, 'lang_module', 'gen_rand_pass', 'Tạo ngẫu nhiên', 1728146692),
(3188, 29, 'lang_module', 'cat_status_0', 'Đình chỉ hoạt động', 1728146692),
(3189, 29, 'lang_module', 'cat_status_1', 'Hoạt động, hiển thị trên trang chủ', 1728146692),
(3190, 29, 'lang_module', 'cat_status_2', 'Hoạt động, không hiển thị trên trang chủ', 1728146692),
(3191, 29, 'lang_module', 'cat_status_0_confirm', 'Chú ý: Đình chỉ hoạt động chuyên mục này sẽ đình chỉ hoạt động cả các bài viết thuộc trong chuyên mục và chuyên mục con của nó. Bạn có chắc chắn thực hiện không?', 1728146692),
(3192, 29, 'lang_module', 'cat_locked_byparent', 'Khóa bởi chuyên mục cha', 1728146692),
(3193, 29, 'lang_module', 'description', 'Miêu tả', 1728146692),
(3194, 29, 'lang_module', 'viewdescription', 'Hiển thị nội dung chi tiết khi xem chủ đề', 1728146692),
(3195, 29, 'lang_module', 'viewdescription_0', 'Không hiển thị ', 1728146692),
(3196, 29, 'lang_module', 'viewdescription_1', 'Hiển thị tại trang số 1 của chủ đề', 1728146692),
(3197, 29, 'lang_module', 'viewdescription_2', 'Hiển thị ở tất cả các trang của chủ đề', 1728146692),
(3198, 29, 'lang_module', 'keywords', 'Từ khóa', 1728146692),
(3199, 29, 'lang_module', 'content_list', 'Danh sách bài viết', 1728146692),
(3200, 29, 'lang_module', 'content_add', 'Thêm bài viết', 1728146692),
(3201, 29, 'lang_module', 'add_cat', 'Thêm chuyên mục', 1728146692),
(3202, 29, 'lang_module', 'add_topic', 'Thêm dòng sự kiện', 1728146692),
(3203, 29, 'lang_module', 'add_sources', 'Thêm nguồn tin', 1728146692),
(3204, 29, 'lang_module', 'edit_cat', 'Sửa chuyên mục', 1728146692),
(3205, 29, 'lang_module', 'edit_topic', 'Sửa dòng sự kiện', 1728146692),
(3206, 29, 'lang_module', 'edit_sources', 'Sửa nguồn tin', 1728146692),
(3207, 29, 'lang_module', 'add_block_cat', 'Thêm nhóm tin', 1728146692),
(3208, 29, 'lang_module', 'edit_block_cat', 'Sửa nhóm tin', 1728146692),
(3209, 29, 'lang_module', 'link', 'Website nguồn tin', 1728146692),
(3210, 29, 'lang_module', 'cat_sub', 'Thuộc chuyên mục', 1728146692),
(3211, 29, 'lang_module', 'cat_sub_sl', 'Là chuyên mục chính', 1728146692),
(3212, 29, 'lang_module', 'cat_parent', 'Chuyên mục chính', 1728146692),
(3213, 29, 'lang_module', 'note_cat_title', 'Chưa có chuyên mục', 1728146692),
(3214, 29, 'lang_module', 'note_cat_content', 'Bạn cần chuyên mục trước khi thêm bài viết mới. Hệ thống sẽ chuyển bạn đến trang <strong>Quản lý chuyên mục</strong> trong giây lát!', 1728146692),
(3215, 29, 'lang_module', 'topic_sl', 'Chọn nhóm tin liên quan hoặc tự điền', 1728146692),
(3216, 29, 'lang_module', 'delcat_msg_cat', 'Chuyên mục này có %s Chuyên mục thành phần, bạn cần xóa hoặc di chuyển các Chuyên mục thành phần trước', 1728146692),
(3217, 29, 'lang_module', 'delcat_msg_rows', 'Chuyên mục có %s bài viết, bạn có chắc chắn xóa hoặc di chuyển sang Chuyên mục khác', 1728146692),
(3218, 29, 'lang_module', 'delcat_msg_rows_select', 'Chú ý: Chuyên mục %s có %s bài viết. <br />Bạn xóa Chuyên mục này tức là xóa tất cả bài viết bên trong nó.', 1728146692),
(3219, 29, 'lang_module', 'delcat_msg_rows_move', 'Hoặc chọn Chuyên mục để di chuyển bài viết tới', 1728146692),
(3220, 29, 'lang_module', 'delcat_msg_cat_permissions', 'Bạn không có quyền thực hiện thao tác này', 1728146692),
(3221, 29, 'lang_module', 'delcatandrows', 'Xóa Chuyên mục và các bài viết', 1728146692),
(3222, 29, 'lang_module', 'delcat_msg_rows_noselect', 'Bạn cần chọn Chuyên mục để di chuyển bài viết tới', 1728146692),
(3223, 29, 'lang_module', 'deltopic_msg_rows', 'nhóm tin liên quan có %s bài viết, bạn có chắc chắn xóa, khi đó nhóm tin liên quan sẽ bị xóa khỏi các bài viết.', 1728146692),
(3224, 29, 'lang_module', 'setting', 'Cấu hình module', 1728146692),
(3225, 29, 'lang_module', 'setting_indexfile', 'Phương án thể hiện trang chủ', 1728146692),
(3226, 29, 'lang_module', 'setting_mobile_indexfile', 'Phương án thể hiện trang chủ ở giao diện mobile', 1728146692),
(3227, 29, 'lang_module', 'setting_homesite', 'Kích thước của hình tại trang chủ', 1728146692),
(3228, 29, 'lang_module', 'setting_thumbblock', 'Kích thước của hình tại các block ', 1728146692),
(3229, 29, 'lang_module', 'setting_imagefull', 'Kích thước của hình dưới phần mở đầu bài viết ', 1728146692),
(3230, 29, 'lang_module', 'setting_per_page', 'Số bài viết được hiển thị cùng với phần giới thiệu ngắn gọn trên một trang', 1728146692),
(3231, 29, 'lang_module', 'setting_st_links', 'Số bài viết chỉ hiển thị link', 1728146692),
(3232, 29, 'lang_module', 'setting_idf_df', 'Mặc định', 1728146692),
(3233, 29, 'lang_module', 'setting_copyright', 'Nội dung hiển thị nếu bài viết có lựa chọn giữ bản quyền bài viết', 1728146692),
(3234, 29, 'lang_module', 'setting_view', 'Cấu hình hiển thị', 1728146692),
(3235, 29, 'lang_module', 'setting_post', 'Cấu hình đăng bài', 1728146692),
(3236, 29, 'lang_module', 'setting_auto_tags', 'Tự động tạo tags cho bài viết nếu không nhập lúc đăng bài', 1728146692),
(3237, 29, 'lang_module', 'setting_tags_remind', 'Nhắc nhở các từ khóa không có tags', 1728146692),
(3238, 29, 'lang_module', 'setting_keywords_tag', 'Nếu không nhập keywords thì sử dụng keywords là các tags', 1728146692),
(3239, 29, 'lang_module', 'setting_alias_lower', 'Chuyển Liên kết tĩnh về chữ thường khi tạo mới', 1728146692),
(3240, 29, 'lang_module', 'setting_elasticseach', 'Cấu hình sử dụng máy chủ tìm kiếm Elasticseach', 1728146692),
(3241, 29, 'lang_module', 'setting_elas_use', 'Sử dụng Elasticsearch', 1728146692),
(3242, 29, 'lang_module', 'setting_elas_host', 'Địa chỉ máy chủ cài đặt Elasticsearch', 1728146692),
(3243, 29, 'lang_module', 'setting_elas_port', 'Cổng kết nối với máy chủ Elasticseach', 1728146692),
(3244, 29, 'lang_module', 'setting_elas_index', 'CSDL lưu trữ tại máy chủ Elasticsearch', 1728146692),
(3245, 29, 'lang_module', 'error_elas_host_connect', 'Không thể kết nối đến máy chủ Elasticsearch!', 1728146692),
(3246, 29, 'lang_module', 'use_setup_elasticseach', 'Hướng dẫn cài đặt Elasticsearch', 1728146692),
(3247, 29, 'lang_module', 'use_dev_elasticseach', 'Hướng dẫn tích hợp Elasticsearch vào NukeViet', 1728146692),
(3248, 29, 'lang_module', 'setting_insart_caption', 'Cấu hình bài viết tức thời', 1728146692),
(3249, 29, 'lang_module', 'setting_active_instant_articles', 'Kích hoạt chức năng bài viết tức thời', 1728146692),
(3250, 29, 'lang_module', 'setting_instant_articles_template', 'Mẫu bài viết được sử dụng mặc định nếu mỗi bài viết không chỉ định mẫu riêng', 1728146692),
(3251, 29, 'lang_module', 'setting_instant_articles_httpauth', 'Kích hoạt xác thực HTTP cho nguồn cấp RSS', 1728146692),
(3252, 29, 'lang_module', 'setting_instant_articles_username', 'Tài khoản xác thực', 1728146692),
(3253, 29, 'lang_module', 'setting_instant_articles_password', 'Mật khẩu xác thực', 1728146692),
(3254, 29, 'lang_module', 'setting_instant_articles_livetime', 'Thời gian (phút) tạo lại RSS', 1728146692),
(3255, 29, 'lang_module', 'setting_instant_articles_livetime1', 'Nhập 0 để tạo ngay RSS mới khi có truy vấn vào nguồn cấp. RSS cũng sẽ được tự động tạo lại ngay có truy vấn tới nguồn cấp nếu bộ nhớ tạm (Cache) bị xóa mà không cần chờ hến hạn', 1728146692),
(3256, 29, 'lang_module', 'setting_instant_articles_gettime', 'Giới hạn thời gian (phút) lấy bài viết mới đăng và bài viết mới cập nhật tính từ thời điểm tạo RSS về trước', 1728146692),
(3257, 29, 'lang_module', 'setting_instant_articles_gettime1', 'Chú ý: Facebook truy vấn vào nguồn cấp nhiều giờ một lần tuy nhiên để chắc chắn là bài viết mới cập nhật hoặc tạo mới có thể hiển thị giữa các khoảng thời gian chờ truy vấn từ facebook nên chọn giá trị này từ 60 phút trở lên. Cũng cần chú ý, nếu chọn giá trị này nhỏ hơn thời gian tạo lại RSS một số bài viết có thể sẽ không được hiển thị', 1728146692),
(3258, 29, 'lang_module', 'setting_instant_articles_defaulturl', 'URL nguồn cấp RSS để khai báo nếu sử dụng tính năng bài viết tức thời', 1728146692),
(3259, 29, 'lang_module', 'setting_instant_articles_defaulturl1', 'Chú ý: URL này là URL chứa toàn bộ bài viết của module. Để lấy URL của nguồn cấp cho từng chuyên mục, sau khi kích hoạt sử dụng tính năng bài viết tức thời xong, bạn cần di chuyển vào phần quản lý chuyên mục, nhấp chọn nút hiển thị URL của nguồn cấp RSS bài viết tức thời tại mỗi chuyên mục tương ứng.', 1728146692),
(3260, 29, 'lang_module', 'setting_instant_articles_auto', 'Mặc định bài viết được đăng là bài viết tức thời nếu chức năng này kích hoạt', 1728146692),
(3261, 29, 'lang_module', 'setting_sys', 'Cấu hình các chức năng hệ thống', 1728146692),
(3262, 29, 'lang_module', 'setting_identify_cat_change', 'Hỗ trợ đổi chuyên mục bài viết', 1728146692),
(3263, 29, 'lang_module', 'setting_identify_cat_change_help', 'Bật chức năng này sẽ cho phép hệ thống tự chuyển hướng bài viết cũ sang địa chỉ mới khi thay đổi chuyên mục của bài viết tuy nhiên hiệu suất sẽ giảm xuống một chút. Nếu bạn không thường xuyên thay đổi chuyên mục bài viết thì nên tắt tính năng này', 1728146692),
(3264, 29, 'lang_module', 'setting_active_history', 'Bật lịch sử bài viết', 1728146692),
(3265, 29, 'lang_module', 'setting_active_history_help', 'Kích hoạt tùy chọn này, hệ thống sẽ lưu lại lịch sử thay đổi mỗi khi sửa bài viết. Bạn có thể khôi phục lại phiên bản trước nếu muốn', 1728146692),
(3266, 29, 'lang_module', 'viewcat_page', 'Cách thể hiện Chuyên mục', 1728146692),
(3267, 29, 'lang_module', 'viewcat_page_new', 'danh sách, mới lên trên', 1728146692),
(3268, 29, 'lang_module', 'viewcat_page_old', 'danh sách, cũ lên trên', 1728146692),
(3269, 29, 'lang_module', 'viewcat_main_left', 'chuyên mục, tin khác nằm bên trái', 1728146692),
(3270, 29, 'lang_module', 'viewcat_main_right', 'chuyên mục,tin khác nằm bên phải', 1728146692),
(3271, 29, 'lang_module', 'viewcat_main_bottom', 'chuyên mục,tin khác nằm bên dưới', 1728146692),
(3272, 29, 'lang_module', 'viewcat_two_column', 'chuyên mục thành 2 cột', 1728146692),
(3273, 29, 'lang_module', 'viewcat_list_new', 'theo tiêu đề, mới lên trên', 1728146692),
(3274, 29, 'lang_module', 'viewcat_list_old', 'theo tiêu đề, cũ lên trên', 1728146692),
(3275, 29, 'lang_module', 'viewcat_grid_new', 'theo lưới, mới lên trên', 1728146692),
(3276, 29, 'lang_module', 'viewcat_grid_old', 'theo lưới, cũ lên trên', 1728146692);
INSERT INTO `nv4_language` (`id`, `idfile`, `langtype`, `lang_key`, `lang_vi`, `update_vi`) VALUES
(3277, 29, 'lang_module', 'viewcat_none', 'không hiển thị', 1728146692),
(3278, 29, 'lang_module', 'viewcat_detail', 'Các nhóm được xem chi tiết bài viết', 1728146692),
(3279, 29, 'lang_module', 'search', 'Tìm kiếm', 1728146692),
(3280, 29, 'lang_module', 'search_type', 'Tìm kiếm theo', 1728146692),
(3281, 29, 'lang_module', 'search_status', 'Trạng thái', 1728146692),
(3282, 29, 'lang_module', 'search_id', 'ID', 1728146692),
(3283, 29, 'lang_module', 'search_key', 'Từ khóa tìm kiếm', 1728146692),
(3284, 29, 'lang_module', 'search_cat', 'Chuyên mục bài viết', 1728146692),
(3285, 29, 'lang_module', 'search_cat_all', 'Tất cả các chuyên mục', 1728146692),
(3286, 29, 'lang_module', 'search_title', 'Tiêu đề', 1728146692),
(3287, 29, 'lang_module', 'search_bodytext', 'Nội dung', 1728146692),
(3288, 29, 'lang_module', 'search_author', 'Tác giả bài viết', 1728146692),
(3289, 29, 'lang_module', 'search_admin', 'Người nhập liệu', 1728146692),
(3290, 29, 'lang_module', 'search_per_page', 'Số bài viết hiển thị', 1728146692),
(3291, 29, 'lang_module', 'search_public_time', 'Thời gian xuất bản', 1728146692),
(3292, 29, 'lang_module', 'search_type_date', '---Chọn loại thời gian---', 1728146692),
(3293, 29, 'lang_module', 'search_note', 'Từ khóa tìm kiếm không ít hơn 2 ký tự, không lớn hơn 64 ký tự, không dùng các mã html', 1728146692),
(3294, 29, 'lang_module', 'search_time_from', 'Từ ngày', 1728146692),
(3295, 29, 'lang_module', 'search_time_to', 'Đến ngày', 1728146692),
(3296, 29, 'lang_module', 'kind_of_time', 'Loại thời gian', 1728146692),
(3297, 29, 'lang_module', 'content_edit', 'Sửa bài viết', 1728146692),
(3298, 29, 'lang_module', 'error_title', 'Lỗi: Bài viết chưa có tiêu đề', 1728146692),
(3299, 29, 'lang_module', 'error_bodytext', 'Lỗi: Bài viết chưa có nội dung', 1728146692),
(3300, 29, 'lang_module', 'error_cat', 'Lỗi: Bài viết chưa có chuyên mục', 1728146692),
(3301, 29, 'lang_module', 'sources_sl', 'Hãy chọn hoặc tự điền', 1728146692),
(3302, 29, 'lang_module', 'content_cat', 'Chuyên mục của bài viết', 1728146692),
(3303, 29, 'lang_module', 'content_block', 'Bài viết thuộc các nhóm tin', 1728146692),
(3304, 29, 'lang_module', 'content_topic', 'Thuộc dòng sự kiện', 1728146692),
(3305, 29, 'lang_module', 'content_homeimg', 'Hình minh họa', 1728146692),
(3306, 29, 'lang_module', 'content_homeimgalt', 'Chú thích cho hình', 1728146692),
(3307, 29, 'lang_module', 'content_hometext', 'Giới thiệu ngắn gọn', 1728146692),
(3308, 29, 'lang_module', 'content_notehome', '(Hiển thị đối với mọi đối tượng kể cả khi không được phân quyền)', 1728146692),
(3309, 29, 'lang_module', 'content_keyword', 'Các keyword cho bài viết', 1728146692),
(3310, 29, 'lang_module', 'content_tag', 'Các tag cho bài viết', 1728146692),
(3311, 29, 'lang_module', 'content_showmore', '(Mở rộng để xem chi tiết)', 1728146692),
(3312, 29, 'lang_module', 'content_notetime', '(Ngày/tháng/năm giờ:phút)', 1728146692),
(3313, 29, 'lang_module', 'content_publ_date', 'Thời gian đăng', 1728146692),
(3314, 29, 'lang_module', 'order_publtime', 'Sắp xếp lại theo Thời gian đăng', 1728146692),
(3315, 29, 'lang_module', 'content_exp_date', 'Thời gian hết hạn', 1728146692),
(3316, 29, 'lang_module', 'content_extra', 'Tính năng mở rộng', 1728146692),
(3317, 29, 'lang_module', 'content_inhome', 'Hiển thị trên trang chủ', 1728146692),
(3318, 29, 'lang_module', 'content_allowed_comm', 'Cho phép thảo luận', 1728146692),
(3319, 29, 'lang_module', 'content_note_comm', 'Chức năng Cho phép thảo luận hiện tại đang được quản lý tại module Quản lý bình luận', 1728146692),
(3320, 29, 'lang_module', 'content_allowed_rating', 'Cho phép xếp hạng', 1728146692),
(3321, 29, 'lang_module', 'allowed_rating_point', 'Hiển thị đánh giá bài viết trên google nếu bài viết có số điểm', 1728146692),
(3322, 29, 'lang_module', 'no_allowed_rating', 'Không hiển thị', 1728146692),
(3323, 29, 'lang_module', 'content_allowed_send', 'Cho phép gửi bài viết', 1728146692),
(3324, 29, 'lang_module', 'content_allowed_print', 'Cho phép in bài viết', 1728146692),
(3325, 29, 'lang_module', 'content_allowed_save', 'Cho phép lưu bài viết', 1728146692),
(3326, 29, 'lang_module', 'content_allshow', 'Xem tất cả ', 1728146692),
(3327, 29, 'lang_module', 'content_allcollapse', 'Đóng tắt cả', 1728146692),
(3328, 29, 'lang_module', 'content_bodytext', 'Nội dung chi tiết', 1728146692),
(3329, 29, 'lang_module', 'content_bodytext_note', ' (Chỉ hiển thị đối với những đối tượng được phép xem)', 1728146692),
(3330, 29, 'lang_module', 'content_admin', 'Người tạo', 1728146692),
(3331, 29, 'lang_module', 'author', 'Tác giả', 1728146692),
(3332, 29, 'lang_module', 'content_author', 'Tác giả bên ngoài', 1728146692),
(3333, 29, 'lang_module', 'content_internal_author', 'Tác giả thuộc quyền quản lý', 1728146692),
(3334, 29, 'lang_module', 'content_sourceid', 'Nguồn tin', 1728146692),
(3335, 29, 'lang_module', 'content_copyright', 'Giữ bản quyền bài viết', 1728146692),
(3336, 29, 'lang_module', 'content_external_link', 'Mở liên kết nguồn tin (nếu có)', 1728146692),
(3337, 29, 'lang_module', 'content_external_link1', 'Mở liên kết nguồn tin', 1728146692),
(3338, 29, 'lang_module', 'content_saveok', 'Đã ghi dữ liệu thành công', 1728146692),
(3339, 29, 'lang_module', 'content_main', 'Quay lại trang quản lý', 1728146692),
(3340, 29, 'lang_module', 'content_back', 'Quay lại trang sửa bài viết', 1728146692),
(3341, 29, 'lang_module', 'redircet_title', 'Thực hiện thành công thao tác', 1728146692),
(3342, 29, 'lang_module', 'content_checkcat', 'Chủ đề chính cho bài viết', 1728146692),
(3343, 29, 'lang_module', 'content_checkcatmsg', 'Bạn cần chọn chủ đề chính cho bài viết.', 1728146692),
(3344, 29, 'lang_module', 'content_archive', 'Lưu trữ sau thời gian hết hạn', 1728146692),
(3345, 29, 'lang_module', 'content_tags_empty', 'Chú ý: Bài viết chưa có từ khóa nào', 1728146692),
(3346, 29, 'lang_module', 'content_tags_empty_auto', 'Hệ thống sẽ tạo tự động từ khóa lúc lưu bài viết này, có thể tắt tính năng tự động tạo từ khóa ở phần quản lý module', 1728146692),
(3347, 29, 'lang_module', 'content_advfeature', 'Tùy chọn nâng cao', 1728146692),
(3348, 29, 'lang_module', 'content_description', 'Mô tả của site', 1728146692),
(3349, 29, 'lang_module', 'content_insart', 'Bài viết tức thời', 1728146692),
(3350, 29, 'lang_module', 'content_instant_active', 'Đây là bài viết tức thời', 1728146692),
(3351, 29, 'lang_module', 'content_instant_template', 'Mẫu', 1728146692),
(3352, 29, 'lang_module', 'content_instant_template1', 'Mẫu bài viết tức thời', 1728146692),
(3353, 29, 'lang_module', 'content_instant_templatenote', 'Để trống tức là sử dụng mẫu mặc định', 1728146692),
(3354, 29, 'lang_module', 'content_instant_creatauto', 'Tự động tạo bài viết tức thời từ bài viết thường', 1728146692),
(3355, 29, 'lang_module', 'content_locked_bycat', 'Khóa bởi chuyên mục', 1728146692),
(3356, 29, 'lang_module', 'showtooltip', 'Hiển thị tooltips', 1728146692),
(3357, 29, 'lang_module', 'showtooltip_position', 'Vị trí hiển thị', 1728146692),
(3358, 29, 'lang_module', 'showtooltip_position_top', 'Trên', 1728146692),
(3359, 29, 'lang_module', 'showtooltip_position_bottom', 'Dưới', 1728146692),
(3360, 29, 'lang_module', 'showtooltip_position_left', 'Trái', 1728146692),
(3361, 29, 'lang_module', 'showtooltip_position_right', 'Phải', 1728146692),
(3362, 29, 'lang_module', 'showtooltip_length', 'Số ký tự', 1728146692),
(3363, 29, 'lang_module', 'showhometext', 'Hiển thị phần Giới thiệu ngắn gọn khi xem bài viết', 1728146692),
(3364, 29, 'lang_module', 'htmlhometext', 'Sử dụng trình soạn thảo cho phần Giới thiệu ngắn gọn', 1728146692),
(3365, 29, 'lang_module', 'show_no_image', 'Hiển thị ảnh No-Image nếu không bài viết không có hình minh họa', 1728146692),
(3366, 29, 'lang_module', 'imgposition', 'Trình bày hình trong bài viết', 1728146692),
(3367, 29, 'lang_module', 'imgpositiondefault', 'Cấu hình mặc định, Trình bày hình trong bài viết khi đăng bài', 1728146692),
(3368, 29, 'lang_module', 'imgposition_0', 'Không hiển thị', 1728146692),
(3369, 29, 'lang_module', 'imgposition_1', 'Hiển thị bên trái phần mở đầu', 1728146692),
(3370, 29, 'lang_module', 'imgposition_2', 'Hiển thị dưới phần mở đầu', 1728146692),
(3371, 29, 'lang_module', 'addtoblock', 'Thêm bài viết vào nhóm tin', 1728146692),
(3372, 29, 'lang_module', 'delete_from_block', 'Xóa bài viết khỏi nhóm tin', 1728146692),
(3373, 29, 'lang_module', 'error_del_content', 'Lỗi: Hệ thống không xóa hết được các bài viết, vui lòng thử lại', 1728146692),
(3374, 29, 'lang_module', 'msgnocheck', 'Bạn cần chọn ít nhất 1 bài viết để thực hiện', 1728146692),
(3375, 29, 'lang_module', 'facebookAppID', 'Facebook App ID', 1728146692),
(3376, 29, 'lang_module', 'facebookAppIDNote', ' (Có dạng 1419186468293063, <a href=\"http://wiki.nukeviet.vn/nukeviet:admin:news:facebookapi\" target=\"_blank\">xem chi tiết</a>)', 1728146692),
(3377, 29, 'lang_module', 'socialbutton', 'Hiển thị các nút công cụ của mạng xã hội khi xem bài viết', 1728146692),
(3378, 29, 'lang_module', 'socialbutton_zalo_note', 'Trước tiên cần khai báo Zalo Offficial Account ID', 1728146692),
(3379, 29, 'lang_module', 'block', 'Các nhóm tin', 1728146692),
(3380, 29, 'lang_module', 'adddefaultblock', 'Chọn mặc định khi tạo bài viết', 1728146692),
(3381, 29, 'lang_module', 'source_logo', 'Logo nguồn tin', 1728146692),
(3382, 29, 'lang_module', 'topic_page', 'Tin tức thuộc nhóm tin liên quan', 1728146692),
(3383, 29, 'lang_module', 'topic_del', 'Xóa khỏi dòng sự kiện', 1728146692),
(3384, 29, 'lang_module', 'topic_nocheck', 'Hãy chọn ít nhất 1 bài viết để có thể thực hiện', 1728146692),
(3385, 29, 'lang_module', 'topic_delete_confirm', 'Bạn có chắc muốn xóa nhóm tin liên quan ra khỏi bài viết ?', 1728146692),
(3386, 29, 'lang_module', 'topic_delete_success', 'Loại bỏ thành công !', 1728146692),
(3387, 29, 'lang_module', 'topic_nonews', 'Hiện tại không có bài viết nào thuộc nhóm tin liên quan này !', 1728146692),
(3388, 29, 'lang_module', 'addtotopics', 'Thêm vào Theo dòng sự kiện', 1728146692),
(3389, 29, 'lang_module', 'topic_update_success', 'Cập nhật thành công!', 1728146692),
(3390, 29, 'lang_module', 'topic_num_news', ' bài viết', 1728146692),
(3391, 29, 'lang_module', 'siteinfo_publtime', 'Tổng số bài viết hiệu lực', 1728146692),
(3392, 29, 'lang_module', 'siteinfo_users_send', 'Số bài viết thành viên gửi tới', 1728146692),
(3393, 29, 'lang_module', 'siteinfo_pending', 'Số bài viết chờ đăng', 1728146692),
(3394, 29, 'lang_module', 'siteinfo_expired', 'Số bài viết đã hết hạn', 1728146692),
(3395, 29, 'lang_module', 'siteinfo_exptime', 'Số bài viết sắp hết hạn', 1728146692),
(3396, 29, 'lang_module', 'siteinfo_comment', 'Tổng số bình luận được đăng', 1728146692),
(3397, 29, 'lang_module', 'siteinfo_comment_pending', 'Số bình luận chờ duyệt', 1728146692),
(3398, 29, 'lang_module', 'siteinfo_tags_incomplete', 'Số tags chưa có mô tả', 1728146692),
(3399, 29, 'lang_module', 'group_content', 'Cấu hình đăng bài viết tại trang người dùng', 1728146692),
(3400, 29, 'lang_module', 'group_addcontent', 'Được đăng bài viết', 1728146692),
(3401, 29, 'lang_module', 'group_postcontent', 'Đăng bài viết không cần kiểm duyệt', 1728146692),
(3402, 29, 'lang_module', 'group_editcontent', 'Được sửa bài viết đã đăng', 1728146692),
(3403, 29, 'lang_module', 'group_delcontent', 'Được xóa bài viết đã đăng', 1728146692),
(3404, 29, 'lang_module', 'admin', 'Phân quyền quản lý', 1728146692),
(3405, 29, 'lang_module', 'admin_permissions', 'Quyền hạn', 1728146692),
(3406, 29, 'lang_module', 'admin_edit', 'Sửa quyền hạn', 1728146692),
(3407, 29, 'lang_module', 'admin_edit_user', 'Sửa quyền hạn thành viên', 1728146692),
(3408, 29, 'lang_module', 'admin_full_module', 'Toàn quyền module', 1728146692),
(3409, 29, 'lang_module', 'admin_module', 'Quản lý module', 1728146692),
(3410, 29, 'lang_module', 'admin_module_for_user', 'Bạn có tất cả các quyền hạn của module, trừ chức năng phân quyền quản lý', 1728146692),
(3411, 29, 'lang_module', 'admin_cat', 'Quản lý Chuyên mục', 1728146692),
(3412, 29, 'lang_module', 'admin_cat_for_user', 'Quyền hạn của bạn tại các chuyên mục', 1728146692),
(3413, 29, 'lang_module', 'admin_no_user_title', 'Chưa có người quản lý module', 1728146692),
(3414, 29, 'lang_module', 'admin_no_user_content', 'Chức năng phân quyền cho module này chỉ áp dụng cho người điều hành module, bạn cần thêm người điều hành module trước khi tiến hành phân quyền.', 1728146692),
(3415, 29, 'lang_module', 'admin_userid', 'userid', 1728146692),
(3416, 29, 'lang_module', 'admin_username', 'Tài khoản', 1728146692),
(3417, 29, 'lang_module', 'admin_full_name', 'Họ tên', 1728146692),
(3418, 29, 'lang_module', 'admin_first_name', 'Tên', 1728146692),
(3419, 29, 'lang_module', 'admin_last_name', 'Họ', 1728146692),
(3420, 29, 'lang_module', 'admin_email', 'Email', 1728146692),
(3421, 29, 'lang_module', 'firstname_lastname', 'Tên và Họ', 1728146692),
(3422, 29, 'lang_module', 'lastname_firstname', 'Họ và Tên', 1728146692),
(3423, 29, 'lang_module', 'permissions_admin', 'Quản lý Chuyên mục', 1728146692),
(3424, 29, 'lang_module', 'permissions_add_content', 'Tạo bài viết', 1728146692),
(3425, 29, 'lang_module', 'permissions_pub_content', 'Đăng bài viết', 1728146692),
(3426, 29, 'lang_module', 'permissions_app_content', 'Duyệt bài viết', 1728146692),
(3427, 29, 'lang_module', 'permissions_edit_content', 'Sửa bài viết', 1728146692),
(3428, 29, 'lang_module', 'permissions_del_content', 'Xóa bài viêt', 1728146692),
(3429, 29, 'lang_module', 'permissions_pub_error', 'Lỗi: Bạn không được đăng bài viết tại Chuyên mục: %1$s', 1728146692),
(3430, 29, 'lang_module', 'permissions_sendspadmin_error', 'Lỗi: Bạn không được phép chuyển bài viết cho tổng biên tập tại Chuyên mục: %1$s', 1728146692),
(3431, 29, 'lang_module', 'permissions_pub_show_error', 'Lỗi: Bạn không được cho hiển thị bài viết tại Chuyên mục: %1$s', 1728146692),
(3432, 29, 'lang_module', 'error_no_del_content_id', 'Lỗi: Hệ thống không xóa được các bài viết có id:', 1728146692),
(3433, 29, 'lang_module', 'structure_image_upload', 'Ảnh upload của module được lưu trữ mặc định theo cấu trúc thư mục', 1728146692),
(3434, 29, 'lang_module', 'config_source', 'Cấu hình hiển thị nguồn bài viết tại chi tiết tin', 1728146692),
(3435, 29, 'lang_module', 'config_source_title', 'Hiển thị tiêu đề nguồn tin', 1728146692),
(3436, 29, 'lang_module', 'config_source_link', 'Hiển thị link của nguồn tin', 1728146692),
(3437, 29, 'lang_module', 'config_source_link_nofollow', 'Hiển thị link của nguồn tin (rel= \"nofollow\")', 1728146692),
(3438, 29, 'lang_module', 'config_source_logo', 'Hiển thị logo của nguồn tin', 1728146692),
(3439, 29, 'lang_module', 'tags', 'Quản lý Tags', 1728146692),
(3440, 29, 'lang_module', 'add_tags', 'Thêm Tags', 1728146692),
(3441, 29, 'lang_module', 'edit_tags', 'Sửa Tags', 1728146692),
(3442, 29, 'lang_module', 'tags_alias', 'Lọc bỏ dấu tiếng việt, các ký tự khác a-z, 0-9, - trong Liên kết tĩnh của tags', 1728146692),
(3443, 29, 'lang_module', 'tags_all_link', 'Chế độ xem các tags chưa có mô tả đang được kích hoạt, nhấp vào đây để xem tất cả các tags', 1728146692),
(3444, 29, 'lang_module', 'tags_no_description', 'Chưa có mô tả', 1728146692),
(3445, 29, 'lang_module', 'input_title_blocks', 'Nhập tiêu đề nhóm tin...', 1728146692),
(3446, 29, 'lang_module', 'input_keyword', 'Nhập từ khóa...', 1728146692),
(3447, 29, 'lang_module', 'input_tag', 'Nhập tag...', 1728146692),
(3448, 29, 'lang_module', 'input_pseudonym', 'Nhập bút danh...', 1728146692),
(3449, 29, 'lang_module', 'alias_empty_notice', 'Liên kết tĩnh còn trống, hệ thống sẽ tự động tạo liên kết tĩnh phù hợp', 1728146692),
(3450, 29, 'lang_module', 'functional', 'Chức năng', 1728146692),
(3451, 29, 'lang_module', 'featured', 'Tin nổi bật', 1728146692),
(3452, 29, 'lang_module', 'addtocat', 'Thêm bài viết nổi bật vào chuyên mục', 1728146692),
(3453, 29, 'lang_module', 'delete_from_cat', 'Xóa bài viết khỏi chuyên mục', 1728146692),
(3454, 29, 'lang_module', 'not_featured', 'Không có bài viết nào', 1728146692),
(3455, 29, 'lang_module', 'notification_post_queue', 'Kiểm duyệt bài viết <strong>%s</strong> gửi bởi <strong>%s</strong><br /><em>%s</em>', 1728146692),
(3456, 29, 'lang_module', 'ad_block_show', 'Hiển thị các block phụ', 1728146692),
(3457, 29, 'lang_module', 'ad_block_top', 'Block bên trên chuyên mục', 1728146692),
(3458, 29, 'lang_module', 'ad_block_bot', 'Block bên dưới chuyên mục', 1728146692),
(3459, 29, 'lang_module', 'fbinsartmgs_100', 'Lỗi: Bài viết có các thẻ HTML: <strong>%s</strong> không được hỗ trở bởi bài viết tức thời. Để chọn bài viết này làm bài viết tức thời hãy loại bỏ chúng, thay thế bằng các thẻ được hỗ trợ hoặc tích chọn vào ô tự động chuyển đổi bài viết thường thành bài viết tức thời. Lưu ý: lúc chuyển đổi hệ thống sẽ tự động bỏ đi các thành phần không hỗ trợ hoặc thay thế chúng bằng các thành phần khác thích hợp', 1728146692),
(3460, 29, 'lang_module', 'fbinsartmgs_101', 'Lỗi: Bài viết không có nội dung', 1728146692),
(3461, 29, 'lang_module', 'fbinsartmgs_102', 'Lỗi: Bài viết của bạn có các thuộc tính cho các thẻ. Để chọn bài viết này làm bài viết tức thời hãy loại bỏ chúng khỏi thẻ hoặc tích chọn vào ô tự động chuyển đổi bài viết thường thành bài viết tức thời. Lưu ý: lúc chuyển đổi hệ thống sẽ tự động bỏ đi các thành phần không hỗ trợ hoặc thay thế chúng bằng các thành phần khác thích hợp', 1728146692),
(3462, 29, 'lang_module', 'dulicate_edit', 'Bài viết <b>%s</b> đang được sửa bởi tài khoản <b>%s</b> lúc %s. Bạn không được sửa bài viết này đến khi người đó sửa xong.', 1728146692),
(3463, 29, 'lang_module', 'dulicate_edit_admin', 'Bài viết <b>%s</b> đang được sửa bởi tài khoản <b>%s</b> lúc %s. Bạn có muốn <b>chiếm quyền sửa bài viết</b> này không?', 1728146692),
(3464, 29, 'lang_module', 'dulicate_takeover', 'Chiếm quyền sửa bài viết', 1728146692),
(3465, 29, 'lang_module', 'dulicate_edit_takeover', 'Bạn đã bị chiếm quyền chỉnh sửa bài viết này bởi  tài khoản %s lúc %s. Những thay đổi của bạn không thể lưu vào hệ thống, hãy sao chép lại để tránh mất nội dung đã thay đổi.', 1728146692),
(3466, 29, 'lang_module', 'setting_copy_news', 'Cho phép copy bài viết', 1728146692),
(3467, 29, 'lang_module', 'title_copy_news', 'Sao chép bài viết', 1728146692),
(3468, 29, 'lang_module', 'order_articles', 'Sắp xếp bài viết', 1728146692),
(3469, 29, 'lang_module', 'order_articles_0', 'Sắp xếp theo thời gian đăng', 1728146692),
(3470, 29, 'lang_module', 'order_articles_1', 'Sắp xếp tùy biến, đánh số tăng dần', 1728146692),
(3471, 29, 'lang_module', 'order_articles_number', 'STT sắp xếp hiện tại', 1728146692),
(3472, 29, 'lang_module', 'order_articles_new', 'STT sắp xếp mới', 1728146692),
(3473, 29, 'lang_module', 'pick_layout', 'Chọn bố cục cho bài viết', 1728146692),
(3474, 29, 'lang_module', 'pick_layout1', 'Bố cục cho bài viết', 1728146692),
(3475, 29, 'lang_module', 'default_layout', 'Mặc định', 1728146692),
(3476, 29, 'lang_module', 'setting_frontend_post', 'Cấu hình khu vực đăng bài ở trang người dùng', 1728146692),
(3477, 29, 'lang_module', 'frontend_edit_alias', 'Cho phép tuỳ chỉnh liên kết tĩnh khi đăng bài mới', 1728146692),
(3478, 29, 'lang_module', 'frontend_edit_layout', 'Cho phép tuỳ chỉnh bố cục', 1728146692),
(3479, 29, 'lang_module', 'large_sys_message', 'Chú ý: Hiện đang có <strong>%s</strong> bài viết trên website, sau khi đăng thêm bài viết, hệ thống này sẽ trở thành một hệ thống lớn. Để đảm bảo an toàn cho máy chủ, một số tính năng như đình chỉ, kích hoạt lại chuyên mục sẽ bị khóa. Trước khi đăng bài viết, bạn hãy kiểm tra các chuyên mục có khóa không nếu có hãy kích hoạt lại hoặc xóa đi các bài viết trong đó', 1728146692),
(3480, 29, 'lang_module', 'fileattach', 'File đính kèm', 1728146692),
(3481, 29, 'lang_module', 'add', 'Thêm', 1728146692),
(3482, 29, 'lang_module', 'status_12', 'Lưu bài viết, gửi quản trị', 1728146692),
(3483, 29, 'lang_module', 'status_13', 'Lưu bài viết, gửi quản trị tối cao', 1728146692),
(3484, 29, 'lang_module', 'error_edit', 'Bài đăng là người kiểm duyệt được kiểm duyệt. Bạn không thể tiếp tục chỉnh sửa.', 1728146692),
(3485, 29, 'lang_module', 'not_edit_by_admin', 'Bạn đã bị tấn công để chỉnh sửa bài đăng này. Không thể lưu thay đổi của bạn vào hệ thống, hãy sao chép lại để tránh bị mất các thay đổi của bạn.', 1728146692),
(3486, 29, 'lang_module', 'post_is_editing', 'đang sửa bài viết này', 1728146692),
(3487, 29, 'lang_module', 'add_multiple_tags', 'Thêm nhiều Tags', 1728146692),
(3488, 29, 'lang_module', 'tag', 'Tags', 1728146692),
(3489, 29, 'lang_module', 'note_tags', 'Nhập mỗi tag trên một dòng, các tag đã tồn tại sẽ được bỏ qua', 1728146692),
(3490, 29, 'lang_module', 'author_manage', 'Quản lý tác giả', 1728146692),
(3491, 29, 'lang_module', 'add_author', 'Thêm tác giả', 1728146692),
(3492, 29, 'lang_module', 'edit_author', 'Sửa tác giả', 1728146692),
(3493, 29, 'lang_module', 'author_pseudonym', 'Bút danh', 1728146692),
(3494, 29, 'lang_module', 'author_image', 'Hình đại diện', 1728146692),
(3495, 29, 'lang_module', 'author_uid', 'Tài khoản thành viên', 1728146692),
(3496, 29, 'lang_module', 'author_select_account', 'Hãy chọn tài khoản thành viên', 1728146692),
(3497, 29, 'lang_module', 'author_description', 'Giới thiệu', 1728146692),
(3498, 29, 'lang_module', 'author_pseudonym_empty', 'Bút danh không được để trống', 1728146692),
(3499, 29, 'lang_module', 'author_pseudonym_error', 'Bút danh đã được sử dụng. Vui lòng chọn bút danh khác', 1728146692),
(3500, 29, 'lang_module', 'author_uid_empty', 'Vui lòng khai báo tài khoản thành viên', 1728146692),
(3501, 29, 'lang_module', 'author_uid_error', 'Tài khoản thành viên đã được sử dụng. Vui lòng chọn tài khoản khác', 1728146692),
(3502, 29, 'lang_module', 'author_unspecified_error', 'Đã xảy ra lỗi không xác định. Vui lòng thử lại sau!', 1728146692),
(3503, 29, 'lang_module', 'author_add_time', 'Cộng tác từ', 1728146692),
(3504, 29, 'lang_module', 'author_numnews', 'Bài viết', 1728146692),
(3505, 29, 'lang_module', 'author_status', 'Trạng thái', 1728146692),
(3506, 29, 'lang_module', 'author_status_0', 'Vô hiệu', 1728146692),
(3507, 29, 'lang_module', 'author_status_1', 'Hiệu lực', 1728146692),
(3508, 29, 'lang_module', 'history', 'Lịch sử bài viết', 1728146692),
(3509, 29, 'lang_module', 'history_time', 'Thời gian', 1728146692),
(3510, 29, 'lang_module', 'history_changefields', 'Dữ liệu thay đổi', 1728146692),
(3511, 29, 'lang_module', 'history_restore', 'Khôi phục', 1728146692),
(3512, 29, 'lang_module', 'history_author', 'Người tạo ra lịch sử', 1728146692),
(3513, 29, 'lang_module', 'history_restore_confirm', 'Bạn có chắc chắn khôi phục lại phiên bản này không?', 1728146692),
(3514, 29, 'lang_module', 'history_recovering', 'Hệ thống đang khôi phục tự động, bạn vui lòng đợi', 1728146692),
(3515, 29, 'lang_module', 'history_restore_success', 'Khôi phục thành công', 1728146692),
(3516, 29, 'lang_module', 'content_voice', 'Chọn file audio cho các giọng đọc', 1728146692),
(3517, 29, 'lang_module', 'order', 'Thứ tự', 1728146692),
(3518, 29, 'lang_module', 'function', 'Chức năng', 1728146692),
(3519, 29, 'lang_module', 'voice', 'Giọng đọc', 1728146692),
(3520, 29, 'lang_module', 'voice_manager', 'Thiết lập giọng đọc', 1728146692),
(3521, 29, 'lang_module', 'voice_title', 'Tên giọng đọc', 1728146692),
(3522, 29, 'lang_module', 'voice_description', 'Giới thiệu', 1728146692),
(3523, 29, 'lang_module', 'voice_add', 'Thêm giọng đọc', 1728146692),
(3524, 29, 'lang_module', 'voice_edit', 'Sửa giọng đọc', 1728146692),
(3525, 29, 'lang_module', 'voice_error_title', 'Lỗi: Tên giọng đọc không được để trống', 1728146692),
(3526, 29, 'lang_module', 'voice_error_exists', 'Lỗi: Tên giọng đọc bị trùng', 1728146692),
(3527, 29, 'lang_module', 'change_weight', 'Thay đổi thứ tự', 1728146692),
(3528, 29, 'lang_module', 'new_weight', 'Thứ tự mới', 1728146692),
(3529, 29, 'lang_module', 'type_new_weight', 'Nhập thứ tự mới trong khoảng từ 1 đến', 1728146692),
(3530, 29, 'lang_module', 'total', 'Tất cả', 1728146692),
(3531, 29, 'lang_module', 'hide_author', 'Không hiển thị công khai tên tác giả bên ngoài', 1728146692),
(3532, 29, 'lang_module', 'hide_inauthor', 'Không hiển thị công khai tên tác giả thuộc quyền quản lý', 1728146692),
(3533, 30, 'lang_block', 'title_length', 'Số ký tự của tiêu đề', 1728146692),
(3534, 30, 'lang_block', 'catid', 'Chuyên mục cần hiển thị sub', 1728146692),
(3535, 31, 'lang_block', 'blockid', 'Nhóm tin liên quan', 1728146692),
(3536, 31, 'lang_block', 'numrow', 'Số bài hiển thị', 1728146692),
(3537, 31, 'lang_block', 'type', 'Cách thức hiển thị', 1728146692),
(3538, 31, 'lang_block', 'showtooltip', 'Hiển thị tooltip', 1728146692),
(3539, 31, 'lang_block', 'title_length', 'Số ký tự tiêu đề', 1728146692),
(3540, 31, 'lang_block', 'tooltip_position', 'Vị trí', 1728146692),
(3541, 31, 'lang_block', 'tooltip_position_top', 'Trên', 1728146692),
(3542, 31, 'lang_block', 'tooltip_position_bottom', 'Dưới', 1728146692),
(3543, 31, 'lang_block', 'tooltip_position_left', 'Trái', 1728146692),
(3544, 31, 'lang_block', 'tooltip_position_right', 'Phải', 1728146692),
(3545, 31, 'lang_block', 'tooltip_length', 'Số ký tự', 1728146692),
(3546, 32, 'lang_block', 'catid', 'Chủ đề', 1728146692),
(3547, 32, 'lang_block', 'numrow', 'Số bài hiển thị', 1728146692),
(3548, 32, 'lang_block', 'title_length', 'Số ký tự tiêu đề', 1728146692),
(3549, 32, 'lang_block', 'type', 'Cách thức hiển thị', 1728146692),
(3550, 32, 'lang_block', 'showtooltip', 'Hiển thị tooltip', 1728146692),
(3551, 32, 'lang_block', 'tooltip_position', 'Vị trí', 1728146692),
(3552, 32, 'lang_block', 'tooltip_position_top', 'Trên', 1728146692),
(3553, 32, 'lang_block', 'tooltip_position_bottom', 'Dưới', 1728146692),
(3554, 32, 'lang_block', 'tooltip_position_left', 'Trái', 1728146692),
(3555, 32, 'lang_block', 'tooltip_position_right', 'Phải', 1728146692),
(3556, 32, 'lang_block', 'tooltip_length', 'Số ký tự', 1728146692),
(3557, 33, 'lang_block', 'number_day', 'Số ngày gần nhất đăng bài', 1728146692),
(3558, 33, 'lang_block', 'numrow', 'Số bài hiển thị', 1728146692),
(3559, 33, 'lang_block', 'showtooltip', 'Hiển thị tooltip', 1728146692),
(3560, 33, 'lang_block', 'tooltip_position', 'Vị trí', 1728146692),
(3561, 33, 'lang_block', 'tooltip_position_top', 'Trên', 1728146692),
(3562, 33, 'lang_block', 'tooltip_position_bottom', 'Dưới', 1728146692),
(3563, 33, 'lang_block', 'tooltip_position_left', 'Trái', 1728146692),
(3564, 33, 'lang_block', 'tooltip_position_right', 'Phải', 1728146692),
(3565, 33, 'lang_block', 'tooltip_length', 'Số ký tự', 1728146692),
(3566, 33, 'lang_block', 'nocatid', 'Không hiển thị trong các chuyên mục', 1728146692),
(3567, 34, 'lang_block', 'numrow', 'Số bài hiển thị', 1728146692),
(3568, 34, 'lang_block', 'showtooltip', 'Hiển thị tooltip', 1728146692),
(3569, 34, 'lang_block', 'tooltip_position', 'Vị trí', 1728146692),
(3570, 34, 'lang_block', 'tooltip_position_top', 'Trên', 1728146692),
(3571, 34, 'lang_block', 'tooltip_position_bottom', 'Dưới', 1728146692),
(3572, 34, 'lang_block', 'tooltip_position_left', 'Trái', 1728146692),
(3573, 34, 'lang_block', 'tooltip_position_right', 'Phải', 1728146692),
(3574, 34, 'lang_block', 'tooltip_length', 'Số ký tự', 1728146692),
(3575, 35, 'lang_block', 'numrow', 'Số bài hiển thị', 1728146692),
(3576, 35, 'lang_block', 'showtooltip', 'Hiển thị tooltip', 1728146692),
(3577, 35, 'lang_block', 'tooltip_position', 'Vị trí', 1728146692),
(3578, 35, 'lang_block', 'tooltip_position_top', 'Trên', 1728146692),
(3579, 35, 'lang_block', 'tooltip_position_bottom', 'Dưới', 1728146692),
(3580, 35, 'lang_block', 'tooltip_position_left', 'Trái', 1728146692),
(3581, 35, 'lang_block', 'tooltip_position_right', 'Phải', 1728146692),
(3582, 35, 'lang_block', 'tooltip_length', 'Số ký tự', 1728146692),
(3583, 36, 'lang_block', 'numrow', 'Số bài hiển thị', 1728146692),
(3584, 36, 'lang_block', 'showtooltip', 'Hiển thị tooltip', 1728146692),
(3585, 36, 'lang_block', 'tooltip_position', 'Vị trí', 1728146692),
(3586, 36, 'lang_block', 'tooltip_position_top', 'Trên', 1728146692),
(3587, 36, 'lang_block', 'tooltip_position_bottom', 'Dưới', 1728146692),
(3588, 36, 'lang_block', 'tooltip_position_left', 'Trái', 1728146692),
(3589, 36, 'lang_block', 'tooltip_position_right', 'Phải', 1728146692),
(3590, 36, 'lang_block', 'tooltip_length', 'Số ký tự', 1728146692),
(3591, 36, 'lang_block', 'width', 'Chiều rộng hình ảnh', 1728146692),
(3592, 36, 'lang_block', 'height', 'Chiều cao hình ảnh', 1728146692),
(3593, 36, 'lang_block', 'length_title', 'Số ký tự tiêu đề chính', 1728146692),
(3594, 36, 'lang_block', 'length_hometext', 'Số ký tự giới thiệu chính', 1728146692),
(3595, 36, 'lang_block', 'length_othertitle', 'Số ký tự tiêu đề tin khác', 1728146692),
(3596, 36, 'lang_block', 'nocatid', 'Không hiển thị trong các chuyên mục', 1728146692),
(3597, 37, 'lang_module', 'add_time', 'Được thêm vào', 1728146692),
(3598, 37, 'lang_module', 'edit_time', 'Sửa chữa lần cuối', 1728146692),
(3599, 37, 'lang_module', 'not_found', 'Thật tiếc!!! Chủ đề bạn cần tìm không tồn tại', 1728146692),
(3600, 37, 'lang_module', 'warning', 'Bài viết này đang ở trạng thái <strong>Ngưng hoạt động</strong>, chỉ người quản trị mới có thể nhìn thấy', 1728146692),
(3601, 38, 'lang_module', 'list', 'Danh sách các bài', 1728146692),
(3602, 38, 'lang_module', 'add', 'Thêm bài mới', 1728146692),
(3603, 38, 'lang_module', 'send', 'Gửi', 1728146692),
(3604, 38, 'lang_module', 'title', 'Tên bài viết', 1728146692),
(3605, 38, 'lang_module', 'add_time', 'Thời gian đăng', 1728146692),
(3606, 38, 'lang_module', 'edit_time', 'Cập nhật lần cuối', 1728146692),
(3607, 38, 'lang_module', 'order', 'Thứ tự', 1728146692),
(3608, 38, 'lang_module', 'status', 'Trạng thái', 1728146692),
(3609, 38, 'lang_module', 'active', 'Hoạt động', 1728146692),
(3610, 38, 'lang_module', 'hitstotal', 'Lượt xem', 1728146692),
(3611, 38, 'lang_module', 'inactive', 'Ngưng hoạt động', 1728146692),
(3612, 38, 'lang_module', 'delete', 'Xóa bài viết', 1728146692),
(3613, 38, 'lang_module', 'empty_title', 'Bài viết chưa có tiêu đề', 1728146692),
(3614, 38, 'lang_module', 'empty_bodytext', 'Bài viết chưa có nội dung', 1728146692),
(3615, 38, 'lang_module', 'bodytext', 'Nội dung', 1728146692),
(3616, 38, 'lang_module', 'edit', 'Sửa bài viết', 1728146692),
(3617, 38, 'lang_module', 'save', 'Lưu bài viết', 1728146692),
(3618, 38, 'lang_module', 'errorsave', 'Lỗi hệ thống không cập nhật được nội dung, bạn hãy kiểm tra lại có thể các dữ liệu quá lớn', 1728146692),
(3619, 38, 'lang_module', 'erroralias', 'Liên kết tĩnh này đã được sử dụng, mời nhập giá trị khác', 1728146692),
(3620, 38, 'lang_module', 'saveok', 'Cập nhật bài viết thành công', 1728146692),
(3621, 38, 'lang_module', 'alias', 'Liên kết tĩnh', 1728146692),
(3622, 38, 'lang_module', 'keywords', 'Từ khóa', 1728146692),
(3623, 38, 'lang_module', 'feature', 'Chức năng', 1728146692),
(3624, 38, 'lang_module', 'description', 'Miêu tả', 1728146692),
(3625, 38, 'lang_module', 'image', 'Hình minh họa', 1728146692),
(3626, 38, 'lang_module', 'first_news', 'Khi đăng bài mới sẽ lên đầu tiên', 1728146692),
(3627, 38, 'lang_module', 'imagealt', 'Chú thích cho hình', 1728146692),
(3628, 38, 'lang_module', 'socialbutton', 'Các nút công cụ của mạng xã hội', 1728146692),
(3629, 38, 'lang_module', 'socialbuttonnote', 'Hiển thị các nút công cụ của mạng xã hội', 1728146692),
(3630, 38, 'lang_module', 'socialbutton_zalo_note', 'Trước tiên cần khai báo Zalo Offficial Account ID', 1728146692),
(3631, 38, 'lang_module', 'activecomm', 'Cho phép thảo luận ', 1728146692),
(3632, 38, 'lang_module', 'imgposition', 'Vị trí ảnh minh họa', 1728146692),
(3633, 38, 'lang_module', 'imgposition_0', 'Không hiển thị', 1728146692),
(3634, 38, 'lang_module', 'imgposition_1', 'Hiển thị bên trái mô tả', 1728146692),
(3635, 38, 'lang_module', 'imgposition_2', 'Hiển thị dưới mô tả', 1728146692),
(3636, 38, 'lang_module', 'group_post', 'Bài viết thuộc nhóm', 1728146692),
(3637, 38, 'lang_module', 'hot_post', 'Nổi bật', 1728146692),
(3638, 38, 'lang_module', 'layout_func', 'Sử dụng layout', 1728146692),
(3639, 38, 'lang_module', 'layout_default', 'Mặc định', 1728146692),
(3640, 38, 'lang_module', 'config', 'Cấu hình', 1728146692),
(3641, 38, 'lang_module', 'config_view_type', 'Phương án hiển thị bài viết', 1728146692),
(3642, 38, 'lang_module', 'config_view_type_0', 'Một bài viết chính', 1728146692),
(3643, 38, 'lang_module', 'config_view_type_1', 'Danh sách các bài viết', 1728146692),
(3644, 38, 'lang_module', 'config_view_type_2', 'Không hiển thị', 1728146692),
(3645, 38, 'lang_module', 'config_view_type_page', 'Số bài viết hiển thị trên một trang', 1728146692),
(3646, 38, 'lang_module', 'config_view_related_articles', 'Số bài viết liên quan', 1728146692),
(3647, 38, 'lang_module', 'config_facebookapi', 'Facebook App ID', 1728146692),
(3648, 38, 'lang_module', 'config_facebookapi_note', ' (Có dạng 1419186468293063, <a href=\"http://wiki.nukeviet.vn/nukeviet:admin:news:facebookapi\" target=\"_blank\">xem chi tiết</a>)', 1728146692),
(3649, 38, 'lang_module', 'config_alias_lower', 'Chuyển liên kết tĩnh về chữ thường', 1728146692),
(3650, 38, 'lang_module', 'config_save', 'Lưu cấu hình', 1728146692),
(3651, 38, 'lang_module', 'setting_copy_page', 'Cho phép copy bài viết', 1728146692),
(3652, 38, 'lang_module', 'title_copy_page', 'Sao chép bài viết', 1728146692),
(3653, 39, 'lang_block', 'htmlcontent', 'Nhập nội dung cho block', 1728146692),
(3654, 40, 'lang_module', 'add_time', 'Được thêm vào', 1728146692),
(3655, 40, 'lang_module', 'edit_time', 'Sửa chữa lần cuối', 1728146692),
(3656, 40, 'lang_module', 'not_found', 'Thật tiếc!!! Chủ đề bạn cần tìm không tồn tại', 1728146692),
(3657, 40, 'lang_module', 'warning', 'Bài viết này đang ở trạng thái <strong>Ngưng hoạt động</strong>, chỉ người quản trị mới có thể nhìn thấy', 1728146692),
(3658, 41, 'lang_module', 'rooms', 'Quản lý Phòng', 1728146692),
(3659, 41, 'lang_module', 'room_content', 'Thêm phòng', 1728146692),
(3660, 41, 'lang_module', 'features_content', 'Thêm đặc điểm', 1728146692),
(3661, 41, 'lang_module', 'features_list', 'Danh sách đặc điểm', 1728146692),
(3662, 41, 'lang_module', 'facilities_content', 'Thêm tiện ích', 1728146692),
(3663, 41, 'lang_module', 'facilities_list', 'Danh sách tiện ích', 1728146692),
(3664, 41, 'lang_module', 'images_content', 'Thêm hình ảnh', 1728146692),
(3665, 41, 'lang_module', 'images_list', 'Danh sách hình ảnh', 1728146692),
(3666, 41, 'lang_module', 'room_images', 'Quản lý ảnh theo phòng', 1728146692),
(3667, 41, 'lang_module', 'booking_content', 'Quản lý Booking', 1728146692),
(3668, 42, 'lang_module', 'main_title', 'Tìm kiếm thông tin', 1728146692),
(3669, 42, 'lang_module', 'info_title', 'Tìm và lấy những gì bạn muốn!', 1728146692),
(3670, 42, 'lang_module', 'key_title', 'Từ tìm kiếm', 1728146692),
(3671, 42, 'lang_module', 'type_search', 'Tìm kiếm tại', 1728146692),
(3672, 42, 'lang_module', 'search_title', 'Tìm kiếm', 1728146692),
(3673, 42, 'lang_module', 'search_title_adv', 'Nâng cao', 1728146692),
(3674, 42, 'lang_module', 'search_on_site', 'Tìm kiếm trên site', 1728146692),
(3675, 42, 'lang_module', 'search_on', 'Kết quả tìm kiếm trên', 1728146692),
(3676, 42, 'lang_module', 'search_sum_title', 'Tìm thấy tổng cộng', 1728146692),
(3677, 42, 'lang_module', 'result_title', 'kết quả', 1728146692),
(3678, 42, 'lang_module', 'info_adv', 'Nếu kết quả này không như mong đợi, bạn hãy thử sử dụng công cụ tìm kiếm của Google dưới đây!', 1728146692),
(3679, 42, 'lang_module', 'search_on_internet', 'Tìm trên toàn mạng Internet', 1728146692),
(3680, 42, 'lang_module', 'search_adv_internet', 'Mở rộng trên Internet', 1728146692),
(3681, 42, 'lang_module', 'search_none', 'Không tìm thấy dữ liệu nào có liên quan đến', 1728146692),
(3682, 42, 'lang_module', 'search_in_module', 'trong mục', 1728146692),
(3683, 42, 'lang_module', 'view_all_title', 'Xem tất cả', 1728146692),
(3684, 42, 'lang_module', 'pages_title', 'Trang', 1728146692),
(3685, 42, 'lang_module', 'logic_and', 'Cả cụm từ', 1728146692),
(3686, 42, 'lang_module', 'logic_or', 'Tối thiểu 1 từ', 1728146692),
(3687, 42, 'lang_module', 'searchQueryError', 'Bạn cần nhập từ khóa tìm kiếm có số ký tự tối thiểu là %s', 1728146692),
(3688, 42, 'lang_module', 'chooseModule', 'Hãy chọn Khu vực tìm kiếm', 1728146692),
(3689, 43, 'lang_module', 'main_title', 'Thống kê', 1728146692),
(3690, 43, 'lang_module', 'statbyyear', 'Thống kê theo năm', 1728146692),
(3691, 43, 'lang_module', 'statbymoth', 'Thống kê theo tháng của năm %d', 1728146692),
(3692, 43, 'lang_module', 'statbymoth2', 'Theo tháng', 1728146692),
(3693, 43, 'lang_module', 'statbyday', 'Thống kê theo ngày của tháng %d', 1728146692),
(3694, 43, 'lang_module', 'statbydayofweek', 'Thống kê theo ngày trong tuần', 1728146692),
(3695, 43, 'lang_module', 'statbyhour', 'Thống kê theo giờ trong ngày', 1728146692),
(3696, 43, 'lang_module', 'statbycountry', 'Thống kê theo quốc gia', 1728146692),
(3697, 43, 'lang_module', 'statbybrowser', 'Thống kê theo trình duyệt', 1728146692),
(3698, 43, 'lang_module', 'statbyos', 'Thống kê theo Hệ điều hành', 1728146692),
(3699, 43, 'lang_module', 'statbybot', 'Thống kê theo Máy chủ tìm kiếm', 1728146692),
(3700, 43, 'lang_module', 'statbyreferer', 'Thống kê theo Đường dẫn đến site', 1728146692),
(3701, 43, 'lang_module', 'others', 'Khác', 1728146692),
(3702, 43, 'lang_module', 'viewall', 'Xem toàn bộ', 1728146692),
(3703, 43, 'lang_module', 'country', 'Quốc gia', 1728146692),
(3704, 43, 'lang_module', 'hits', 'Hits', 1728146692),
(3705, 43, 'lang_module', 'last_visit', 'Truy cập gần đây', 1728146692),
(3706, 43, 'lang_module', 'browser', 'Trình duyệt', 1728146692),
(3707, 43, 'lang_module', 'os', 'Hệ điều hành', 1728146692),
(3708, 43, 'lang_module', 'bot', 'Máy chủ tìm kiếm', 1728146692),
(3709, 43, 'lang_module', 'referer', 'Đường dẫn đến site', 1728146692),
(3710, 43, 'lang_module', 'refererbysite', 'Thống kê Đường dẫn từ site %s', 1728146692),
(3711, 43, 'lang_module', 'access_times', 'Lượt truy cập', 1728146692),
(3712, 43, 'lang_module', 'access_times1', 'lượt truy cập', 1728146692),
(3713, 43, 'lang_module', 'hour', 'Giờ', 1728146692),
(3714, 43, 'lang_module', 'day', 'Ngày', 1728146692),
(3715, 43, 'lang_module', 'month', 'Tháng', 1728146692),
(3716, 43, 'lang_module', 'year', 'Năm', 1728146692),
(3717, 44, 'lang_module', 'cleardata', 'Xóa dữ liệu', 1728146692),
(3718, 44, 'lang_module', 'clear_bot', 'Xóa thống kê máy chủ tìm kiếm', 1728146692),
(3719, 44, 'lang_module', 'clear_browser', 'Xóa thống kê trình duyệt', 1728146692),
(3720, 44, 'lang_module', 'clear_country', 'Xóa thống kê quốc gia', 1728146692),
(3721, 44, 'lang_module', 'clear_os', 'Xóa thống kê hệ điều hành', 1728146692),
(3722, 44, 'lang_module', 'clear_referer', 'Xóa thống kê đường dẫn đến site', 1728146692),
(3723, 44, 'lang_module', 'clear_hit', 'Xóa thống kê lượt truy cập', 1728146692),
(3724, 44, 'lang_module', 'clear_all', 'Xóa tất cả thống kê', 1728146692),
(3725, 44, 'lang_module', 'clear_submit', 'Thực hiện', 1728146692),
(3726, 44, 'lang_module', 'clear_success', 'Thực hiện thành công', 1728146692),
(3727, 44, 'lang_module', 'clear_confirm', 'Bạn có chắc chắn muốn thực hiện không? Dữ liệu thống kê được lập trong thời gian dài và sẽ không thể khôi khục sau khi xóa!', 1728146692),
(3728, 44, 'lang_module', 'clear_alllang', 'Xóa trên tất cả các ngôn ngữ', 1728146692),
(3729, 44, 'lang_module', 'clear_alllang_msg', 'Nếu không chọn xóa trên tất cả các ngôn ngữ, hệ thống chỉ xóa thống kê trên <strong>%s</strong>', 1728146692),
(3730, 45, 'lang_module', 'confirm_password', 'Nhập mật khẩu xác nhận để tiếp tục', 1728146692),
(3731, 45, 'lang_module', 'confirm_password_info', 'Để thực hiện tính năng này, bạn cần xác nhận lại mật khẩu, điền mật khẩu của bạn vào ô bên dưới và nhấp Xác nhận', 1728146692),
(3732, 45, 'lang_module', 'confirm', 'Xác nhận', 1728146692),
(3733, 45, 'lang_module', 'secretkey', 'Mã bí mật', 1728146692),
(3734, 45, 'lang_module', 'wrong_confirm', 'Mã xác nhận không chính xác, vui lòng nhập lại', 1728146692),
(3735, 45, 'lang_module', 'cfg_step1', 'Bước 1: Quét mã QR', 1728146692),
(3736, 45, 'lang_module', 'cfg_step1_manual', 'Quét mã QR-code bên trên bằng phần mềm Two-Factor Authentication (Ví dụ Google Authenticator) trên điện thoại của bạn. Nếu bạn không thể sử dụng Camera hãy', 1728146692),
(3737, 45, 'lang_module', 'cfg_step1_manual1', 'nhập đoạn mã này', 1728146692),
(3738, 45, 'lang_module', 'cfg_step1_manual2', 'thủ công', 1728146692),
(3739, 45, 'lang_module', 'cfg_step1_note', 'Chú ý giữ bí mật mã này', 1728146692),
(3740, 45, 'lang_module', 'cfg_step2_info', 'Sau khi quét mã hoặc nhập thủ công thành công, ứng dụng sẽ hiển thị một chuỗi 6 chữ số, nhập chuỗi đó vào ô bên dưới để xác nhận', 1728146692),
(3741, 45, 'lang_module', 'cfg_step2_info2', 'Mã xác nhận gồm 6 chữ số hiển thị trên màn hình của ứng dụng trên điện thoại của bạn', 1728146692),
(3742, 45, 'lang_module', 'cfg_step2', 'Bước 2: Nhập mã từ ứng dụng', 1728146692),
(3743, 45, 'lang_module', 'title_2step', 'Xác thực hai bước', 1728146692),
(3744, 45, 'lang_module', 'status_2step', 'Xác thực hai bước đang', 1728146692),
(3745, 45, 'lang_module', 'active_2step', 'BẬT', 1728146692),
(3746, 45, 'lang_module', 'deactive_2step', 'TẮT', 1728146692),
(3747, 45, 'lang_module', 'backupcode_2step', 'Bạn có <strong>%d</strong> mã dự phòng chưa sử dụng', 1728146692),
(3748, 45, 'lang_module', 'backupcode_2step_view', 'Xem mã dự phòng', 1728146692),
(3749, 45, 'lang_module', 'backupcode_2step_note', 'Chú ý: Lưu giữ mã dự phòng cẩn thận để đề phòng khi bị mất điện thoại bạn có thể sử dụng mã này để truy cập tài khoản. Nếu quên mã và mất điện thoại bạn sẽ không thể đăng nhập vào tài khoản của mình', 1728146692),
(3750, 45, 'lang_module', 'turnoff2step', 'Tắt xác thực hai bước', 1728146692),
(3751, 45, 'lang_module', 'turnon2step', 'Thiết lập xác thực hai bước', 1728146692),
(3752, 45, 'lang_module', 'creat_other_code', 'Tạo mã dự phòng mới', 1728146692),
(3753, 45, 'lang_module', 'email_subject', 'Thông báo bảo mật', 1728146692),
(3754, 45, 'lang_module', 'email_2step_on', 'Tài khoản <strong>%4$s</strong> của bạn tại website <a href=\"%5$s\"><strong>%6$s</strong></a> vừa kích hoạt chức năng xác thực hai bước qua ứng dụng. Thông tin:<br /><br />- Thời gian: <strong>%1$s</strong><br />- IP: <strong>%2$s</strong><br />- Trình duyệt: <strong>%3$s</strong><br /><br />Nếu đây đúng là bạn, hãy bỏ qua email này. Nếu đây không phải là bạn, rất có thể tài khoản của bạn đã bị đánh cắp. Hãy liên hệ với quản trị site để được hỗ trợ', 1728146692),
(3755, 45, 'lang_module', 'email_2step_off', 'Tài khoản <strong>%5$s</strong> của bạn tại website <a href=\"%6$s\"><strong>%7$s</strong></a> vừa tắt chức năng xác thực hai bước qua ứng dụng. Thông tin:<br /><br />- Thời gian: <strong>%1$s</strong><br />- IP: <strong>%2$s</strong><br />- Trình duyệt: <strong>%3$s</strong><br /><br />Nếu đây đúng là bạn, hãy bỏ qua email này. Nếu đây không phải là bạn, mời kiểm tra lại thông tin cá nhân tại <a href=\"%4$s\">%4$s</a>', 1728146692),
(3756, 45, 'lang_module', 'email_code_renew', 'Tài khoản <strong>%5$s</strong> của bạn tại website <a href=\"%6$s\"><strong>%7$s</strong></a> vừa tạo lại mã dự phòng. Thông tin:<br /><br />- Thời gian: <strong>%1$s</strong><br />- IP: <strong>%2$s</strong><br />- Trình duyệt: <strong>%3$s</strong><br /><br />Nếu đây đúng là bạn, hãy bỏ qua email này. Nếu đây không phải là bạn, mời kiểm tra lại thông tin cá nhân tại <a href=\"%4$s\">%4$s</a>', 1728146692),
(3757, 45, 'lang_module', 'change_2step_notvalid', 'Tài khoản của bạn chưa có mật khẩu nên không thể thay đổi tính năng Xác thực hai bước. Vui lòng tạo mật khẩu sau đó quay lại trang này. Hãy <a class=\"btn btn-primary btn-xs\" href=\"%s\">click vào đây</a> để tạo mật khẩu', 1728146692),
(3758, 46, 'lang_module', 'notallowuserlogin', 'Xin lỗi, hiện tại chức năng đăng nhập thành viên đang dừng hoạt động', 1728146692),
(3759, 46, 'lang_module', 'register', 'Đăng ký thành viên', 1728146692),
(3760, 46, 'lang_module', 'userlogout', 'Thoát khỏi tài khoản thành viên', 1728146692),
(3761, 46, 'lang_module', 'userloginviaopt', 'Đăng nhập bằng cổng', 1728146692),
(3762, 46, 'lang_module', 'login_title', 'Nếu bạn đã có tài khoản', 1728146692),
(3763, 46, 'lang_module', 'lostpass_title', 'Nếu bạn quên Mật khẩu đăng nhập', 1728146692),
(3764, 46, 'lang_module', 'memberlist', 'Danh sách thành viên', 1728146692),
(3765, 46, 'lang_module', 'gohome', 'Về trang chính', 1728146692),
(3766, 46, 'lang_module', 'info', 'Để đăng ký thành viên, bạn cần khai báo tất cả các ô trống dưới đây', 1728146692),
(3767, 46, 'lang_module', 'name', 'Họ tên', 1728146692),
(3768, 46, 'lang_module', 'first_name', 'Tên', 1728146692),
(3769, 46, 'lang_module', 'last_name', 'Họ và tên đệm', 1728146692),
(3770, 46, 'lang_module', 'gender', 'Giới tính', 1728146692),
(3771, 46, 'lang_module', 'male', 'Nam', 1728146692),
(3772, 46, 'lang_module', 'female', 'Nữ', 1728146692),
(3773, 46, 'lang_module', 'na', 'N/A', 1728146692),
(3774, 46, 'lang_module', 'account', 'Tên đăng nhập', 1728146692),
(3775, 46, 'lang_module', 'sig', 'Chữ ký', 1728146692),
(3776, 46, 'lang_module', 'email', 'Email', 1728146692),
(3777, 46, 'lang_module', 'check', 'Kiểm tra', 1728146692),
(3778, 46, 'lang_module', 'page', 'Trang %d', 1728146692),
(3779, 46, 'lang_module', 'creat', 'Tạo mới', 1728146692),
(3780, 46, 'lang_module', 'password', 'Mật khẩu', 1728146692),
(3781, 46, 'lang_module', 're_password', 'Lặp lại mật khẩu', 1728146692),
(3782, 46, 'lang_module', 'question', 'Câu hỏi bảo mật', 1728146692),
(3783, 46, 'lang_module', 'select_question', 'Hãy lựa chọn câu hỏi', 1728146692),
(3784, 46, 'lang_module', 'your_question', 'Hoặc tự điền câu hỏi bảo mật riêng', 1728146692),
(3785, 46, 'lang_module', 'answer_question', 'Câu trả lời của bạn', 1728146692),
(3786, 46, 'lang_module', 'answer', 'Trả lời câu hỏi', 1728146692),
(3787, 46, 'lang_module', 'captcha', 'Mã bảo mật', 1728146692),
(3788, 46, 'lang_module', 'retype_captcha', 'Nhập vào mã xác nhận', 1728146692),
(3789, 46, 'lang_module', 'usage_terms', 'Quy định đăng ký thành viên', 1728146692),
(3790, 46, 'lang_module', 'accept', 'Tôi đồng ý với Quy định trên', 1728146692),
(3791, 46, 'lang_module', 'accept2', 'Tôi đồng ý với', 1728146692),
(3792, 46, 'lang_module', 'avatar', 'Hình đại diện', 1728146692),
(3793, 46, 'lang_module', 'avatar_pagetitle', 'Tải lên hình đại diện', 1728146692),
(3794, 46, 'lang_module', 'avatar_bigfile', 'Dung lượng file cho phép: <= %1$s', 1728146692),
(3795, 46, 'lang_module', 'avatar_bigsize', 'Kích thước ảnh lớn nhất cho phép (px): %1$s x %2$s', 1728146692),
(3796, 46, 'lang_module', 'avatar_smallsize', 'Kích thước tối thiểu của hình là (px): %1$s x %2$s', 1728146692),
(3797, 46, 'lang_module', 'avatar_filetype', 'Định dạng file cho phép: *.jpg, *.png', 1728146692),
(3798, 46, 'lang_module', 'avatar_filesize', 'Dung lượng', 1728146692),
(3799, 46, 'lang_module', 'avatar_ftype', 'Kiểu', 1728146692),
(3800, 46, 'lang_module', 'avatar_filedimension', 'Kích thước thực tế', 1728146692),
(3801, 46, 'lang_module', 'avatar_displaydimension', 'Kích thước hiển thị', 1728146692),
(3802, 46, 'lang_module', 'avatar_guide', 'Để thay đổi hình đại diện hãy thực hiện theo các bước', 1728146692),
(3803, 46, 'lang_module', 'avatar_crop', 'Cắt hình', 1728146692),
(3804, 46, 'lang_module', 'avatar_chosen', 'Chọn hình bằng cách click vào ô bên', 1728146692),
(3805, 46, 'lang_module', 'avatar_chosen_other', 'Chọn hình khác', 1728146692),
(3806, 46, 'lang_module', 'avatar_upload', 'Chọn vùng hiển thị sau đó nhấn \"Cắt hình\"', 1728146692),
(3807, 46, 'lang_module', 'avatar_delete', 'Xóa hình đại diện', 1728146692),
(3808, 46, 'lang_module', 'avatar_clear', 'Xóa trắng', 1728146692),
(3809, 46, 'lang_module', 'avatar_select_img', 'Nhấn vào đây để chọn hình', 1728146692),
(3810, 46, 'lang_module', 'avatar_error_data', 'Lỗi: Dữ liệu không đầy đủ, vui lòng thực hiện lại', 1728146692),
(3811, 46, 'lang_module', 'avatar_error_save', 'Lỗi: Hệ thống không thực hiện được yêu cầu, vui lòng thử lại', 1728146692),
(3812, 46, 'lang_module', 'avatar_old_not_exists', 'Hình đại diện cũ không tồn tại', 1728146692),
(3813, 46, 'lang_module', 'avatar_news_not_exists', 'Hình đại diện đã chọn không tồn tại', 1728146692),
(3814, 46, 'lang_module', 'avatar_news_copy_error', 'Không thể lưu hình đại diện', 1728146692),
(3815, 46, 'lang_module', 'birthday', 'Ngày tháng năm sinh', 1728146692),
(3816, 46, 'lang_module', 'showmail', 'Hiển thị email', 1728146692),
(3817, 46, 'lang_module', 'login', 'Thành viên đăng nhập', 1728146692),
(3818, 46, 'lang_module', 'login_with', 'Đăng nhập với', 1728146692),
(3819, 46, 'lang_module', 'login_submit', 'Đăng nhập', 1728146692),
(3820, 46, 'lang_module', 'user_info', 'Thông tin thành viên', 1728146692),
(3821, 46, 'lang_module', 'regdate', 'Ngày tham gia', 1728146692),
(3822, 46, 'lang_module', 'yes', 'Có', 1728146692),
(3823, 46, 'lang_module', 'last_login', 'Lần truy cập trước', 1728146692),
(3824, 46, 'lang_module', 'register_ok', 'Đăng ký tài khoản thành công', 1728146692),
(3825, 46, 'lang_module', 'login_ok', 'Đăng nhập hệ thống thành công', 1728146692),
(3826, 46, 'lang_module', 'logout_ok', 'Toàn bộ thông tin đăng nhập đã được xóa. Bạn đã thoát khỏi tài khoản thành viên', 1728146692),
(3827, 46, 'lang_module', 'login_no_active', 'Lỗi: tài khoản của bạn đang bị khóa', 1728146692),
(3828, 46, 'lang_module', 'redirect_to_back', 'Click vào đây để chuyển tới trang vừa xem', 1728146692),
(3829, 46, 'lang_module', 'redirect_to_login', 'Click vào đây để chuyển tới trang đăng nhập', 1728146692),
(3830, 46, 'lang_module', 'redirect_to_home', 'Click vào đây để chuyển tới trang chủ', 1728146692),
(3831, 46, 'lang_module', 'lostpass', 'Quên mật khẩu?', 1728146692),
(3832, 46, 'lang_module', 'lostpass_info', 'Bạn đã quên mật khẩu đăng nhập?', 1728146692),
(3833, 46, 'lang_module', 'lostpass_info1', 'Nếu còn nhớ tên tài khoản hoặc email mà bạn đã tự khai báo khi đăng ký thành viên, hãy khai báo chúng vào ô trống dưới đây. Sau khi kiểm tra tính hợp lệ, chúng tôi sẽ tạo cho bạn mật khẩu mới.', 1728146692),
(3834, 46, 'lang_module', 'lostpass_info2', 'Nếu không nhớ tất cả những đòi hỏi trên, hãy liên hệ trực tiếp với quản trị site. Chúng tôi luôn sẵn sàng giúp đỡ bạn.', 1728146692),
(3835, 46, 'lang_module', 'lostpass_submit', 'Gửi yêu cầu', 1728146692),
(3836, 46, 'lang_module', 'no_allowuserreg', 'Chức năng đăng ký thành viên đang tạm ngưng hoạt động', 1728146692),
(3837, 46, 'lang_module', 'err_no_save_account', 'Hệ thống không ghi được tài khoản của bạn. Hãy liên hệ với ban quản trị để được hỗ trợ.', 1728146692),
(3838, 46, 'lang_module', 'full_name_empty', 'Bạn chưa nhập Họ tên', 1728146692),
(3839, 46, 'lang_module', 'your_question_empty', 'Bạn chưa khai báo câu hỏi bảo mật', 1728146692),
(3840, 46, 'lang_module', 'answer_empty', 'Bạn chưa nhập câu Trả lời của câu hỏi', 1728146692);
INSERT INTO `nv4_language` (`id`, `idfile`, `langtype`, `lang_key`, `lang_vi`, `update_vi`) VALUES
(3841, 46, 'lang_module', 'agreecheck_empty', 'Bạn cần đồng ý với các điều khoản đăng ký thành viên để hoàn tất quá trình đăng ký', 1728146692),
(3842, 46, 'lang_module', 'account_registered_name', 'Rất tiếc, tài khoản %s đã có người sử dụng. Nếu đây là tài khoản của bạn, hãy đăng nhập hoặc sử dụng chức năng Quên mật khẩu để lấy lại mật khẩu', 1728146692),
(3843, 46, 'lang_module', 'account_deny_name', 'Rất tiếc, tài khoản %s đã bị cấm sử dụng để đăng ký thành viên mới', 1728146692),
(3844, 46, 'lang_module', 'email_deny_name', 'Rất tiếc, địa chỉ %s đã bị cấm sử dụng để đăng ký thành viên mới', 1728146692),
(3845, 46, 'lang_module', 'email_registered_name', 'Rất tiếc, địa chỉ %s đã có người sử dụng. Bạn có thể dùng chức năng Quên mật khẩu để lấy lại mật khẩu', 1728146692),
(3846, 46, 'lang_module', 'account_register', 'Tài khoản của bạn đã được tạo', 1728146692),
(3847, 46, 'lang_module', 'account_register_info', 'Xin chào %1$s,<br /><br />Tài khoản của bạn tại website %2$s đã được kích hoạt. Dưới đây là thông tin đăng nhập:<br /><br />Tên tài khoản: %4$s<br /><br />Bạn hãy click vào đường dẫn dưới đây để đăng nhập và đổi mật khẩu:<br />URL: <a href=\"%3$s\">%3$s</a><br /><br />Đây là thư tự động được gửi đến hòm thư điện tử của bạn từ website %2$s. Nếu bạn không hiểu gì về nội dung bức thư này, đơn giản hãy xóa nó đi.<br /><br />Quản trị site', 1728146692),
(3848, 46, 'lang_module', 'account_register_openid_info', 'Xin chào %1$s,<br /><br />Tài khoản của bạn tại website %2$s đã được kích hoạt.<br />Để đăng nhập vui lòng truy cập vào trang: <a href=\"%3$s\">%3$s</a> và click vào nút: Đăng nhập với %4$s.<br /><br />Đây là thư tự động được gửi đến hòm thư điện tử của bạn từ website %2$s. Nếu bạn không hiểu gì về nội dung bức thư này, đơn giản hãy xóa nó đi.<br /><br />Quản trị site', 1728146692),
(3849, 46, 'lang_module', 'account_register_to_admin', 'Tài khoản của bạn đã được tạo, nhưng chưa qua kiểm duyệt của Quản trị site. Chúng tôi sẽ nhanh chóng tiến hành kiểm tra và thông báo kết quả đến bạn', 1728146692),
(3850, 46, 'lang_module', 'account_active', 'Thông tin kích hoạt tài khoản', 1728146692),
(3851, 46, 'lang_module', 'account_active_info', 'Xin chào %1$s,<br /><br />Tài khoản của bạn tại website %2$s đang chờ kích hoạt. Để kích hoạt, bạn hãy click vào link dưới đây:<br /><br />URL: <a href=\"%3$s\">%3$s</a><br /><br />Các thông tin cần thiết:<br /><br />Tài khoản: %4$s<br />Email: %5$s<br /><br />Việc kích hoạt tài khoản chỉ có hiệu lực đến %6$s<br /><br />Đây là thư tự động được gửi đến hòm thư điện tử của bạn từ website %2$s. Nếu bạn không hiểu gì về nội dung bức thư này, đơn giản hãy xóa nó đi.<br /><br /><br /><br />Quản trị site', 1728146692),
(3852, 46, 'lang_module', 'account_active_mess', 'Tài khoản của bạn đã được tạo.<br />Chúng tôi đã gửi đến e-mail của bạn các thông tin cần thiết.<br />Hãy làm theo hướng dẫn để kích hoạt tài khoản. Nếu bạn không tìm thấy thư trong hộp thư đến, vui lòng kiểm tra thư mục spam', 1728146692),
(3853, 46, 'lang_module', 'account_active_mess_error_mail', 'Tài khoản của bạn đang ở trạng thái chờ kích hoạt. Rất tiếc là đã có lỗi xảy ra trong quá trình gửi thông tin kích hoạt đến địa chỉ e-mail mà bạn vừa cung cấp. Vui lòng liên hệ đến Quản trị Website để được hỗ trợ.', 1728146692),
(3854, 46, 'lang_module', 'account_active_ok', 'Kích hoạt tài khoản thành công', 1728146692),
(3855, 46, 'lang_module', 'account_active_error', 'Lỗi: Kích hoạt tài khoản không thành công, bạn vui lòng kiểm tra lại đường dẫn hoặc thời gian hiệu lực của link kích hoạt', 1728146692),
(3856, 46, 'lang_module', 'editinfo_pagetitle', 'Thiết lập tài khoản', 1728146692),
(3857, 46, 'lang_module', 'editinfo', 'Thiết lập tài khoản', 1728146692),
(3858, 46, 'lang_module', 'editinfo_confirm', 'Chấp nhận', 1728146692),
(3859, 46, 'lang_module', 'editinfo_password_notice', 'Để trống 2 ô mật khẩu nếu không muốn đổi mật khẩu mới ', 1728146692),
(3860, 46, 'lang_module', 'lostactive_pagetitle', 'Lấy lại link kích hoạt', 1728146692),
(3861, 46, 'lang_module', 'lostactive_mailtitle', 'Thông tin kích hoạt tài khoản', 1728146692),
(3862, 46, 'lang_module', 'lostactive_noactive', 'Bạn bị mất link kích hoạt?', 1728146692),
(3863, 46, 'lang_module', 'lostactive_info1', 'Nếu còn nhớ tên tài khoản hoặc e-mail mà bạn đã tự khai báo khi đăng ký thành viên, hãy khai báo vào ô trống dưới đây. Sau khi kiểm tra tính hợp lệ, chúng tôi sẽ gửi link kích hoạt tài khoản mới cho bạn.', 1728146692),
(3864, 46, 'lang_module', 'lostactive_info2', 'Nếu không nhớ tất cả những đòi hỏi trên, hãy liên hệ trực tiếp với quản trị site. Chúng tôi luôn sẵn sàng giúp đỡ bạn.', 1728146692),
(3865, 46, 'lang_module', 'lostactive_noinfo', 'Xin lỗi chúng tôi không thể xác định được thông tin của bạn trên hệ thống !', 1728146692),
(3866, 46, 'lang_module', 'lostactive_error_link', 'Xin lỗi đường dẫn không hợp lệ !', 1728146692),
(3867, 46, 'lang_module', 'lostactive_active_info', 'Xin chào %1$s,<br /><br />Tài khoản của bạn tại website %2$s đang chờ kích hoạt. Để kích hoạt, bạn hãy click vào link dưới đây:<br /><br />URL: <a href=\"%3$s\">%3$s</a><br />Các thông tin cần thiết:<br />Tài khoản: %4$s<br />Email: %5$s<br />Mật khẩu: %6$s<br /><br />Việc kích hoạt tài khoản chỉ có hiệu lực đến %7$s<br /><br />Đây là thư tự động được gửi đến hòm thư điện tử của bạn từ website %2$s. Nếu bạn không hiểu gì về nội dung bức thư này, đơn giản hãy xóa nó đi.<br /><br />Quản trị site', 1728146692),
(3868, 46, 'lang_module', 'change_pass', 'Đổi mật khẩu', 1728146692),
(3869, 46, 'lang_module', 'change_info', 'Để thay đổi mật khẩu bạn cần điền đầy đủ các thông tin sau', 1728146692),
(3870, 46, 'lang_module', 'pass_old', 'Mật khẩu cũ', 1728146692),
(3871, 46, 'lang_module', 'pass_new', 'Mật khẩu mới', 1728146692),
(3872, 46, 'lang_module', 'pass_new_re', 'Nhập lại mật khẩu mới', 1728146692),
(3873, 46, 'lang_module', 'change_pass_ok', 'Thay đổi mật khẩu thành công', 1728146692),
(3874, 46, 'lang_module', 'lostpass_email_subject', 'Hướng dẫn khôi phục mật khẩu', 1728146692),
(3875, 46, 'lang_module', 'lostpass_email_content', 'Xin chào %1$s,<br /><br />Bạn vừa gửi đề nghị thay đổi mật khẩu đăng nhập tài khoản cá nhân tại website %2$s. Để thay đổi mật khẩu, bạn cần nhập mã xác minh dưới đây vào ô tương ứng tại khu vực thay đổi mật khẩu.<br /><br />Mã xác minh: <strong>%3$s</strong></a><br /><br />Mã này chỉ được sử dụng một lần và trước thời hạn: %4$s.<br /><br />Đây là thư tự động được gửi đến hòm thư điện tử của bạn từ website %2$s. Nếu bạn không hiểu gì về nội dung bức thư này, đơn giản hãy xóa nó đi.<br /><br />Quản trị site', 1728146692),
(3876, 46, 'lang_module', 'lostpass_content_mess', 'Thư thông báo mã xác minh đã được gửi tới email %1$s của bạn. Hãy chép mã đó vào ô này.', 1728146692),
(3877, 46, 'lang_module', 'lostpass_active_error', 'Mã xác minh không khớp!', 1728146692),
(3878, 46, 'lang_module', 'lostpass_newpass_mess', 'Hãy khai báo mật khẩu mới vào ô này.', 1728146692),
(3879, 46, 'lang_module', 'lostpass_sendmail_error', 'Hiện tại hệ thống không thể gửi email được do đó bạn tạm thời không thể lấy lại mật khẩu, vui lòng liên hệ với quản trị site để được hỗ trợ. Thành thật xin lỗi về sự bất tiện này!', 1728146692),
(3880, 46, 'lang_module', 'logout_title', 'Thoát', 1728146692),
(3881, 46, 'lang_module', 'edit_info_title', 'Sửa', 1728146692),
(3882, 46, 'lang_module', 'img_size_title', 'Hình đại diện', 1728146692),
(3883, 46, 'lang_module', 'change_avatar', 'Thay đổi hình đại diện', 1728146692),
(3884, 46, 'lang_module', 'email_active', 'Thông tin kích hoạt thay đổi email', 1728146692),
(3885, 46, 'lang_module', 'email_active_info', 'Xin chào %1$s,<br /><br />Bạn đã gửi đề nghị thay đổi địa chỉ email của Tài khoản cá nhân trên website %2$s. Để hoàn tất thay đổi này, bạn cần xác nhận địa chị email mới bằng cách nhập Mã xác minh dưới đây vào ô tương ứng tại khu vực Sửa thông tin tài khoản:<br /><br />Mã xác minh: <strong>%3$s</strong><br /><br />Mã này hết hạn vào %4$s.<br /><br />Đây là thư tự động được gửi đến hòm thư điện tử của bạn từ website %2$s. Nếu bạn không hiểu gì về nội dung bức thư này, đơn giản hãy xóa nó đi.<br /><br /><br /><br />Quản trị site', 1728146692),
(3886, 46, 'lang_module', 'email_active_mes', 'Một mã xác minh đã được gửi đến địa chỉ email mới mà bạn đã cung cấp. Hãy chép mã này vào đây', 1728146692),
(3887, 46, 'lang_module', 'email_active_error_mail', 'Tài khoản của bạn vừa được cập nhật, Nhưng hệ thống không gửi được email để xác nhận email mới của bạn. Vui lòng liên hệ với Quản trị Website để được hỗ trợ.', 1728146692),
(3888, 46, 'lang_module', 'st_login', 'Đăng nhập theo kiểu thông thường', 1728146692),
(3889, 46, 'lang_module', 'st_login2', 'Khả năng đăng nhập thông thường', 1728146692),
(3890, 46, 'lang_module', 'admin_login', 'Đăng nhập nhờ tài khoản Admin', 1728146692),
(3891, 46, 'lang_module', 'mode_login_1', 'Đăng nhập theo kiểu thông thường', 1728146692),
(3892, 46, 'lang_module', 'mode_login_2', 'Đăng nhập bằng OpenID', 1728146692),
(3893, 46, 'lang_module', 'mode_login_3', 'Đăng nhập bằng Oauth', 1728146692),
(3894, 46, 'lang_module', 'mode_login_4', 'Đăng nhập bằng CAS Server', 1728146692),
(3895, 46, 'lang_module', 'openid_login2', 'Đăng nhập bằng OpenID khác', 1728146692),
(3896, 46, 'lang_module', 'openid_note', 'OpenID chưa được đăng ký. Vui lòng chọn một trong các tùy chọn sau', 1728146692),
(3897, 46, 'lang_module', 'openid_connect_note', 'Để đăng nhập bằng OpenID này, bạn có thể kết nối nó với tài khoản đã được đăng ký trước đây. Hãy khai báo thông tin đăng nhập (Việc này chỉ phải làm 1 lần duy nhất)', 1728146692),
(3898, 46, 'lang_module', 'openid_create_note', 'Hãy tạo tài khoản mới để gán OpenID này vào.', 1728146692),
(3899, 46, 'lang_module', 'openid_processing_connect', 'Tôi muốn kết nối OpenID này với tài khoản hiện có', 1728146692),
(3900, 46, 'lang_module', 'openid_processing_create', 'Tôi muốn tự tạo tài khoản mới và kết nối OpenID với nó', 1728146692),
(3901, 46, 'lang_module', 'openid_processing_auto', 'Hãy tạo cho tôi tài khoản mới và kết nối OpenID với tài khoản đó', 1728146692),
(3902, 46, 'lang_module', 'openid_note6', 'Đăng ký một tài khoản mới trên diến đàn sau đó bạn cần đăng nhập lại OpenID một lần nữa', 1728146692),
(3903, 46, 'lang_module', 'you_openid', 'OpenID', 1728146692),
(3904, 46, 'lang_module', 'openid_administrator', 'OpenID', 1728146692),
(3905, 46, 'lang_module', 'no', 'Không', 1728146692),
(3906, 46, 'lang_module', 'what_is_openid', 'Nếu đã có tài khoản Google hoặc Yahoo,<br />bạn có thể click vào hình dưới đây để đăng nhập', 1728146692),
(3907, 46, 'lang_module', 'google_openid_login', 'Tài khoản Google', 1728146692),
(3908, 46, 'lang_module', 'yahoo_openid_login', 'Tài khoản Yahoo', 1728146692),
(3909, 46, 'lang_module', 'canceled_authentication', 'Bạn đã hủy bỏ truy cập bằng OpenID', 1728146692),
(3910, 46, 'lang_module', 'not_logged_in', 'Bạn Chưa đăng nhập bằng OpenID', 1728146692),
(3911, 46, 'lang_module', 'logged_in_failed', 'Rất tiếc là OpenID-Server này không cung cấp đủ các thông tin cần thiết để có thể đăng nhập vào website của chúng tôi', 1728146692),
(3912, 46, 'lang_module', 'logged_no_email', 'Rất tiếc là Ứng dụng này không cung cấp email, Vui lòng kiểm tra lại xem bạn đã khai báo email cho ứng dụng sau đó thử lại', 1728146692),
(3913, 46, 'lang_module', 'openid_confirm_failed', 'Rất tiếc là bạn đã khai báo sai', 1728146692),
(3914, 46, 'lang_module', 'openid_confirm_info', 'Email %s của OpenID mà bạn vừa khai báo đã được gắn trước đó vào tài khoản %s. Nếu tài khoản này là của bạn, hãy xác nhận bằng cách khai báo mật khẩu đăng nhập.', 1728146692),
(3915, 46, 'lang_module', 'openid_active_info', 'Xin chào %1$s,<br /><br />Tài khoản của bạn tại website %2$s đang chờ kích hoạt. Để kích hoạt, bạn hãy click vào link dưới đây:<br /><br />URL: <a href=\"%3$s\">%3$s</a><br /><br />Các thông tin cần thiết:<br /><br />Tài khoản: %4$s<br />Email: %5$s<br />OpenID: %7$s<br /><br />Việc kích hoạt tài khoản chỉ có hiệu lực đến %8$s<br /><br />Đây là thư tự động được gửi đến hòm thư điện tử của bạn từ website %2$s. Nếu bạn không hiểu gì về nội dung bức thư này, đơn giản hãy xóa nó đi.<br /><br /><br /><br />Quản trị site', 1728146692),
(3916, 46, 'lang_module', 'openid_register_info', 'Xin chào %1$s,<br /><br />Tài khoản của bạn tại website %2$s đã được kích hoạt. Bạn có thể đăng nhập bằng OpenID hoặc bằng tài khoản nếu trong quá trình đăng ký bạn đã khai báo mật khẩu. Dưới đây là thông tin tài khoản:<br /><br />URL: <a href=\"%3$s\">%3$s</a><br /><br />Tên tài khoản: %4$s<br /><br /><br />OpenID: %5$s<br /><br />Đây là thư tự động được gửi đến hòm thư điện tử của bạn từ website %2$s. Nếu bạn không hiểu gì về nội dung bức thư này, đơn giản hãy xóa nó đi.<br /><br />Quản trị site', 1728146692),
(3917, 46, 'lang_module', 'openid_register', 'Đăng ký thông qua OpenID', 1728146692),
(3918, 46, 'lang_module', 'openid_lostpass_info', 'Vì tài khoản của bạn chỉ được phép đăng nhập qua OpenID nên chúng tôi không thể cung cấp mật khẩu đăng nhập mới cho bạn. Hãy đăng nhập tài khoản bằng OpenID mà bạn đã đăng ký, sau đó vào khu vực thiết lập tài khoản để thêm mật khẩu.', 1728146692),
(3919, 46, 'lang_module', 'lostpass_no_info1', 'Bạn chưa khai báo tên đăng nhập hoặc e-mail', 1728146692),
(3920, 46, 'lang_module', 'lostpass_no_info2', 'Không tìm thấy tài khoản phù hợp với thông tin mà bạn vừa khai báo', 1728146692),
(3921, 46, 'lang_module', 'lostpass_no_info3', 'Bạn chưa khai báo mật khẩu mới', 1728146692),
(3922, 46, 'lang_module', 'lostpass_no_info4', 'Mật khẩu không khớp', 1728146692),
(3923, 46, 'lang_module', 'lostpass_page_title', 'Khôi phục mật khẩu thành viên', 1728146692),
(3924, 46, 'lang_module', 'lostpass_question_empty', 'Câu hỏi bảo mật hoặc câu trả lời chưa được khai báo khi đăng ký tài khoản nên chúng tôi không thể cung cấp mật khẩu mới cho bạn. Hãy liên hệ với quản trị site để biết thêm chi tiết', 1728146692),
(3925, 46, 'lang_module', 'answer_failed', 'Rất tiếc là câu trả lời của bạn không đúng. Hãy thử lại lần nữa', 1728146692),
(3926, 46, 'lang_module', 'lostpass_question', 'Hãy trả lời câu hỏi', 1728146692),
(3927, 46, 'lang_module', 'step1', 'Bước 1', 1728146692),
(3928, 46, 'lang_module', 'step2', 'Bước 2', 1728146692),
(3929, 46, 'lang_module', 'lostactivelink_question_empty', 'Câu hỏi bảo mật hoặc câu trả lời chưa được khai báo khi đăng ký tài khoản nên chúng tôi không đủ cơ sở để cung cấp link kích hoạt mới cho bạn. Hãy liên hệ với quản trị site để biết thêm chi tiết', 1728146692),
(3930, 46, 'lang_module', 'lostactivelink_no_info1', 'Bạn chưa khai báo tên tài khoản hoặc e-mail', 1728146692),
(3931, 46, 'lang_module', 'lostactivelink_no_info2', 'Không tìm thấy tài khoản phù hợp với thông tin mà bạn vừa khai báo', 1728146692),
(3932, 46, 'lang_module', 'lostactivelink_send', 'Link kích hoạt tài khoản đã được gửi đến email %s, nếu không thấy trong hộp thư đến, vui lòng kiểm tra thư mục spam', 1728146692),
(3933, 46, 'lang_module', 'lostactivelink_submit', 'Gửi yêu cầu', 1728146692),
(3934, 46, 'lang_module', 'resend_activelink', 'Đã đăng ký nhưng không nhận được link kích hoạt?', 1728146692),
(3935, 46, 'lang_module', 'change_question_ok', 'câu hỏi bảo mật và câu trả lời đã được thay đổi', 1728146692),
(3936, 46, 'lang_module', 'editinfo_error', '. Chú ý %s', 1728146692),
(3937, 46, 'lang_module', 'editinfo_ok', 'Các thay đổi đã được lưu', 1728146692),
(3938, 46, 'lang_module', 'editinfo_okcensor', 'Thông tin của bạn đã được ghi nhận và sẽ có hiệu lực sau khi được kiểm duyệt. Trong thời gian chờ duyệt bạn vẫn có thể tiếp tục chỉnh sửa thông tin', 1728146692),
(3939, 46, 'lang_module', 'question2', 'Câu hỏi bảo mật', 1728146692),
(3940, 46, 'lang_module', 'current_mode', 'Đăng nhập lần này', 1728146692),
(3941, 46, 'lang_module', 'current_login', 'Đăng nhập vào', 1728146692),
(3942, 46, 'lang_module', 'or_activate_account', 'hoặc kích hoạt tài khoản mà bạn đã đăng ký', 1728146692),
(3943, 46, 'lang_module', 'account2', 'Tài khoản', 1728146692),
(3944, 46, 'lang_module', 'ip', 'Bằng IP', 1728146692),
(3945, 46, 'lang_module', 'pass_empty_note', 'Chú ý: Bạn chưa khai báo mật khẩu nên sẽ không thể đăng nhập theo cách thông thường. Hãy click <a href=\"%s\">vào đây</a> để tạo mật khẩu', 1728146692),
(3946, 46, 'lang_module', 'question_empty_note', 'Chú ý: Bạn chưa khai báo câu hỏi bảo mật và câu trả lời nên sẽ không thể phục hồi tài khoản khi quên thông tin đăng nhập. Hãy click <a href=\"%s\">vào đây</a> để khai báo', 1728146692),
(3947, 46, 'lang_module', 'change_name_info', 'Chú ý: Đây là lần duy nhất bạn có quyền thay đổi tên đăng nhập. Chức năng này sẽ bị tắt kể từ lần đăng nhập sau. Hãy click <a href=\"%s\">vào đây</a> để thay đổi', 1728146692),
(3948, 46, 'lang_module', 'openid_del', 'Xóa chọn', 1728146692),
(3949, 46, 'lang_module', 'openid_active_confirm_info', 'OpenID của bạn chưa được đăng ký trên website này, nhưng email %s đã được sử dụng để đăng ký thành viên.<br />Nếu tài khoản sử dụng email này là của bạn, hãy xác nhận bằng cách khai báo mật khẩu đăng nhập.<br />Nếu mật khẩu được khẳng định, tài khoản sẽ được kích hoạt và kể từ lần đăng nhập sau<br />bạn sẽ không phải thực hiện thao tác này', 1728146692),
(3950, 46, 'lang_module', 'openid_activate_account', 'Kích hoạt tài khoản bằng OpenID', 1728146692),
(3951, 46, 'lang_module', 'openid_is_exists', 'Rất tiếc là OpenID này đã được sử dụng. Hãy thử chọn một nhà cung cấp khác', 1728146692),
(3952, 46, 'lang_module', 'openid_is_wrongdata', 'Dữ liệu không đúng, xin vui lòng thử lại', 1728146692),
(3953, 46, 'lang_module', 'openid_add_new', 'Thêm OpenID mới vào tài khoản của bạn', 1728146692),
(3954, 46, 'lang_module', 'email_is_exists', 'Rất tiếc là email của OpenID này đã được sử dụng. Hãy thử chọn một nhà cung cấp khác', 1728146692),
(3955, 46, 'lang_module', 'error_update_users_info', 'Xin lỗi: hệ thống không cập nhật được thông tin thành viên của bạn, xin liên hệ với quản trị site để được hướng dẫn.', 1728146692),
(3956, 46, 'lang_module', 'account_active_log', 'Kích hoạt tài khoản', 1728146692),
(3957, 46, 'lang_module', 'openid_add', 'Thêm OpenID mới', 1728146692),
(3958, 46, 'lang_module', 'no_act', 'Chức năng này hiện tại chưa được kích hoạt', 1728146692),
(3959, 46, 'lang_module', 'account_change_mail_ok', 'Địa chỉ email đã được xác nhận thành công', 1728146692),
(3960, 46, 'lang_module', 'account_change_mail_error', 'Có lỗi trong quá trình xác nhận địa chỉ email, hãy liên hệ với quản trị site để được hướng dẫn.', 1728146692),
(3961, 46, 'lang_module', 'listusers', 'Danh sách thành viên', 1728146692),
(3962, 46, 'lang_module', 'listusers_sort_by', ' xếp theo %s, %s', 1728146692),
(3963, 46, 'lang_module', 'listusers_sort_by_username', 'tên đăng nhập', 1728146692),
(3964, 46, 'lang_module', 'listusers_sort_by_gender', 'giới tính', 1728146692),
(3965, 46, 'lang_module', 'listusers_sort_by_regdate', 'ngày tham gia', 1728146692),
(3966, 46, 'lang_module', 'listusers_order_DESC', 'giảm dần', 1728146692),
(3967, 46, 'lang_module', 'listusers_order_ASC', 'tăng dần', 1728146692),
(3968, 46, 'lang_module', 'notuser', 'Không tồn tại thành viên nào theo lựa chọn này !', 1728146692),
(3969, 46, 'lang_module', 'field_match_type_error', '%s không đúng quy tắc', 1728146692),
(3970, 46, 'lang_module', 'field_min_max_value', '%1$s cần nhập từ %2$s đến %3$s', 1728146692),
(3971, 46, 'lang_module', 'field_min_max_error', '%1$s cần nhập từ %2$s đến %3$s ký tự', 1728146692),
(3972, 46, 'lang_module', 'field_match_type_required', '%s bắt buộc nhập', 1728146692),
(3973, 46, 'lang_module', 'errorMessage', 'Thông báo từ hệ thống', 1728146692),
(3974, 46, 'lang_module', 'login_info', 'Hãy đăng nhập thành viên để trải nghiệm đầy đủ các tiện ích trên site', 1728146692),
(3975, 46, 'lang_module', 'old_min_user_error', 'Tuổi của bạn dưới %s nên chưa đủ tuổi đăng ký', 1728146692),
(3976, 46, 'lang_module', 'field_uname_error', 'Vui lòng để trống hoặc nhập giá trị không có ký tự đặc biệt', 1728146692),
(3977, 46, 'lang_module', 'field_req_uname_error', 'Vui lòng nhập một giá trị không có các ký tự đặc biệt', 1728146692),
(3978, 46, 'lang_module', 'edit_basic', 'Cơ bản', 1728146692),
(3979, 46, 'lang_module', 'edit_others', 'Khác', 1728146692),
(3980, 46, 'lang_module', 'edit_avatar', 'Hình đại diện', 1728146692),
(3981, 46, 'lang_module', 'edit_login', 'Tên đăng nhập', 1728146692),
(3982, 46, 'lang_module', 'edit_email', 'Email', 1728146692),
(3983, 46, 'lang_module', 'edit_question', 'Câu hỏi bảo mật', 1728146692),
(3984, 46, 'lang_module', 'edit_password', 'Mật khẩu', 1728146692),
(3985, 46, 'lang_module', 'edit_login_warning', 'Để thay đổi tên đăng nhập, bạn cần khai báo lại mật khẩu.', 1728146692),
(3986, 46, 'lang_module', 'edit_email_warning', '<p>Để thay đổi email, bạn cần thực hiện tuần tự các bước sau đây:</p><p>1.Khai báo lại mật khẩu<br />2.Khai báo địa chỉ email mới<br />3.Click vào nút Gửi Mã xác minh<br />4.Kiểm tra mail thông báo Mã xác minh được gửi đến địa chỉ mà bạn vừa khai báo, sau đó nhập mã này vào ô Mã xác minh<br />5.Click vào nút Chấp nhận.</p>', 1728146692),
(3987, 46, 'lang_module', 'edit_question_warning', 'Để thay đổi câu hỏi bảo mật, bạn cần khai báo lại mật khẩu.', 1728146692),
(3988, 46, 'lang_module', 'edit_password_warning', 'Để thay đổi mật khẩu, bạn cần khai báo lại mật khẩu cũ.', 1728146692),
(3989, 46, 'lang_module', 'newlogin', 'Tên đăng nhập mới', 1728146692),
(3990, 46, 'lang_module', 'newemail', 'Email mới', 1728146692),
(3991, 46, 'lang_module', 'newquestion', 'Câu hỏi bảo mật mới', 1728146692),
(3992, 46, 'lang_module', 'currentlogin', 'Tên đăng nhập hiện tại', 1728146692),
(3993, 46, 'lang_module', 'currentemail', 'Email hiện tại', 1728146692),
(3994, 46, 'lang_module', 'verifykey_send', 'Gửi mã xác minh', 1728146692),
(3995, 46, 'lang_module', 'verifykey', 'Mã xác minh', 1728146692),
(3996, 46, 'lang_module', 'verifykey_error', 'Mã xác minh không khớp', 1728146692),
(3997, 46, 'lang_module', 'verifykey_empty', 'Mã xác minh chưa được khai báo', 1728146692),
(3998, 46, 'lang_module', 'verifykey_issend', 'Việc gửi mã xác minh đã được thực hiện cách đây không lâu. Sau %1$d phút nữa bạn mới có thể đề nghị gửi lại mã xác minh.', 1728146692),
(3999, 46, 'lang_module', 'edit_mail_subject', 'Cập nhật thông tin tài khoản thành công', 1728146692),
(4000, 46, 'lang_module', 'edit_mail_content', 'Xin chào %1$s,<br /><br />Tài khoản của bạn tại website %2$s đã được cập nhật với %3$s mới là <strong>%4$s</strong>.<br /><br />Đây là thư tự động được gửi đến hòm thư điện tử của bạn từ website %2$s.<br /><br /><br /><br />Quản trị site', 1728146692),
(4001, 46, 'lang_module', 'email_not_change', 'Email mới không có gì khác so với email đang được sử dụng!', 1728146692),
(4002, 46, 'lang_module', 'required', 'Trường này là bắt buộc.', 1728146692),
(4003, 46, 'lang_module', 'safe_mode', 'Chế độ an toàn', 1728146692),
(4004, 46, 'lang_module', 'safe_activate', 'Bật chế độ an toàn', 1728146692),
(4005, 46, 'lang_module', 'safe_deactivate', 'Tắt chế độ an toàn', 1728146692),
(4006, 46, 'lang_module', 'safe_key', 'Mã xác minh', 1728146692),
(4007, 46, 'lang_module', 'safe_resendkey', 'Gửi lại mã xác minh', 1728146692),
(4008, 46, 'lang_module', 'safe_send_subject', 'Mã xác minh chế độ an toàn', 1728146692),
(4009, 46, 'lang_module', 'safe_send_ok', 'Mã xác minh chế độ an toàn đã được gửi đến email của bạn. Thao tác này có thể được thực hiện lại sau %1$d phút.', 1728146692),
(4010, 46, 'lang_module', 'safe_send_content', 'Xin chào %1$s,<br /><br />Bạn đã gửi yêu cầu sử dụng chế độ an toàn tại website %2$s. Dưới đây là mã xác minh dùng cho việc kích hoạt hoặc tắt chế độ an toàn:<br /><br /><strong>%3$s</strong><br /><br />Mã xác minh này chỉ có tác dụng bật-tắt chế độ an toàn một lần duy nhất. Sau khi bạn tắt chế độ an toàn, mã xác minh này sẽ vô giá trị.<br /><br />Đây là thư tự động được gửi đến hòm thư điện tử của bạn từ website %2$s.<br /><br /><br /><br />Quản trị site', 1728146692),
(4011, 46, 'lang_module', 'safe_activate_info', '<p><strong>Chế độ an toàn đang ở trạng thái tắt!</strong></p><p>- Nếu không có nhu cầu chỉnh sửa thông tin tài khoản, bạn nên bật chế độ này. Nó sẽ giúp cho bạn tránh được những thay đổi ngoài ý muốn.</p><p>- Khi bạn kích hoạt chế độ an toàn, hệ thống sẽ gửi đến email của bạn một mã xác minh. Mã xác minh này cũng được dùng để tắt chế độ an toàn. Nó có hiệu lực trong khoảng thời gian giữa hai lần bật - tắt. Sau khi bạn tắt chế độ an toàn, mã xác minh này sẽ vô giá trị.</p><p>- Để bật chế độ an toàn, bạn hãy thực hiện theo các bước sau:</p><p>1.Khai báo lại mật khẩu đăng nhập<br />2.Click vào nút Gửi mã xác minh<br />3.Kiểm tra mail thông báo Mã xác minh và chép mã đó vào ô Mã xác minh dưới đây<br />4.Click vào nút Chấp nhận.</p>', 1728146692),
(4012, 46, 'lang_module', 'safe_deactivate_info', 'Để tắt chế độ an toàn bạn cần khai báo lại mật khẩu và mã xác minh. Mã xác minh đã được gửi đến email của bạn khi bạn bật chế độ an toàn. Nếu không tìm thấy mã xác minh, hãy click vào nút Gửi lại mã xác minh', 1728146692),
(4013, 46, 'lang_module', 'safe_active_info', 'Tài khoản đang ở chế độ an toàn nên tất cả các tính năng chỉnh sửa thông tin tài khoản đã bị khóa. Để tắt chế độ này, bạn cần phải biết mã xác minh mà hệ thống đã thông báo trước đó.', 1728146692),
(4014, 46, 'lang_module', 'safe_deactivate_ok', 'Chế độ an toàn đã tắt.', 1728146692),
(4015, 46, 'lang_module', 'safe_activate_ok', 'Chế độ an toàn đã được bật.', 1728146692),
(4016, 46, 'lang_module', 'safe_deactivate_openidlogin', 'Rất tiếc là tài khoản tạm thời không hỗ trợ OpenID. Hãy đăng nhập bằng cách khai báo tên đăng nhập và mật khẩu.', 1728146692),
(4017, 46, 'lang_module', 'safe_deactivate_openidreg', 'Email của OpenID mà bạn vừa khai báo đã được gắn với một tài khoản trên website này. Nhưng rất tiếc là tài khoản đó hiện không hỗ trợ OpenID. Nếu đây là tài khoản của bạn, vui lòng đăng nhập bằng cách khai báo tên đăng nhập và mật khẩu.', 1728146692),
(4018, 46, 'lang_module', 'safe_deactive_notvalid', 'Tài khoản chưa có mật khẩu đăng nhập nên không thể bật chế độ an toàn. Hãy tạo mật khẩu đăng nhập sau đó quay lại trang này.', 1728146692),
(4019, 46, 'lang_module', 'changelogin_notvalid', 'Tài khoản chưa có mật khẩu nên không thể thay đổi tên đăng nhập. Hãy tạo mật khẩu đăng nhập sau đó quay lại trang này.', 1728146692),
(4020, 46, 'lang_module', 'changequestion_notvalid', 'Tài khoản chưa có mật khẩu nên không thể thay đổi câu hỏi bảo mật. Hãy tạo mật khẩu đăng nhập sau đó quay lại trang này.', 1728146692),
(4021, 46, 'lang_module', 'changeemail_notvalid', 'Tài khoản chưa có mật khẩu nên không thể thay đổi email. Hãy tạo mật khẩu đăng nhập sau đó quay lại trang này.', 1728146692),
(4022, 46, 'lang_module', 'add_pass', 'Tạo mật khẩu', 1728146692),
(4023, 46, 'lang_module', 'openid_server', 'Nhà cung cấp', 1728146692),
(4024, 46, 'lang_module', 'openid_email_or_id', 'E-mail hoặc ID', 1728146692),
(4025, 46, 'lang_module', 'openid_deleted', 'OpenID vừa chọn đã được xóa khỏi tài khoản', 1728146692),
(4026, 46, 'lang_module', 'openid_choose', 'Hãy chọn ít nhất một openID', 1728146692),
(4027, 46, 'lang_module', 'openid_default', 'OpenID này không thể xóa vì nó đang được bạn sử dụng để đăng nhập tài khoản', 1728146692),
(4028, 46, 'lang_module', 'openid_added', 'OpenID mới đã được thêm vào tài khoản của bạn. Vui lòng đợi vài giây...', 1728146692),
(4029, 46, 'lang_module', 'security_alert', 'Thông báo bảo mật', 1728146692),
(4030, 46, 'lang_module', 'security_alert_openid_add', 'OpenID <strong>%s</strong> vừa được thêm vào tài khoản <strong>%s</strong> của bạn bởi người trưởng nhóm. Chúng tôi gửi cho bạn email này để thông tin đến bạn.<br /><br /><a href=\"%s\" style=\"font-family:Roboto,RobotoDraft,Helvetica,Arial,sans-serif;line-height:16px;color:#ffffff;font-weight:400;text-decoration:none;font-size:14px;display:inline-block;padding:10px 24px;background-color:#4184f3;border-radius:5px;min-width:90px\">Quản lý OpenID</a>', 1728146692),
(4031, 46, 'lang_module', 'security_alert_openid_add1', 'OpenID <strong>%s</strong> vừa được thêm vào tài khoản <strong>%s</strong> của bạn. Chúng tôi gửi cho bạn email này để đảm bảo người thực hiện chính là bạn.<br /><br /><a href=\"%s\" style=\"font-family:Roboto,RobotoDraft,Helvetica,Arial,sans-serif;line-height:16px;color:#ffffff;font-weight:400;text-decoration:none;font-size:14px;display:inline-block;padding:10px 24px;background-color:#4184f3;border-radius:5px;min-width:90px\">Quản lý OpenID</a>', 1728146692),
(4032, 46, 'lang_module', 'security_alert_openid_delete', 'OpenID <strong>%s</strong> vừa được gỡ khỏi tài khoản <strong>%s</strong> của bạn bởi người trưởng nhóm. Chúng tôi gửi cho bạn email này để thông tin đến bạn.<br /><br /><a href=\"%s\" style=\"font-family:Roboto,RobotoDraft,Helvetica,Arial,sans-serif;line-height:16px;color:#ffffff;font-weight:400;text-decoration:none;font-size:14px;display:inline-block;padding:10px 24px;background-color:#4184f3;border-radius:5px;min-width:90px\">Quản lý OpenID</a>', 1728146692),
(4033, 46, 'lang_module', 'security_alert_openid_delete1', 'OpenID <strong>%s</strong> vừa được gỡ khỏi tài khoản <strong>%s</strong> của bạn. Chúng tôi gửi cho bạn email này để đảm bảo người thực hiện chính là bạn.<br /><br /><a href=\"%s\" style=\"font-family:Roboto,RobotoDraft,Helvetica,Arial,sans-serif;line-height:16px;color:#ffffff;font-weight:400;text-decoration:none;font-size:14px;display:inline-block;padding:10px 24px;background-color:#4184f3;border-radius:5px;min-width:90px\">Quản lý OpenID</a>', 1728146692),
(4034, 46, 'lang_module', 'openid_not_found', 'OpenID chưa được đăng ký', 1728146692),
(4035, 46, 'lang_module', 'group', 'Nhóm', 1728146692),
(4036, 46, 'lang_module', 'no_in_group', 'Bạn chưa đăng ký nhóm nào.', 1728146692),
(4037, 46, 'lang_module', 'group_name', 'Tên nhóm', 1728146692),
(4038, 46, 'lang_module', 'group_description', 'Giới thiệu', 1728146692),
(4039, 46, 'lang_module', 'group_userr', 'Thành viên', 1728146692),
(4040, 46, 'lang_module', 'group_reg', 'Tham gia', 1728146692),
(4041, 46, 'lang_module', 'group_manage', 'Quản lý nhóm', 1728146692),
(4042, 46, 'lang_module', 'in_group_ok', 'Thiết lập nhóm đã hoàn tất.', 1728146692),
(4043, 46, 'lang_module', 'lostpass_key', 'Mã xác minh', 1728146692),
(4044, 46, 'lang_module', 'group_join_queue', 'Yêu cầu tham gia nhóm', 1728146692),
(4045, 46, 'lang_module', 'group_join_queue_message', 'Xin chào trưởng nhóm <strong>%1$s</strong>,<br /><br /><strong>%2$s</strong> đã gửi yêu cầu tham gia nhóm <strong>%3$s</strong> do bạn đang quản lý. Bạn cần xét duyệt yêu cầu này!<br /><br />Vui lòng truy cập <a href=\"%4$s\" title=\"\">liên kết này</a> để xét duyệt thành viên.', 1728146692),
(4046, 46, 'lang_module', 'group_status', 'Trạng thái', 1728146692),
(4047, 46, 'lang_module', 'group_status_0', 'Chưa tham gia', 1728146692),
(4048, 46, 'lang_module', 'group_status_1', 'Đã tham gia', 1728146692),
(4049, 46, 'lang_module', 'group_status_2', 'Chờ duyệt', 1728146692),
(4050, 46, 'lang_module', 'group_type', 'Loại nhóm', 1728146692),
(4051, 46, 'lang_module', 'group_type_0', 'Nhóm cố định', 1728146692),
(4052, 46, 'lang_module', 'group_type_1', 'Nhóm kín', 1728146692),
(4053, 46, 'lang_module', 'group_type_2', 'Nhóm mở', 1728146692),
(4054, 46, 'lang_module', 'group_type_1_note', 'để tham gia phải gửi yêu cầu', 1728146692),
(4055, 46, 'lang_module', 'group_type_2_note', 'mọi thành viên đều có thể tham gia', 1728146692),
(4056, 46, 'lang_module', 'group_manage_count', 'Số nhóm quản lý', 1728146692),
(4057, 46, 'lang_module', 'group_manage_list', 'Danh sách nhóm đang quản lý', 1728146692),
(4058, 46, 'lang_module', 'group_exp_time', 'Hiệu lực đến', 1728146692),
(4059, 46, 'lang_module', 'group_exp_unlimited', 'Vô thời hạn', 1728146692),
(4060, 46, 'lang_module', 'group_edit', 'Sửa nhóm', 1728146692),
(4061, 46, 'lang_module', 'group_title', 'Tên nhóm', 1728146692),
(4062, 46, 'lang_module', 'group_desc', 'Mô tả', 1728146692),
(4063, 46, 'lang_module', 'group_content', 'Nội dung', 1728146692),
(4064, 46, 'lang_module', 'group_title_empty', 'Tên nhóm không được để trống', 1728146692),
(4065, 46, 'lang_module', 'group_edit_saved', 'Thay đổi đã được lưu', 1728146692),
(4066, 46, 'lang_module', 'lastname_firstname', 'Họ và Tên', 1728146692),
(4067, 46, 'lang_module', 'members_in_group_caption', 'Danh sách thành viên của nhóm \"%s\" (%d tài khoản)', 1728146692),
(4068, 46, 'lang_module', 'leaders_in_group_caption', 'Danh sách quản trị của nhóm \"%s\" (%d tài khoản)', 1728146692),
(4069, 46, 'lang_module', 'pending_in_group_caption', 'Danh sách xin gia nhập của nhóm \"%s\" (%d tài khoản)', 1728146692),
(4070, 46, 'lang_module', 'error_group_not_found', 'Lỗi: Không tìm thấy nhóm', 1728146692),
(4071, 46, 'lang_module', 'error_users_not_found', 'Hiện nhóm này chưa có tài khoản', 1728146692),
(4072, 46, 'lang_module', 'error_group_in_site', 'Lỗi: Bạn chỉ được thêm và xóa tài khoản khỏi nhóm, là các tài khoản thuộc site bạn quản lý.', 1728146692),
(4073, 46, 'lang_module', 'error_not_groups', 'Hiện chưa có nhóm nào được thành lập. Hãy click <a href=\"%s\">vào đây</a> để bắt đầu tạo nhóm', 1728146692),
(4074, 46, 'lang_module', 'search_not_result', 'Tìm kiếm không kết quả', 1728146692),
(4075, 46, 'lang_module', 'add_users', 'Thêm tài khoản', 1728146692),
(4076, 46, 'lang_module', 'exclude_user2', 'Loại khỏi nhóm', 1728146692),
(4077, 46, 'lang_module', 'promote', 'Thăng cấp', 1728146692),
(4078, 46, 'lang_module', 'demote', 'Giáng cấp', 1728146692),
(4079, 46, 'lang_module', 'approved', 'Duyệt', 1728146692),
(4080, 46, 'lang_module', 'denied', 'Từ chối', 1728146692),
(4081, 46, 'lang_module', 'search_id', 'Tài khoản', 1728146692),
(4082, 46, 'lang_module', 'addMemberToGroup', 'Thêm tài khoản vào nhóm', 1728146692),
(4083, 46, 'lang_module', 'delConfirm', 'Bạn chắc chắn muốn xóa', 1728146692),
(4084, 46, 'lang_module', 'excludeUserConfirm', 'Bạn chắc chắn muốn loại thành viên này khỏi nhóm', 1728146692),
(4085, 46, 'lang_module', 'choiceUserID', 'Vui lòng khai báo tài khoản', 1728146692),
(4086, 46, 'lang_module', 'no_premission', 'Không có quyền truy cập', 1728146692),
(4087, 46, 'lang_module', 'no_premission_leader', 'Chỉ trưởng nhóm mới có quyền truy cập khu vực này. Vui lòng quay lại!', 1728146692),
(4088, 46, 'lang_module', 'title', 'Tên nhóm', 1728146692),
(4089, 46, 'lang_module', 'add_time', 'Bắt đầu vào', 1728146692),
(4090, 46, 'lang_module', 'exp_time', 'Hiệu lực đến', 1728146692),
(4091, 46, 'lang_module', 'users', 'Thành viên', 1728146692),
(4092, 46, 'lang_module', 'addusers', 'Thêm mới tài khoản', 1728146692),
(4093, 46, 'lang_module', 'del_user_err', 'Xóa thất bại.', 1728146692),
(4094, 46, 'lang_module', 'user_waiting', 'Tài khoản đợi kích hoạt', 1728146692),
(4095, 46, 'lang_module', 'firstname_lastname', 'Tên và Họ', 1728146692),
(4096, 46, 'lang_module', 'search', 'Tìm tài khoản', 1728146692),
(4097, 46, 'lang_module', 'reset', 'Làm lại', 1728146692),
(4098, 46, 'lang_module', 'username', 'Tên đăng nhập', 1728146692),
(4099, 46, 'lang_module', 'user_id', 'Id đăng nhập', 1728146692),
(4100, 46, 'lang_module', 'active', 'Kích hoạt', 1728146692),
(4101, 46, 'lang_module', 'active_users', 'Kích hoạt tài khoản', 1728146692),
(4102, 46, 'lang_module', 'actived_users', 'Tài khoản đã được kích hoạt thành công!', 1728146692),
(4103, 46, 'lang_module', 'not_active', 'Vì một lý do nào đó mà hệ thống không thể kích hoạt được tài khoản. Hãy kiểm tra lại.', 1728146692),
(4104, 46, 'lang_module', 'adduser_register', 'Tài khoản của bạn đã được tạo', 1728146692),
(4105, 46, 'lang_module', 'adduser_register_info', 'Xin chào %1$s,<br /><br />Tài khoản của bạn tại website %2$s đã được kích hoạt. Dưới đây là thông tin đăng nhập:<br /><br />URL: <a href=\"%3$s\">%3$s</a><br />Tên tài khoản: %4$s<br /><br />Đây là thư tự động được gửi đến hòm thư điện tử của bạn từ website %2$s. Nếu bạn không hiểu gì về nội dung bức thư này, đơn giản hãy xóa nó đi.<br /><br />Quản trị site', 1728146692),
(4106, 46, 'lang_module', 'noresult', 'Không có kết quả nào phù hợp với yêu cầu của bạn', 1728146692),
(4107, 46, 'lang_module', 'STT', 'STT', 1728146692),
(4108, 46, 'lang_module', 'min_search', 'Vui lòng nhập nhiều hơn %s ký tự', 1728146692),
(4109, 46, 'lang_module', 'no_premission_pass', 'Bạn không có quyền đổi mật khẩu thành viên!', 1728146692),
(4110, 46, 'lang_module', 'info_user', 'Để đăng ký tài khoản, bạn cần khai báo tất cả các ô trống dưới đây', 1728146692),
(4111, 46, 'lang_module', 'note_remove_leader', 'Bạn không thể loại bỏ chính mình ra khỏi nhóm!', 1728146692),
(4112, 46, 'lang_module', 'not_exclude_leader', 'Bạn không thể loại trừ quản trị khỏi nhóm', 1728146692),
(4113, 46, 'lang_module', 'not_del_leader', 'Bạn không thể xóa tài khoản của quản trị nhóm', 1728146692),
(4114, 46, 'lang_module', 'not_del_user', 'Bạn không thể xóa thành viên, thành viên này đang ở một nhóm khác. Bạn chỉ có thể loại bỏ thành viên ra khỏi nhóm', 1728146692),
(4115, 46, 'lang_module', 'UserNotInGroup', 'Thành viên không thuộc nhóm quản lí', 1728146692),
(4116, 46, 'lang_module', 'for_admin', 'Dành cho quản trị', 1728146692),
(4117, 46, 'lang_module', '2step_require_title', 'Yêu cầu kích hoạt xác thực hai bước', 1728146692),
(4118, 46, 'lang_module', '2step_require_content', 'Để có thể đăng nhập vào tài khoản người dùng, vui lòng kích hoạt xác thực hai bước. Bạn sẽ được chuyển đến trang kích hoạt chức năng này trong giây lát', 1728146692),
(4119, 46, 'lang_module', '2step_require_directgo', 'Nhấp vào đây nếu trang không tự chuyển', 1728146692),
(4120, 46, 'lang_module', '2step_error_opt_backup', 'Vui lòng nhập mã do ứng dụng xác thực cung cấp hoặc mã dự phòng đã lưu', 1728146692),
(4121, 46, 'lang_module', '2step_status', 'Xác thực hai bước', 1728146692),
(4122, 46, 'lang_module', '2step_link', 'Thiết lập', 1728146692),
(4123, 46, 'lang_module', 'delconfirm_email_title', 'Thư thông báo xóa tài khoản', 1728146692),
(4124, 46, 'lang_module', 'delconfirm_email_content', 'Xin chào %1$s,<br /><br />Chúng tôi rất lấy làm tiếc thông báo về việc tài khoản của bạn đã bị xóa khỏi website %2$s.', 1728146692),
(4125, 46, 'lang_module', 'verify_mail_error', 'Lỗi: Mã xác minh e-mail chưa được nhập hoặc nhập không chính xác.', 1728146692),
(4126, 46, 'lang_module', 'verify_email_title', 'Thư xác minh e-mail mới', 1728146692),
(4127, 46, 'lang_module', 'verify_email_mess', 'Xin chào!<br /><br />Bạn đã gửi yêu cầu xác minh e-mail: %s. Hãy chép mã dưới đây vào ô Mã xác minh trên site.<br /><br />Mã xác minh: <span>%s</span><br /><br />Đây là thư tự động được gửi đến hòm thư điện tử của bạn từ website %s. Nếu bạn không hiểu gì về nội dung bức thư này, đơn giản hãy xóa nó đi.<br /><br />Quản trị site', 1728146692),
(4128, 46, 'lang_module', 'verify_email_sent', 'Mã xác minh e-mail mới đã được gửi đến địa chỉ mà bạn khai báo trên (Nếu không thấy nó trong thư mục thư đến, hãy kiểm tra trong thư mục SPAM). Hãy chép nó và dán vào ô Mã xác minh dưới đây', 1728146692),
(4129, 46, 'lang_module', 'verify_email_sent_error', 'Đã xảy ra lỗi kỹ thuật khi gửi mã xác minh đến e-mail của bạn. Vui lòng liên hệ với quản trị site về vấn đề này.', 1728146692),
(4130, 47, 'lang_module', 'avatar_size', 'Kích thước ảnh đại diện', 1728146692),
(4131, 47, 'lang_module', 'dir_forum', 'Thư mục chứa diễn đàn', 1728146692),
(4132, 47, 'lang_module', 'modforum', 'Chức năng quản lý tài khoản hiện do diễn đàn quản lý.', 1728146692),
(4133, 47, 'lang_module', 'list_module_title', 'Danh sách tài khoản', 1728146692),
(4134, 47, 'lang_module', 'member_add', 'Thêm tài khoản', 1728146692),
(4135, 47, 'lang_module', 'member_wating', 'Tài khoản đợi kích hoạt', 1728146692),
(4136, 47, 'lang_module', 'list_question', 'Câu hỏi dự phòng mẫu', 1728146692),
(4137, 47, 'lang_module', 'search_type', 'Tìm kiếm tài khoản theo', 1728146692),
(4138, 47, 'lang_module', 'search_id', 'ID tài khoản', 1728146692),
(4139, 47, 'lang_module', 'search_account', 'Tài khoản', 1728146692),
(4140, 47, 'lang_module', 'search_name', 'Tên tài khoản', 1728146692),
(4141, 47, 'lang_module', 'search_mail', 'Email tài khoản', 1728146692),
(4142, 47, 'lang_module', 'search_key', 'Từ khóa tìm kiếm', 1728146692),
(4143, 47, 'lang_module', 'search_note', 'Từ khóa tìm kiếm không lớn hơn 64 ký tự, không dùng các mã html', 1728146692),
(4144, 47, 'lang_module', 'submit', 'Tìm kiếm', 1728146692),
(4145, 47, 'lang_module', 'members_list', 'Danh sách tài khoản', 1728146692),
(4146, 47, 'lang_module', 'main_title', 'Quản lý tài khoản', 1728146692),
(4147, 47, 'lang_module', 'userid', 'ID', 1728146692),
(4148, 47, 'lang_module', 'account', 'Tài khoản', 1728146692),
(4149, 47, 'lang_module', 'name', 'Họ tên', 1728146692),
(4150, 47, 'lang_module', 'first_name', 'Tên', 1728146692),
(4151, 47, 'lang_module', 'last_name', 'Họ', 1728146692),
(4152, 47, 'lang_module', 'email', 'Email', 1728146692),
(4153, 47, 'lang_module', 'register_date', 'Ngày đăng ký', 1728146692),
(4154, 47, 'lang_module', 'status', 'Trạng thái', 1728146692),
(4155, 47, 'lang_module', 'funcs', 'Chức năng', 1728146692),
(4156, 47, 'lang_module', 'user_add', 'Thêm tài khoản mới', 1728146692),
(4157, 47, 'lang_module', 'password', 'Mật khẩu', 1728146692),
(4158, 47, 'lang_module', 'repassword', 'Lặp lại mật khẩu', 1728146692),
(4159, 47, 'lang_module', 'answer', 'Câu trả lời', 1728146692),
(4160, 47, 'lang_module', 'gender', 'Giới tính', 1728146692),
(4161, 47, 'lang_module', 'male', 'Nam', 1728146692),
(4162, 47, 'lang_module', 'female', 'Nữ', 1728146692),
(4163, 47, 'lang_module', 'na', 'N/A', 1728146692),
(4164, 47, 'lang_module', 'name_show', 'Kiểu hiển thị họ tên', 1728146692),
(4165, 47, 'lang_module', 'firstname_lastname', 'Tên và Họ', 1728146692),
(4166, 47, 'lang_module', 'lastname_firstname', 'Họ và Tên', 1728146692),
(4167, 47, 'lang_module', 'error_language', 'Lỗi: bạn chưa chọn kiểu hiển thị Họ và Tên', 1728146692),
(4168, 47, 'lang_module', 'avatar', 'Hình đại diện', 1728146692),
(4169, 47, 'lang_module', 'avatar_chosen', 'Chọn ảnh', 1728146692),
(4170, 47, 'lang_module', 'birthday', 'Ngày tháng năm sinh', 1728146692),
(4171, 47, 'lang_module', 'date', 'Ngày', 1728146692),
(4172, 47, 'lang_module', 'month', 'Tháng', 1728146692),
(4173, 47, 'lang_module', 'year', 'Năm', 1728146692),
(4174, 47, 'lang_module', 'show_email', 'Hiển thị email', 1728146692),
(4175, 47, 'lang_module', 'sig', 'Chữ ký', 1728146692),
(4176, 47, 'lang_module', 'in_group', 'Là tài khoản của nhóm', 1728146692),
(4177, 47, 'lang_module', 'in_group_default', 'Là nhóm mặc định', 1728146692),
(4178, 47, 'lang_module', 'clear_group_default', 'Xóa nhóm mặc định', 1728146692),
(4179, 47, 'lang_module', 'is_official', 'Là thành viên chính thức', 1728146692),
(4180, 47, 'lang_module', 'is_official_note', 'Nếu không chọn, tài khoản này sẽ được đưa vào nhóm thành viên mới đăng ký', 1728146692),
(4181, 47, 'lang_module', 'set_official_note', 'Cho làm thành viên chính thức', 1728146692),
(4182, 47, 'lang_module', 'msgnocheck', 'Bạn cần chọn ít nhất 1 tài khoản để thực hiện', 1728146692),
(4183, 47, 'lang_module', 'question', 'Câu hỏi bảo mật', 1728146692),
(4184, 47, 'lang_module', 'addquestion', 'Thêm câu hỏi bảo mật', 1728146692),
(4185, 47, 'lang_module', 'savequestion', 'Sửa câu hỏi bảo mật', 1728146692),
(4186, 47, 'lang_module', 'deletequestion', 'Xóa câu hỏi bảo mật', 1728146692),
(4187, 47, 'lang_module', 'errornotitle', 'Lỗi bạn chưa nhập câu hỏi bảo mật', 1728146692),
(4188, 47, 'lang_module', 'errorsave', 'Lỗi hệ thống không cập nhật được nội dung, bạn hãy kiểm tra lại tiêu đề có thể bị trùng', 1728146692),
(4189, 47, 'lang_module', 'weight', 'Vị trí', 1728146692),
(4190, 47, 'lang_module', 'save', 'Lưu', 1728146692),
(4191, 47, 'lang_module', 'siteterms', 'Quy định đăng ký', 1728146692),
(4192, 47, 'lang_module', 'error_content', 'Bạn cần nhập nội quy site', 1728146692),
(4193, 47, 'lang_module', 'saveok', 'Cập nhật nội dung thành công', 1728146692),
(4194, 47, 'lang_module', 'config', 'Cấu hình module', 1728146692),
(4195, 47, 'lang_module', 'allow_reg', 'Cho phép đăng ký tài khoản', 1728146692),
(4196, 47, 'lang_module', 'allow_login', 'Cho phép tài khoản đăng nhập', 1728146692),
(4197, 47, 'lang_module', 'allow_change_email', 'Cho phép tài khoản thay đổi email', 1728146692),
(4198, 47, 'lang_module', 'type_reg', 'Hình thức đăng ký tài khoản', 1728146692),
(4199, 47, 'lang_module', 'active_not_allow', 'Không cho phép đăng ký', 1728146692),
(4200, 47, 'lang_module', 'allow_public', 'Cho phép tài khoản đăng ký nhóm công cộng', 1728146692),
(4201, 47, 'lang_module', 'allow_question', 'Trả lời câu hỏi bí mật khi quên mật khẩu', 1728146692),
(4202, 47, 'lang_module', 'active_admin_check', 'Người quản trị kích hoạt', 1728146692),
(4203, 47, 'lang_module', 'active_all', 'Không cần kích hoạt', 1728146692),
(4204, 47, 'lang_module', 'active_email', 'Kích hoạt qua email', 1728146692),
(4205, 47, 'lang_module', 'deny_email', 'Các từ cấm sử dụng trong email tài khoản', 1728146692),
(4206, 47, 'lang_module', 'deny_name', 'Các từ cấm sử dụng trong tài khoản', 1728146692),
(4207, 47, 'lang_module', 'password_simple', 'Các từ cấm sử dụng các mật khẩu đơn giản', 1728146692),
(4208, 47, 'lang_module', 'memberlist_active', 'Hoạt động', 1728146692),
(4209, 47, 'lang_module', 'memberlist_unactive', 'Dừng hoạt động', 1728146692),
(4210, 47, 'lang_module', 'memberlist_error_method', 'Hãy chọn phương thức để tìm kiếm !', 1728146692),
(4211, 47, 'lang_module', 'memberlist_error_value', 'Giá trị tìm kiếm không được để trống và không quá 64 kí tự !', 1728146692),
(4212, 47, 'lang_module', 'memberlist_nousers', 'Không tìm thấy tài khoản nào phù hợp !', 1728146692),
(4213, 47, 'lang_module', 'memberlist_selectusers', 'Hãy chọn ít nhất 1 user để xóa !', 1728146692),
(4214, 47, 'lang_module', 'checkall', 'Chọn tất cả', 1728146692),
(4215, 47, 'lang_module', 'uncheckall', 'Bỏ chọn tất cả', 1728146692),
(4216, 47, 'lang_module', 'delete', 'Xóa', 1728146692),
(4217, 47, 'lang_module', 'delete_success', 'Xóa thành công !', 1728146692),
(4218, 47, 'lang_module', 'delete_group_system', 'Lỗi không xóa được tài khoản do tài khoản này là quản trị của các site', 1728146692),
(4219, 47, 'lang_module', 'active_success', 'Thực hiện thành công !', 1728146692),
(4220, 47, 'lang_module', 'memberlist_edit', 'Sửa', 1728146692),
(4221, 47, 'lang_module', 'memberlist_deleteconfirm', 'Bạn có chắc muốn xóa tài khoản đã chọn ?', 1728146692),
(4222, 47, 'lang_module', 'edit_title', 'Sửa thông tin tài khoản', 1728146692),
(4223, 47, 'lang_module', 'edit_password_note', 'Để trống 2 khung bên dưới nếu không muốn thay đổi mật khẩu', 1728146692),
(4224, 47, 'lang_module', 'edit_avatar_note', 'Để trống nếu không muốn thay thế avatar mới', 1728146692),
(4225, 47, 'lang_module', 'edit_save', 'Chấp nhận', 1728146692),
(4226, 47, 'lang_module', 'edit_error_username_exist', 'Tên người dùng này đã được tài khoản khác sử dụng. Hãy chọn tên khác', 1728146692),
(4227, 47, 'lang_module', 'edit_error_photo', 'Định dạng file không được cho phép', 1728146692),
(4228, 47, 'lang_module', 'edit_error_email', 'Email nhập vào không hợp lệ', 1728146692),
(4229, 47, 'lang_module', 'edit_error_email_exist', 'Email đã được tài khoản khác sử dụng. Hãy chọn email khác', 1728146692),
(4230, 47, 'lang_module', 'edit_error_permission', 'Bạn không có quyền thay đổi thông tin của tài khoản này.', 1728146692),
(4231, 47, 'lang_module', 'edit_error_password', 'Hai mật khẩu nhập vào không giống nhau. Hãy kiểm tra lại', 1728146692),
(4232, 47, 'lang_module', 'edit_error_nopassword', 'Mật khẩu không được để trống', 1728146692),
(4233, 47, 'lang_module', 'edit_add_error', 'Lỗi: Không cập nhật được thông tin tài khoản!', 1728146692),
(4234, 47, 'lang_module', 'edit_error_question', 'Câu hỏi bảo mật không được để trống', 1728146692),
(4235, 47, 'lang_module', 'edit_error_answer', 'Câu trả lời cho câu hỏi bảo mật không được để trống', 1728146692),
(4236, 47, 'lang_module', 'edit_error_group', 'Hãy chọn group cho tài khoản', 1728146692),
(4237, 47, 'lang_module', 'account_deny_name', 'Rất tiếc, tài khoản %s đã bị cấm sử dụng để đăng ký tài khoản mới', 1728146692),
(4238, 47, 'lang_module', 'awaiting_active', 'Kích hoạt', 1728146692),
(4239, 47, 'lang_module', 'delconfirm_message', 'Bạn có chắc muốn xóa tài khoản đã chọn không?', 1728146692),
(4240, 47, 'lang_module', 'delconfirm_email', 'Gửi email thông báo:', 1728146692),
(4241, 47, 'lang_module', 'delconfirm_email_yes', 'Có', 1728146692),
(4242, 47, 'lang_module', 'delconfirm_ok', 'Thực hiện !', 1728146692),
(4243, 47, 'lang_module', 'delconfirm_email_title', 'Thư thông báo xóa tài khoản', 1728146692),
(4244, 47, 'lang_module', 'delconfirm_email_content', 'Xin chào %1$s,<br /><br />Chúng tôi rất lấy làm tiếc thông báo về việc tài khoản của bạn đã bị xóa khỏi website %2$s.', 1728146692),
(4245, 47, 'lang_module', 'adduser_email', 'Gửi email thông báo:', 1728146692),
(4246, 47, 'lang_module', 'adduser_email1', 'Gửi email thông báo', 1728146692),
(4247, 47, 'lang_module', 'adduser_email1_note', 'Nếu chọn, sau khi tạo tài khoản thành công thành viên được tạo tài khoản sẽ nhận được email thông báo tài khoản đã được tạo, thông tin bao gồm tên đăng nhập và mật khẩu', 1728146692),
(4248, 47, 'lang_module', 'adduser_email1_note1', 'Nếu chọn, sau khi cập nhật tài khoản thành công thành viên sẽ nhận được email thông báo về các thay đổi của tài khoản, thông tin bao gồm tên đăng nhập và mật khẩu (nếu mật khẩu được thay mới)', 1728146692),
(4249, 47, 'lang_module', 'adduser_email_yes', 'Có', 1728146692),
(4250, 47, 'lang_module', 'adduser_register', 'Tài khoản của bạn đã được tạo', 1728146692),
(4251, 47, 'lang_module', 'adduser_register1', 'Tài khoản của bạn đã được cập nhật', 1728146692),
(4252, 47, 'lang_module', 'adduser_register_info', 'Xin chào %1$s,<br /><br />Tài khoản của bạn tại website %2$s đã được kích hoạt. Dưới đây là thông tin đăng nhập:<br /><br />URL: <a href=\"%3$s\">%3$s</a><br />Tên tài khoản: %4$s<br /><br />Đây là thư tự động được gửi đến hòm thư điện tử của bạn từ website %2$s. Nếu bạn không hiểu gì về nội dung bức thư này, đơn giản hãy xóa nó đi.<br /><br />Quản trị site', 1728146692),
(4253, 47, 'lang_module', 'adduser_register_openid_info', 'Xin chào %1$s,<br /><br />Tài khoản của bạn tại website %2$s đã được kích hoạt.<br />Để đăng nhập vui lòng truy cập vào trang: <a href=\"%3$s\">%3$s</a> và click vào nút: Đăng nhập với %4$s.<br /><br />Đây là thư tự động được gửi đến hòm thư điện tử của bạn từ website %2$s. Nếu bạn không hiểu gì về nội dung bức thư này, đơn giản hãy xóa nó đi.<br /><br />Quản trị site', 1728146692);
INSERT INTO `nv4_language` (`id`, `idfile`, `langtype`, `lang_key`, `lang_vi`, `update_vi`) VALUES
(4254, 47, 'lang_module', 'adduser_register_info1', 'Xin chào %1$s,<br /><br />Tài khoản của bạn tại website %2$s đã được khởi tạo. Dưới đây là thông tin đăng nhập:<br /><br />URL: <a href=\"%3$s\">%3$s</a><br />Tên tài khoản: %4$s<br />Mật khẩu: %5$s<br /><br />Chúng tôi khuyến cáo bạn nên đổi mật khẩu trước khi sử dụng tài khoản.<br /><br />Đây là thư tự động được gửi đến hòm thư điện tử của bạn từ website %2$s. Nếu bạn không hiểu gì về nội dung bức thư này, đơn giản hãy xóa nó đi.<br /><br />Quản trị site', 1728146692),
(4255, 47, 'lang_module', 'adduser_register_info2', 'Xin chào %1$s,<br /><br />Tài khoản của bạn tại website %2$s đã được cập nhật. Dưới đây là thông tin đăng nhập mới:<br /><br />URL: <a href=\"%3$s\">%3$s</a><br />Tên tài khoản: %4$s', 1728146692),
(4256, 47, 'lang_module', 'adduser_register_info3', '<br />Mật khẩu: %1$s', 1728146692),
(4257, 47, 'lang_module', 'adduser_register_info4', '<br /><br />Đây là thư tự động được gửi đến hòm thư điện tử của bạn từ website %1$s. Nếu bạn không hiểu gì về nội dung bức thư này, đơn giản hãy xóa nó đi.<br /><br />Quản trị site', 1728146692),
(4258, 47, 'lang_module', 'openid_servers', 'Các nhà cung cấp Oauth được chấp nhận', 1728146692),
(4259, 47, 'lang_module', 'openid_processing', 'Các phương án hành động sau khi tiếp nhận Oauth mới', 1728146692),
(4260, 47, 'lang_module', 'openid_processing_connect', 'Khách kết nối Oauth với tài khoản hiện có', 1728146692),
(4261, 47, 'lang_module', 'openid_processing_create', 'Khách tạo tài khoản mới và kết nối Oauth với tài khoản đó', 1728146692),
(4262, 47, 'lang_module', 'openid_processing_auto', 'Hệ thống tự động tạo tài khoản mới và kết nối Oauth với tài khoản đó', 1728146692),
(4263, 47, 'lang_module', 'allow_change_login', 'Cho phép thay đổi tên đăng nhập', 1728146692),
(4264, 47, 'lang_module', 'is_user_forum', 'Sử dụng tài khoản của Diễn đàn', 1728146692),
(4265, 47, 'lang_module', 'search_page_title', 'Kết quả tìm kiếm', 1728146692),
(4266, 47, 'lang_module', 'click_to_view', 'Click để xem', 1728146692),
(4267, 47, 'lang_module', 'level0', 'Thành viên', 1728146692),
(4268, 47, 'lang_module', 'admin_add', 'Thêm tài %1$s thành công, Bạn có Chọn tài khoản này làm Quản trị site ?', 1728146692),
(4269, 47, 'lang_module', 'nv_admin_add', 'Thêm nhóm', 1728146692),
(4270, 47, 'lang_module', 'nv_admin_edit', 'Sửa nhóm', 1728146692),
(4271, 47, 'lang_module', 'title_empty', 'Bạn chưa khai báo tiêu đề nhóm', 1728146692),
(4272, 47, 'lang_module', 'alias_empty', 'Bạn chưa khai báo liên kết tĩnh', 1728146692),
(4273, 47, 'lang_module', 'nv_admin_add_caption', 'Để tạo nhóm mới, bạn cần khai báo đầy đủ vào các ô trống dưới đây', 1728146692),
(4274, 47, 'lang_module', 'nv_admin_edit_caption', 'Để thay đổi nội dung của nhóm &ldquo;%s&rdquo;, bạn cần khai báo đầy đủ vào các ô trống dưới đây', 1728146692),
(4275, 47, 'lang_module', 'title', 'Tên nhóm', 1728146692),
(4276, 47, 'lang_module', 'alias', 'Liên kết tĩnh', 1728146692),
(4277, 47, 'lang_module', 'content', 'Nội dung', 1728146692),
(4278, 47, 'lang_module', 'add_time', 'Bắt đầu vào', 1728146692),
(4279, 47, 'lang_module', 'exp_time', 'Hiệu lực đến', 1728146692),
(4280, 47, 'lang_module', 'group_type', 'Loại nhóm', 1728146692),
(4281, 47, 'lang_module', 'group_type_0', 'Nhóm cố định', 1728146692),
(4282, 47, 'lang_module', 'group_type_1', 'Nhóm tham gia phải gửi yêu cầu', 1728146692),
(4283, 47, 'lang_module', 'group_type_2', 'Nhóm tham gia tự do', 1728146692),
(4284, 47, 'lang_module', 'group_color', 'Màu nhóm', 1728146692),
(4285, 47, 'lang_module', 'group_avatar', 'Ảnh đại diện nhóm', 1728146692),
(4286, 47, 'lang_module', 'group_is_default', 'Nhóm mặc định khi đăng ký thành viên vào', 1728146692),
(4287, 47, 'lang_module', 'group_del_inactive', 'Xóa các nhóm ngưng hiệu lực', 1728146692),
(4288, 47, 'lang_module', 'siteus', 'Cho phép các subsite thêm tài khoản vào nhóm', 1728146692),
(4289, 47, 'lang_module', 'users', 'Thành viên', 1728146692),
(4290, 47, 'lang_module', 'promote', 'Thăng cấp', 1728146692),
(4291, 47, 'lang_module', 'demote', 'Giáng cấp', 1728146692),
(4292, 47, 'lang_module', 'approved', 'Duyệt', 1728146692),
(4293, 47, 'lang_module', 'denied', 'Từ chối', 1728146692),
(4294, 47, 'lang_module', 'error_alias_exists', 'Liên kết tĩnh \"%s\" đã tồn tại', 1728146692),
(4295, 47, 'lang_module', 'members_in_group_caption', 'Danh sách thành viên của nhóm \"%s\" (%d tài khoản)', 1728146692),
(4296, 47, 'lang_module', 'leaders_in_group_caption', 'Danh sách quản trị của nhóm \"%s\" (%d tài khoản)', 1728146692),
(4297, 47, 'lang_module', 'pending_in_group_caption', 'Danh sách xin gia nhập của nhóm \"%s\" (%d tài khoản)', 1728146692),
(4298, 47, 'lang_module', 'error_group_not_found', 'Lỗi: Không tìm thấy nhóm', 1728146692),
(4299, 47, 'lang_module', 'error_users_not_found', 'Hiện nhóm này chưa có tài khoản', 1728146692),
(4300, 47, 'lang_module', 'error_group_in_site', 'Lỗi: Bạn chỉ được thêm và xóa tài khoản khỏi nhóm, là các tài khoản thuộc site bạn quản lý.', 1728146692),
(4301, 47, 'lang_module', 'error_not_groups', 'Hiện chưa có nhóm nào được thành lập. Hãy click <a href=\"%s\">vào đây</a> để bắt đầu tạo nhóm', 1728146692),
(4302, 47, 'lang_module', 'add_users', 'Thêm tài khoản', 1728146692),
(4303, 47, 'lang_module', 'form_search_label0', 'Tìm kiếm tài khoản theo tiêu chí', 1728146692),
(4304, 47, 'lang_module', 'form_search_label1', 'Hãy nhập Từ khóa (Để trống = tất cả)', 1728146692),
(4305, 47, 'lang_module', 'form_search_select0', 'Họ tên', 1728146692),
(4306, 47, 'lang_module', 'form_search_select1', 'Email', 1728146692),
(4307, 47, 'lang_module', 'form_search_select2', 'ID', 1728146692),
(4308, 47, 'lang_module', 'search_not_result', 'Tìm kiếm không kết quả', 1728146692),
(4309, 47, 'lang_module', 'search_result_caption', 'Kết quả tìm kiếm', 1728146692),
(4310, 47, 'lang_module', 'group_pgtitle', 'Thông tin chi tiết', 1728146692),
(4311, 47, 'lang_module', 'group_info', 'Thông tin về nhóm &ldquo;%s&rdquo;', 1728146692),
(4312, 47, 'lang_module', 'group_user_peding', 'Số thành viên xin gia nhập nhóm \"%s\"', 1728146692),
(4313, 47, 'lang_module', 'add_user', 'Thêm tài khoản %1$s vào nhóm %2$s', 1728146692),
(4314, 47, 'lang_module', 'exclude_user', 'Loại tài khoản %1$s khỏi nhóm %2$s', 1728146692),
(4315, 47, 'lang_module', 'siteinfo_user', 'Số tài khoản', 1728146692),
(4316, 47, 'lang_module', 'siteinfo_waiting', 'Số tài khoản đợi kích hoạt', 1728146692),
(4317, 47, 'lang_module', 'siteinfo_editcensor', 'Số tài khoản chờ kiểm duyệt thông tin cá nhân', 1728146692),
(4318, 47, 'lang_module', 'pagetitle', 'Lấy ID tài khoản', 1728146692),
(4319, 47, 'lang_module', 'pagetitle1', 'Tìm kiếm ID tài khoản', 1728146692),
(4320, 47, 'lang_module', 'search', 'Tìm tài khoản', 1728146692),
(4321, 47, 'lang_module', 'reset', 'Làm lại', 1728146692),
(4322, 47, 'lang_module', 'waiting', 'Nhập thông tin sau đó ấn nút tìm tài khoản để thực hiện', 1728146692),
(4323, 47, 'lang_module', 'from', 'Từ', 1728146692),
(4324, 47, 'lang_module', 'to', 'đến', 1728146692),
(4325, 47, 'lang_module', 'select', 'Chọn', 1728146692),
(4326, 47, 'lang_module', 'noresult', 'Không có kết quả nào phù hợp với yêu cầu của bạn', 1728146692),
(4327, 47, 'lang_module', 'enter_key', 'Hãy nhập thông tin để tìm một tài khoản', 1728146692),
(4328, 47, 'lang_module', 'username', 'Tên đăng nhập', 1728146692),
(4329, 47, 'lang_module', 'full_name', 'Họ và tên', 1728146692),
(4330, 47, 'lang_module', 'regdate', 'Ngày đăng kí', 1728146692),
(4331, 47, 'lang_module', 'last_login', 'Lần đăng nhập cuối', 1728146692),
(4332, 47, 'lang_module', 'last_idlogin', 'IP đăng nhập cuối', 1728146692),
(4333, 47, 'lang_module', 'select_gender', 'Chọn giới tính', 1728146692),
(4334, 47, 'lang_module', 'select_gender_male', 'Nam', 1728146692),
(4335, 47, 'lang_module', 'select_gender_female', 'Nữ', 1728146692),
(4336, 47, 'lang_module', 'changeGroupWeight', 'Thay đổi thứ tự nhóm', 1728146692),
(4337, 47, 'lang_module', 'ChangeGroupAct', 'Thay đổi tình trạng nhóm', 1728146692),
(4338, 47, 'lang_module', 'delGroup', 'Xóa nhóm', 1728146692),
(4339, 47, 'lang_module', 'ChangeGroupPublic', 'Thay đổi thể loại của nhóm', 1728146692),
(4340, 47, 'lang_module', 'emptyIsUnlimited', 'Để trống bằng vô hạn', 1728146692),
(4341, 47, 'lang_module', 'dateError', 'Lỗi! Bạn đã nhập sai ngày tháng', 1728146692),
(4342, 47, 'lang_module', 'delConfirm', 'Bạn chắc chắn muốn xóa', 1728146692),
(4343, 47, 'lang_module', 'errorChangeWeight', 'Lỗi! Không thay đổi được vị trí', 1728146692),
(4344, 47, 'lang_module', 'choiceUserID', 'Vui lòng khai báo ID tài khoản', 1728146692),
(4345, 47, 'lang_module', 'UserInGroup', 'Thành viên mà bạn chọn đã có trong danh sách tài khoản của nhóm', 1728146692),
(4346, 47, 'lang_module', 'UserNotInGroup', 'Thành viên mà bạn chọn không có trong danh sách tài khoản của nhóm', 1728146692),
(4347, 47, 'lang_module', 'addMemberToGroup', 'Thêm tài khoản vào nhóm', 1728146692),
(4348, 47, 'lang_module', 'detail', 'Chi tiết', 1728146692),
(4349, 47, 'lang_module', 'exclude_user2', 'Loại khỏi nhóm', 1728146692),
(4350, 47, 'lang_module', 'ChangeConfigModule', 'Thay đổi cấu hình module', 1728146692),
(4351, 47, 'lang_module', 'active_users', 'Kích hoạt tài khoản', 1728146692),
(4352, 47, 'lang_module', 'unactive_users', 'Ngưng Kích hoạt tài khoản', 1728146692),
(4353, 47, 'lang_module', 'whoviewlistuser', 'Ai được xem danh sách tài khoản', 1728146692),
(4354, 47, 'lang_module', 'random_password', 'Tạo mật khẩu ngẫu nhiên', 1728146692),
(4355, 47, 'lang_module', 'show_password', 'Hiển thị mật khẩu', 1728146692),
(4356, 47, 'lang_module', 'usactive', 'Trạng thái tài khoản', 1728146692),
(4357, 47, 'lang_module', 'usactive_0', 'Tài khoản bị khóa', 1728146692),
(4358, 47, 'lang_module', 'usactive_1', 'Tài khoản hoạt động', 1728146692),
(4359, 47, 'lang_module', 'usactive_2', 'Tài khoản site quản lý bị khóa', 1728146692),
(4360, 47, 'lang_module', 'usactive_3', 'Tài khoản site quản lý hoạt động', 1728146692),
(4361, 47, 'lang_module', 'access_register', 'Cấu hình đăng ký tài khoản', 1728146692),
(4362, 47, 'lang_module', 'nv_unick', 'Số ký tự của tài khoản', 1728146692),
(4363, 47, 'lang_module', 'nv_unick_type', 'Các ký tự cho phép khi tạo tài khoản', 1728146692),
(4364, 47, 'lang_module', 'nv_upass', 'Số ký tự của mật khẩu', 1728146692),
(4365, 47, 'lang_module', 'unick_type_0', 'Được sử dụng ký tự bất kỳ', 1728146692),
(4366, 47, 'lang_module', 'nv_upass_type', 'Độ phức tạp của mật khẩu', 1728146692),
(4367, 47, 'lang_module', 'upass_type_0', 'Không giới hạn', 1728146692),
(4368, 47, 'lang_module', 'access_other', 'Cấu hình khác', 1728146692),
(4369, 47, 'lang_module', 'access_caption', 'Cấu hình quyền hạn sử dụng module', 1728146692),
(4370, 47, 'lang_module', 'access_admin', 'Nhóm quản trị', 1728146692),
(4371, 47, 'lang_module', 'access_viewlist', 'Xem danh sách tài khoản', 1728146692),
(4372, 47, 'lang_module', 'access_addus', 'Tạo tài khoản', 1728146692),
(4373, 47, 'lang_module', 'access_waiting', 'Kích hoạt tài khoản', 1728146692),
(4374, 47, 'lang_module', 'access_editus', 'Sửa tài khoản', 1728146692),
(4375, 47, 'lang_module', 'access_delus', 'Xóa tài khoản', 1728146692),
(4376, 47, 'lang_module', 'access_passus', 'Đổi mật khẩu', 1728146692),
(4377, 47, 'lang_module', 'access_groups', 'Quản lý nhóm', 1728146692),
(4378, 47, 'lang_module', 'access_caption_leader', 'Cấu hình quyền hạn sử dụng module của trưởng nhóm', 1728146692),
(4379, 47, 'lang_module', 'access_groups_add', 'Thêm thành viên vào nhóm', 1728146692),
(4380, 47, 'lang_module', 'access_groups_del', 'Xóa thành viên khỏi nhóm', 1728146692),
(4381, 47, 'lang_module', 'viewlist_error_permission', 'Bạn không có quyền xem danh sách tài khoản', 1728146692),
(4382, 47, 'lang_module', 'fields', 'Tùy biến dữ liệu', 1728146692),
(4383, 47, 'lang_module', 'captionform_add', 'Thêm trường dữ liệu', 1728146692),
(4384, 47, 'lang_module', 'captionform_edit', 'Sửa trường dữ liệu', 1728146692),
(4385, 47, 'lang_module', 'field_edit', 'Sửa', 1728146692),
(4386, 47, 'lang_module', 'field_choices_empty', 'Empty Choice Fields', 1728146692),
(4387, 47, 'lang_module', 'field_id', 'Trường dữ liệu', 1728146692),
(4388, 47, 'lang_module', 'field_id_note', 'Trường dữ liệu này cần duy nhất và không thay đổi được khi đã lưu', 1728146692),
(4389, 47, 'lang_module', 'field_title', 'Tiêu đề', 1728146692),
(4390, 47, 'lang_module', 'field_description', 'Mô tả', 1728146692),
(4391, 47, 'lang_module', 'field_required', 'Trường dữ liệu bắt buộc', 1728146692),
(4392, 47, 'lang_module', 'field_required_note', 'Nếu là trường bắt buộc sẽ được hiển thị trong quá trình đăng ký', 1728146692),
(4393, 47, 'lang_module', 'field_show_register', 'Hiển thị khi đăng ký', 1728146692),
(4394, 47, 'lang_module', 'field_user_editable', 'Thành viên có thể thay đổi', 1728146692),
(4395, 47, 'lang_module', 'field_show_profile', 'Hiển thị tại trang tài khoản', 1728146692),
(4396, 47, 'lang_module', 'field_type', 'Loại dữ liệu', 1728146692),
(4397, 47, 'lang_module', 'field_type_number', 'Số', 1728146692),
(4398, 47, 'lang_module', 'field_type_date', 'Ngày', 1728146692),
(4399, 47, 'lang_module', 'field_type_textbox', 'Một dòng (textbox)', 1728146692),
(4400, 47, 'lang_module', 'field_type_textarea', 'Nhiều dòng (textarea)', 1728146692),
(4401, 47, 'lang_module', 'field_type_editor', 'Trình soạn thảo', 1728146692),
(4402, 47, 'lang_module', 'field_type_select', 'Lựa chọn thả xuống (selectbox)', 1728146692),
(4403, 47, 'lang_module', 'field_type_radio', 'Một lựa chọn (radio)', 1728146692),
(4404, 47, 'lang_module', 'field_type_checkbox', 'Nhiều lựa chọn (checkbox)', 1728146692),
(4405, 47, 'lang_module', 'field_type_multiselect', 'Nhiều lựa chọn thả xuống (multi selectbox)', 1728146692),
(4406, 47, 'lang_module', 'field_type_note', 'Giá trị sẽ không thay đổi được khi đã lưu', 1728146692),
(4407, 47, 'lang_module', 'field_class', 'Thuộc tính class html', 1728146692),
(4408, 47, 'lang_module', 'field_size', 'Kích thước ô nhập liệu', 1728146692),
(4409, 47, 'lang_module', 'field_options_text', 'Các tùy chọn cho khác', 1728146692),
(4410, 47, 'lang_module', 'field_match_type', 'Yêu cầu kiểm tra với giá trị:', 1728146692),
(4411, 47, 'lang_module', 'field_match_type_none', 'Không kiểm tra', 1728146692),
(4412, 47, 'lang_module', 'field_match_type_alphanumeric', 'Chỉ được dùng các ký tự A-Z, 0-9 và gạch dưới', 1728146692),
(4413, 47, 'lang_module', 'field_match_type_unicodename', 'Tên người (Các chữ cái unicode, dấu gạch ngang, dấu nháy đơn và dấu cách)', 1728146692),
(4414, 47, 'lang_module', 'field_match_type_date', 'Ngày tháng cần nhập theo định dạng dd/mm/yyyy', 1728146692),
(4415, 47, 'lang_module', 'field_match_type_url', 'Url', 1728146692),
(4416, 47, 'lang_module', 'field_match_type_regex', 'Biểu thức quy tắc', 1728146692),
(4417, 47, 'lang_module', 'field_match_type_callback', 'Sử dụng hàm', 1728146692),
(4418, 47, 'lang_module', 'field_default_value', 'Giá trị mặc định', 1728146692),
(4419, 47, 'lang_module', 'field_min_length', 'Chiều dài ký tự ít nhất', 1728146692),
(4420, 47, 'lang_module', 'field_max_length', 'Chiều dài ký tự nhiều nhất', 1728146692),
(4421, 47, 'lang_module', 'field_min_value', 'Giá trị nhỏ nhất', 1728146692),
(4422, 47, 'lang_module', 'field_max_value', 'Giá trị lớn nhất', 1728146692),
(4423, 47, 'lang_module', 'field_options_number', 'Các tùy chọn cho dữ liệu', 1728146692),
(4424, 47, 'lang_module', 'field_number_type', 'Kiểu số', 1728146692),
(4425, 47, 'lang_module', 'field_integer', 'Số nguyên', 1728146692),
(4426, 47, 'lang_module', 'field_real', 'Số thực', 1728146692),
(4427, 47, 'lang_module', 'field_options_date', 'Các tùy chọn dữ liệu ngày tháng', 1728146692),
(4428, 47, 'lang_module', 'field_current_date', 'Sử dụng ngày hiện tại', 1728146692),
(4429, 47, 'lang_module', 'field_default_date', 'Sử dụng ngày', 1728146692),
(4430, 47, 'lang_module', 'field_min_date', 'Từ ngày', 1728146692),
(4431, 47, 'lang_module', 'field_max_date', 'Tới ngày', 1728146692),
(4432, 47, 'lang_module', 'field_options_choice', 'Các tùy chọn', 1728146692),
(4433, 47, 'lang_module', 'field_number', 'STT', 1728146692),
(4434, 47, 'lang_module', 'field_value', 'Khóa', 1728146692),
(4435, 47, 'lang_module', 'field_text', 'Giá trị', 1728146692),
(4436, 47, 'lang_module', 'field_add_choice', 'Thêm lựa chọn', 1728146692),
(4437, 47, 'lang_module', 'field_date_error', 'Giá trị của Min Date cần nhỏ hơn Max Date', 1728146692),
(4438, 47, 'lang_module', 'field_number_error', 'Giá trị của Min Value cần nhỏ hơn Max Value', 1728146692),
(4439, 47, 'lang_module', 'field_error_empty', 'Trường dữ liệu không được rỗng', 1728146692),
(4440, 47, 'lang_module', 'field_error_not_allow', 'Trường dữ liệu không được phép sử dụng', 1728146692),
(4441, 47, 'lang_module', 'field_error', 'Trường dữ liệu đã có', 1728146692),
(4442, 47, 'lang_module', 'field_match_type_error', '%s không đúng quy tắc', 1728146692),
(4443, 47, 'lang_module', 'field_match_type_required', '%s bắt buộc nhập', 1728146692),
(4444, 47, 'lang_module', 'field_min_max_error', '%1$s cần nhập từ %2$s đến %3$s ký tự', 1728146692),
(4445, 47, 'lang_module', 'field_min_max_value', '%1$s cần nhập từ %2$s đến %3$s', 1728146692),
(4446, 47, 'lang_module', 'field_choicetypes_title', 'Lựu chọn dữ liệu', 1728146692),
(4447, 47, 'lang_module', 'field_choicetypes_sql', 'Lấy dữ liệu từ CSDL', 1728146692),
(4448, 47, 'lang_module', 'field_choicetypes_text', 'Lấy dữ liệu từ nhập liệu', 1728146692),
(4449, 47, 'lang_module', 'field_options_choicesql', 'Lựa chọn module, bảng dữ liệu và trường dữ liệu', 1728146692),
(4450, 47, 'lang_module', 'field_options_choicesql_module', 'Chọn module', 1728146692),
(4451, 47, 'lang_module', 'field_options_choicesql_table', 'Chọn bảng dữ liệu', 1728146692),
(4452, 47, 'lang_module', 'field_options_choicesql_column', 'Chọn cột dữ liệu', 1728146692),
(4453, 47, 'lang_module', 'field_options_choicesql_key', 'Chọn cột làm key', 1728146692),
(4454, 47, 'lang_module', 'field_options_choicesql_val', 'Chọn cột làm value', 1728146692),
(4455, 47, 'lang_module', 'field_options_choicesql_order', 'Chọn cột sắp xếp', 1728146692),
(4456, 47, 'lang_module', 'field_options_choicesql_sort', 'Chọn kiểu sắp xếp', 1728146692),
(4457, 47, 'lang_module', 'field_options_choicesql_sort_asc', 'Tăng dần', 1728146692),
(4458, 47, 'lang_module', 'field_options_choicesql_sort_desc', 'Giảm dần', 1728146692),
(4459, 47, 'lang_module', 'field_sql_choices_empty', 'Lỗi : Lựa chọn lấy dữ liệu từ CSDL không đầy đủ', 1728146692),
(4460, 47, 'lang_module', 'oauth_config', 'Cấu hình đăng nhập, đăng kí bằng %s', 1728146692),
(4461, 47, 'lang_module', 'oauth_client_id', 'App ID/API Key', 1728146692),
(4462, 47, 'lang_module', 'oauth_client_secret', 'Mã Bí Mật', 1728146692),
(4463, 47, 'lang_module', 'import', 'Nhập dữ liệu từ file Excel', 1728146692),
(4464, 47, 'lang_module', 'import_note', 'Để nhập dữ liệu từ file Excel, bạn cần <a title=\"Download file dữ liệu mẫu\" href=\"%1$s\"><strong>download file dữ liệu mẫu</strong></a>, sau đó điền đầy đủ dữ liệu mỗi file không quá 2.000 tài khoản sau đó upload lên thư mục <strong>%2$s</strong>', 1728146692),
(4465, 47, 'lang_module', 'export', 'Xuất dữ liệu ra file Excel', 1728146692),
(4466, 47, 'lang_module', 'export_example', 'File dữ liệu mẫu module users', 1728146692),
(4467, 47, 'lang_module', 'required_phpexcel', 'Để sử dụng chức năng này bạn cần cài đặt thư viện PHPExcel, bạn có thể download tại <a title=\"Download PHPExcel\" href=\"http://nukeviet.vn/vi/store/other/phpexcel/\">NukeViet Store</a>', 1728146692),
(4468, 47, 'lang_module', 'export_comment_userid', 'Nên để trống dữ liệu này, Nếu nhập giá trị này hệ thống sẽ thay thế tài khoản ứng với userid đã có', 1728146692),
(4469, 47, 'lang_module', 'export_comment_password', 'Nếu không điền dữ liệu hệ thống sẽ đặt mật khẩu mặc định là ngày tháng hiện tại', 1728146692),
(4470, 47, 'lang_module', 'export_comment_gender', 'Chấp nhận giá trị: M = Nam; F = Nữ', 1728146692),
(4471, 47, 'lang_module', 'export_comment_date', 'Cần nhập theo:Tháng/Ngày/Năm hoặc bỏ trống', 1728146692),
(4472, 47, 'lang_module', 'export_complete', 'Xuất dữ liệu thành công, bạn hãy download và giải nén để lấy các file dữ liệu', 1728146692),
(4473, 47, 'lang_module', 'export_note', 'Quá trình xuất dữ liệu có thể diễn ra trong vòng vài phút, vui lòng đợi đến khi có thông báo hoàn thành', 1728146692),
(4474, 47, 'lang_module', 'read_note', 'Để tiếp tục quá trình đọc các file dữ liệu, bạn cần chọn các file Sau đó click vào nút thực hiện, Quá trình đọc dữ liệu có thể diễn ra trong vòng vài phút, vui lòng đợi đến khi có thông báo', 1728146692),
(4475, 47, 'lang_module', 'read_submit', 'Thực hiện', 1728146692),
(4476, 47, 'lang_module', 'read_filename', 'Tên file', 1728146692),
(4477, 47, 'lang_module', 'read_filesite', 'Dung lượng', 1728146692),
(4478, 47, 'lang_module', 'read_complete', 'Đọc dữ liệu thành công, bạn có muốn chuyển tới trang danh sách tài khoản', 1728146692),
(4479, 47, 'lang_module', 'read_error', 'Lỗi khi đọc file %1\\$s, Hệ thống không cập nhật được tài khoản: %2\\$s Họ và tên: %3\\$s. Vì vậy hệ thống bị dừng lại !', 1728146692),
(4480, 47, 'lang_module', 'read_error_field', 'Lỗi khi đọc file %1\\$s, Bạn cần kiểm tra lại cột : %2\\$s Cột này cần là : %3\\$s. Vì vậy hệ thống bị dừng lại !', 1728146692),
(4481, 47, 'lang_module', 'read_error_memory_limit', 'Lỗi: Hệ thống không đọc được dữ liệu, vui lòng kiểm tra lại các file dữ liệu chỉ để khoảng 2.000 dòng mỗi file hoặc bạn phải cấu hình file php.ini giá trị memory_limit (128MB đọc được khoảng 2.000 dòng)', 1728146692),
(4482, 47, 'lang_module', 'read_ignore', 'Đọc các dữ liệu không đúng chuẩn', 1728146692),
(4483, 47, 'lang_module', 'update_field', 'Cập nhật site', 1728146692),
(4484, 47, 'lang_module', 'update_field_oncreate', 'Khi được tạo', 1728146692),
(4485, 47, 'lang_module', 'update_field_onlogin', 'Khi đăng nhập', 1728146692),
(4486, 47, 'lang_module', 'cas_config', 'Thiết lập máy chủ CAS', 1728146692),
(4487, 47, 'lang_module', 'cas_config_hostname', 'Hostname', 1728146692),
(4488, 47, 'lang_module', 'cas_config_hostname_info', 'Hostname of the CAS server	<br>eg: cas.nukeviet.vn', 1728146692),
(4489, 47, 'lang_module', 'cas_config_baseUri', 'Base URI', 1728146692),
(4490, 47, 'lang_module', 'cas_config_baseUri_info', ' URI of the server (nothing if no baseUri)<br>For example, if the CAS server responds to cas.nukeviet.vn/cas/ then<br>cas_baseuri = cas/', 1728146692),
(4491, 47, 'lang_module', 'cas_config_port', 'Port', 1728146692),
(4492, 47, 'lang_module', 'cas_config_port_info', 'Port of the CAS server', 1728146692),
(4493, 47, 'lang_module', 'cas_config_version', 'CAS protocol version', 1728146692),
(4494, 47, 'lang_module', 'cas_config_version_info', 'CAS protocol version to use', 1728146692),
(4495, 47, 'lang_module', 'cas_config_language', 'Language', 1728146692),
(4496, 47, 'lang_module', 'cas_config_language_info', 'Select language for authentication pages', 1728146692),
(4497, 47, 'lang_module', 'cas_config_proxyMode', 'Proxy mode', 1728146692),
(4498, 47, 'lang_module', 'cas_config_proxyMode_info', 'Select \"yes\" if you use CAS in proxy-mode', 1728146692),
(4499, 47, 'lang_module', 'cas_config_multiAuthentication', 'Multi-authentication', 1728146692),
(4500, 47, 'lang_module', 'cas_config_multiAuthentication_info', 'Select \"yes\" if you want to have multi-authentication (CAS + other authentication) ', 1728146692),
(4501, 47, 'lang_module', 'cas_config_serverValidation', 'Server validation', 1728146692),
(4502, 47, 'lang_module', 'cas_config_serverValidation_info', 'Select \"yes\" if you want to validate the server certificate', 1728146692),
(4503, 47, 'lang_module', 'cas_config_certificatePath', 'Certificate path', 1728146692),
(4504, 47, 'lang_module', 'cas_config_certificatePath_info', 'Path of the CA chain file (PEM Format) to validate the server certificate', 1728146692),
(4505, 47, 'lang_module', 'ldap_config', 'Các thiết lập máy chủ LDAP', 1728146692),
(4506, 47, 'lang_module', 'ldap_config_hostURL', 'Host URL', 1728146692),
(4507, 47, 'lang_module', 'ldap_config_hostURL_info', 'Chỉ ra máy chủ LDAP trong biểu mẫu URL giống như \"ldap://ldap.nukeviet.vn/\" hoặc \"ldaps://ldap.nukeviet.vn/\".', 1728146692),
(4508, 47, 'lang_module', 'ldap_config_version', 'Version', 1728146692),
(4509, 47, 'lang_module', 'ldap_config_version_info', 'Phiên bản của LDAP giao thức máy chủ của bạn đang được sử dụng.', 1728146692),
(4510, 47, 'lang_module', 'ldap_config_useTLS', 'Use TLS', 1728146692),
(4511, 47, 'lang_module', 'ldap_config_useTLS_info', 'Use regular LDAP service (port 389) with TLS encryption ', 1728146692),
(4512, 47, 'lang_module', 'ldap_config_LDAPencoding', 'LDAP encoding', 1728146692),
(4513, 47, 'lang_module', 'ldap_config_LDAPencoding_info', 'Specify encoding used by LDAP server. Most probably utf-8, MS AD v2 uses default platform encoding such as cp1252, cp1250, etc. ', 1728146692),
(4514, 47, 'lang_module', 'ldap_config_PageSize', 'Page Size', 1728146692),
(4515, 47, 'lang_module', 'ldap_config_PageSize_info', 'Make sure this value is smaller than your LDAP server result set size limit (the maximum number of entries that can be returned in a single query)', 1728146692),
(4516, 47, 'lang_module', 'rb_config', 'Các thiết lập ràng buộc', 1728146692),
(4517, 47, 'lang_module', 'rb_config_dn', 'Distinguished name', 1728146692),
(4518, 47, 'lang_module', 'rb_config_dn_info', 'Nếu bạn muốn sử dụng ràng buộc người dùng để tìm kiếm các người dùng, chỉ ra nó ở đây. Đôi khi nó giống như \"cn=Manager,dc=nukeviet,dc=vn\"', 1728146692),
(4519, 47, 'lang_module', 'rb_config_pw', 'Password', 1728146692),
(4520, 47, 'lang_module', 'rb_config_pw_info', 'Mật khẩu đối với ràng buộc người dùng .', 1728146692),
(4521, 47, 'lang_module', 'user_config', 'Các thiết lập tra cứu người dùng', 1728146692),
(4522, 47, 'lang_module', 'user_config_userType', 'User type', 1728146692),
(4523, 47, 'lang_module', 'user_config_userType_info', 'Chọn những người dùng thế nào được lưu trữ trong LDAP. Các thiết lập này cũng chỉ ra sự vô hiệu hoá đăng nhập như thế nào, tạo người dùng và các cuộc đăng nhập sẽ hoạt động như thế nào. ', 1728146692),
(4524, 47, 'lang_module', 'user_config_context', 'Contexts', 1728146692),
(4525, 47, 'lang_module', 'user_config_context_info', 'Danh sách các ngữ cảnh mà ở đó những người sử dụng được xác định. Ngăn cách các ngữ cảnh khác nhau bởi dấu \";\". Ví dụ : \"ou=people,dc=nukeviet,dc=vn\"', 1728146692),
(4526, 47, 'lang_module', 'user_config_searchSubcontexts', 'Search subcontexts', 1728146692),
(4527, 47, 'lang_module', 'user_config_searchSubcontexts_info', 'Đặt giá trị khác 0. Nếu bạn muốn tìm kiếm người dùng từ ngữ cảnh phụ.', 1728146692),
(4528, 47, 'lang_module', 'user_config_dereferenceAliases', 'Dereference aliases', 1728146692),
(4529, 47, 'lang_module', 'user_config_dereferenceAliases_info', 'Quyết định bao nhiêu bí danh được sử dụng trong quá trình tìm kiếm. Chọn một trong số các giá trị sau: \"Không\" (LDAP_DEREF_NEVER) hoặc \"Có\" (LDAP_DEREF_ALWAYS) ', 1728146692),
(4530, 47, 'lang_module', 'user_config_userAttribute', 'User attribute', 1728146692),
(4531, 47, 'lang_module', 'user_config_userAttribute_info', ' Các tuỳ chọn: Ghi đè thuộc tính sử dụng để chỉ ra/tìm kiếm người dùng. Thông thường \"cn\". ', 1728146692),
(4532, 47, 'lang_module', 'user_config_memberAttribute', 'Member attribute', 1728146692),
(4533, 47, 'lang_module', 'user_config_memberAttribute_info', ' Tuỳ chọn: Ghi đè thuộc tính về người dùng, khi những người dùng có liên quan tới một nhóm. Thông thường là \"thành viên\"', 1728146692),
(4534, 47, 'lang_module', 'user_config_memberAttributeUsesDn', 'Member attribute uses dn', 1728146692),
(4535, 47, 'lang_module', 'user_config_memberAttributeUsesDn_info', 'Optional: Overrides handling of member attribute values, either 0 or 1 ', 1728146692),
(4536, 47, 'lang_module', 'user_config_objectClass', 'Object class', 1728146692),
(4537, 47, 'lang_module', 'user_config_objectClass_info', 'Tuỳ chọn: Ghi đè lớp đối tượng sử dụng để chỉ định/tìm kiếm người dùng trên kiểu người dùng ldap_user_type. Thông thường bạn không cần thay đổi điều này.', 1728146692),
(4538, 47, 'lang_module', 'user_config_admin_email', 'Thông báo các cập nhật tài khoản tới người dùng', 1728146692),
(4539, 47, 'lang_module', 'user_config_admin_email1', 'Gửi email cho người dùng khi quản trị thực hiện các thay đổi trên tài khoản của họ', 1728146692),
(4540, 47, 'lang_module', 'update_LDAP_config', 'Cập nhật dữ liệu từ LDAP xuống website', 1728146692),
(4541, 47, 'lang_module', 'update_LDAP_config_name', 'Tên đệm và tên', 1728146692),
(4542, 47, 'lang_module', 'update_LDAP_config_lname', 'Họ', 1728146692),
(4543, 47, 'lang_module', 'default', 'Mặc định', 1728146692),
(4544, 47, 'lang_module', 'info', 'Cập nhật dữ liệu từ LDAP xuống website là tuỳ chọn. Bạn có thể chọn điền trước một số thông tin người dùng NukeViet với thông tin từ <b> các trường LDAP</b> được chỉ ra ở đây.<p><br />        Nếu bạn để các trường này trống, thì không có cái gì được chuyển đổi từ LDAP và các giá trị mặc định của NukeViet sẽ được sử dụng để thay thế	</p>	<p><br />        Trong trường hợp khác, người dùng sẽ có khả năng soạn thảo tất cả các trường này sau khi chúng bắt dầu.	</p>	<p>		<b>Cập nhật site:</b> Nếu được kích hoạt, mục sẽ được cập nhật (từ xác thực ngoài) mỗi khi người dùng đăng nhập hoặc có đồng bộ hóa người dùng.	</p>	<hr>	<p><br />        <b>Chú ý:</b> Cập nhật dư liệu LDAP bên ngoại yêu cầu bạn thiết đặt binddn và bindpw cho một người dùng bind có quyền chỉnh sửa tất cả bản ghi người dùng. Hiện tại nó không lưu giữ các thuộc tính đa trị, và sẽ xóa các giá trị gia tăng khi cập nhật.	</p>', 1728146692),
(4545, 47, 'lang_module', 'allowuserloginmulti', 'Cho phép đăng nhập cùng lúc từ nhiều trình duyệt', 1728146692),
(4546, 47, 'lang_module', 'user_check_pass_time', 'Thời gian kiểm tra lại mật khẩu, nếu người dùng không sử dụng trình duyệt', 1728146692),
(4547, 47, 'lang_module', 'safe_mode', 'Chế độ an toàn', 1728146692),
(4548, 47, 'lang_module', 'safe_active_info', 'Tài khoản của bạn đang ở chế độ an toàn nên tất cả các tính năng chỉnh sửa thông tin tài khoản đã bị khóa.', 1728146692),
(4549, 47, 'lang_module', 'safe_deactivate', 'Tắt chế độ an toàn', 1728146692),
(4550, 47, 'lang_module', 'group_description', 'Mô tả', 1728146692),
(4551, 47, 'lang_module', 'auto_login_after_reg', 'Tự động đăng nhập sau khi đăng ký thành công', 1728146692),
(4552, 47, 'lang_module', 'active_group_newusers', 'Kích hoạt chức năng xác thực thành viên', 1728146692),
(4553, 47, 'lang_module', 'active_group_newusers_note', 'Nếu chức năng này được kích hoạt, những thành viên mới đăng ký sẽ được tự động xếp vào nhóm \"Thành Viên mới \" cho đến khi được người quản lý loại khỏi nhóm, lúc này thành viên mới được xem là \"Thành Viên chính thức\"', 1728146692),
(4554, 47, 'lang_module', 'active_editinfo_censor', 'Bật kiểm duyệt chỉnh sửa tài khoản', 1728146692),
(4555, 47, 'lang_module', 'active_editinfo_censor_note', 'Nếu chức năng này kích hoạt, tất cả các tài khoản tự chỉnh sửa thông tin sẽ được kiểm duyệt trước khi hiển thị, không áp dụng đối với việc chỉnh sửa tên đăng nhập, email, ảnh đại diện, trưởng nhóm, quản trị sửa thông tin thành viên. Khi tắt tính năng này menu kiểm duyệt trong quản trị sẽ bị ẩn để tiết kiệm không gian, tuy nhiên bạn vẫn có thể kiểm duyệt', 1728146692),
(4556, 47, 'lang_module', 'active_editinfo_censor_note1', '<a href=\"%s\">tại đây</a>', 1728146692),
(4557, 47, 'lang_module', 'active_user_logs', 'Ghi nhật ký đăng nhập, đăng xuất của thành viên', 1728146692),
(4558, 47, 'lang_module', 'user_openid_mamager', 'Quản lý OpenID &amp; Oauth', 1728146692),
(4559, 47, 'lang_module', 'user_2step_mamager', 'Quản lý xác thực hai bước', 1728146692),
(4560, 47, 'lang_module', 'user_2step_of', 'Quản lý xác thực hai bước thành viên:', 1728146692),
(4561, 47, 'lang_module', 'user_2step_off', 'Xác thực hai bước đang tắt', 1728146692),
(4562, 47, 'lang_module', 'user_2step_turnoff', 'Tắt xác thực hai bước', 1728146692),
(4563, 47, 'lang_module', 'user_2step_turnoff_info', 'Xác thực hai bước đang bắt buộc đối với một số khu vực. Nếu bạn tắt, thành viên sẽ phải bắt buộc bật lại', 1728146692),
(4564, 47, 'lang_module', 'user_2step_codes', 'Mã dự phòng', 1728146692),
(4565, 47, 'lang_module', 'user_2step_newcodes', 'Mã dự phòng mới', 1728146692),
(4566, 47, 'lang_module', 'user_2step_codes_timecreat', 'Thời gian tạo', 1728146692),
(4567, 47, 'lang_module', 'user_2step_codes_timeuse', 'Thời gian sử dụng', 1728146692),
(4568, 47, 'lang_module', 'user_2step_codes_s0', 'Chưa sử dụng', 1728146692),
(4569, 47, 'lang_module', 'user_2step_codes_s1', 'Đã sử dụng', 1728146692),
(4570, 47, 'lang_module', 'user_2step_reset', 'Tạo lại mã dự phòng', 1728146692),
(4571, 47, 'lang_module', 'user_2step_sendmail', 'Gửi email mã dự phòng mới cho thành viên', 1728146692),
(4572, 47, 'lang_module', 'user_2step_bodymail', 'Xin chào %1$s,<br /><br />Mã dự phòng cho tài khoản của bạn tại website %2$s đã được thay đổi. Dưới đây là mã dự phòng mới:<br /><br />%3$s<br /><br />Bạn chú ý giữ mã dự phòng an toàn. Nếu mất điện thoại và mất cả mã dự phòng bạn sẽ không thể truy cập vào tài khoản của mình được nữa.<br /><br />Đây là thư tự động được gửi đến hòm thư điện tử của bạn từ website %2$s. Nếu bạn không hiểu gì về nội dung bức thư này, đơn giản hãy xóa nó đi.<br /><br />Quản trị site', 1728146692),
(4573, 47, 'lang_module', 'user_oauthmanager', 'Quản lý Oauth, OpenID thành viên', 1728146692),
(4574, 47, 'lang_module', 'user_oauthmanager_list', 'Danh sách Oauth, OpenID đang sử dụng của thành viên', 1728146692),
(4575, 47, 'lang_module', 'user_oauthmanager_empty', 'Thành viên này chưa có OpenID hay Oauth nào', 1728146692),
(4576, 47, 'lang_module', 'user_oauthmanager_gate', 'Tên cổng', 1728146692),
(4577, 47, 'lang_module', 'user_oauthmanager_email', 'Email hoặc ID', 1728146692),
(4578, 47, 'lang_module', 'user_oauthmanager_deleteall', 'Xóa tất cả', 1728146692),
(4579, 47, 'lang_module', 'min_old_user', 'Số tuổi thành viên ít nhất để tham gia', 1728146692),
(4580, 47, 'lang_module', 'error_system', '%s không được để trống', 1728146692),
(4581, 47, 'lang_module', 'old_min_user_error', 'Tuổi của bạn dưới %s nên chưa đủ tuổi đăng ký', 1728146692),
(4582, 47, 'lang_module', 'two_step_verification_require_admin', 'Bắt buộc xác thực hai bước khu vực quản trị', 1728146692),
(4583, 47, 'lang_module', 'two_step_verification_require_site', 'Bắt buộc xác thực hai bước ngoài site', 1728146692),
(4584, 47, 'lang_module', 'two_step_verification_require_admindefault', 'Thiết lập an ninh đang yêu cầu bật tại khu vực quản trị, dù không bật ở đây quản trị vẫn phải kích hoạt xác thực hai bước mới đăng nhập được', 1728146692),
(4585, 47, 'lang_module', 'two_step_verification_require_sitedefault', 'Thiết lập an ninh đang yêu cầu bật ngoài site, dù không bật ở đây thành viên trong nhóm vẫn phải kích hoạt xác thực hai bước mới đăng nhập được', 1728146692),
(4586, 47, 'lang_module', 'notification_new_acount', 'Tài khoản %s đang đợi kích hoạt', 1728146692),
(4587, 47, 'lang_module', 'notification_sendactive_fail', 'Tài khoản %s đang đợi kích hoạt do hệ thống không thể gửi email', 1728146692),
(4588, 47, 'lang_module', 'editcensor', 'Kiểm duyệt thông tin', 1728146692),
(4589, 47, 'lang_module', 'editcensor_lastedit', 'Sửa lần cuối', 1728146692),
(4590, 47, 'lang_module', 'editcensor_confirm_approval', 'Bạn có chắc chắn xác nhận duyệt? Sau khi duyệt thông tin này sẽ ghi đè thông tin hiện tại của thành viên', 1728146692),
(4591, 47, 'lang_module', 'editcensor_confirm_denied', 'Bạn có chắc chắn từ chối? Sau khi từ chối thì thông tin này sẽ bị xóa và không thể khôi phục', 1728146692),
(4592, 47, 'lang_module', 'editcensor_field', 'Trường dữ liệu', 1728146692),
(4593, 47, 'lang_module', 'editcensor_current', 'Giá trị hiện tại', 1728146692),
(4594, 47, 'lang_module', 'editcensor_new', 'Giá trị mới', 1728146692),
(4595, 47, 'lang_module', 'editcensor_info_basic', 'Thông tin cơ bản', 1728146692),
(4596, 47, 'lang_module', 'editcensor_info_custom', 'Thông tin khác', 1728146692),
(4597, 47, 'lang_module', 'emailverify_sys1', 'Tài khoản hệ thống tạo', 1728146692),
(4598, 47, 'lang_module', 'emailverify_sys2', 'Tài khoản admin kích hoạt', 1728146692),
(4599, 47, 'lang_module', 'emailverify_sys3', 'Tài khoản không cần kích hoạt', 1728146692),
(4600, 47, 'lang_module', 'emailverify_sys4', 'Chưa xác minh email', 1728146692),
(4601, 47, 'lang_module', 'emailverify_sys5', 'Xác minh email lúc %s', 1728146692),
(4602, 47, 'lang_module', 'active_obj_1', 'Hệ thống tự kích hoạt', 1728146692),
(4603, 47, 'lang_module', 'active_obj_2', 'Kích hoạt qua email', 1728146692),
(4604, 47, 'lang_module', 'active_obj_3', 'Kích hoạt qua Oauth %s', 1728146692),
(4605, 47, 'lang_module', 'active_obj_4', 'Quản trị <strong title=\"%s\">%s</strong> kích hoạt', 1728146692),
(4606, 47, 'lang_module', 'is_email_verified', 'Xác minh email', 1728146692),
(4607, 47, 'lang_module', 'is_email_verified1', 'Nếu chọn vào đây, trạng thái email của tài khoản là không cần xác minh. Nếu không, trạng thái email tài khoản là chưa xác minh', 1728146692),
(4608, 47, 'lang_module', 'auto_assign_oauthuser', 'Tự động xử lý trùng email Oauth', 1728146692),
(4609, 47, 'lang_module', 'auto_assign_oauthuser_note', 'Khi bật tùy chọn này, nếu đăng nhập qua Oauth mà email đã được sử dụng thì hệ thống sẽ tự động gán Oauth vào tài khoản đó mà không cần nhập mật khẩu để xác nhận', 1728146692),
(4610, 47, 'lang_module', 'security_alert', 'Thông báo bảo mật', 1728146692),
(4611, 47, 'lang_module', 'security_alert_openid_delete', 'OpenID <strong>%s</strong> vừa được gỡ khỏi tài khoản <strong>%s</strong> của bạn bởi quản trị viên. Chúng tôi gửi cho bạn email này để thông tin đến bạn.<br /><br /><a href=\"%s\" style=\"font-family:Roboto,RobotoDraft,Helvetica,Arial,sans-serif;line-height:16px;color:#ffffff;font-weight:400;text-decoration:none;font-size:14px;display:inline-block;padding:10px 24px;background-color:#4184f3;border-radius:5px;min-width:90px\">Quản lý OpenID</a>', 1728146692),
(4612, 47, 'lang_module', 'security_alert_openid_truncate', 'Tất cả các OpenID vừa được gỡ khỏi tài khoản <strong>%s</strong> của bạn bởi quản trị viên. Chúng tôi gửi cho bạn email này để thông tin đến bạn.<br /><br /><a href=\"%s\" style=\"font-family:Roboto,RobotoDraft,Helvetica,Arial,sans-serif;line-height:16px;color:#ffffff;font-weight:400;text-decoration:none;font-size:14px;display:inline-block;padding:10px 24px;background-color:#4184f3;border-radius:5px;min-width:90px\">Quản lý OpenID</a>', 1728146692),
(4613, 47, 'lang_module', 'security_alert_2stepoff', 'Tài khoản <strong>%s</strong> của bạn vừa được tắt xác thực hai bước bởi quản trị viên. Chúng tôi gửi cho bạn email này để thông tin đến bạn.<br /><br /><a href=\"%s\" style=\"font-family:Roboto,RobotoDraft,Helvetica,Arial,sans-serif;line-height:16px;color:#ffffff;font-weight:400;text-decoration:none;font-size:14px;display:inline-block;padding:10px 24px;background-color:#4184f3;border-radius:5px;min-width:90px\">Quản lý xác thực hai bước</a>', 1728146692),
(4614, 47, 'lang_module', 'account_active', 'Thông tin kích hoạt tài khoản', 1728146692),
(4615, 47, 'lang_module', 'account_active_info', 'Xin chào %1$s,<br /><br />Tài khoản của bạn tại website %2$s đang chờ kích hoạt. Để kích hoạt, bạn hãy click vào link dưới đây:<br /><br />URL: <a href=\"%3$s\">%3$s</a><br /><br />Các thông tin cần thiết:<br /><br />Tài khoản: %4$s<br />Email: %5$s<br /><br />Việc kích hoạt tài khoản chỉ có hiệu lực đến %6$s<br /><br />Đây là thư tự động được gửi đến hòm thư điện tử của bạn từ website %2$s. Nếu bạn không hiểu gì về nội dung bức thư này, đơn giản hãy xóa nó đi.<br /><br /><br /><br />Quản trị site', 1728146692),
(4616, 47, 'lang_module', 'userwait_note', 'Các tài khoản chờ kích hoạt sẽ bị xóa tự động trong vòng %s giờ kể từ lúc đăng ký nếu không được kích hoạt', 1728146692),
(4617, 47, 'lang_module', 'userwait_resend_email', 'Gửi lại email kích hoạt', 1728146692),
(4618, 47, 'lang_module', 'userwait_resend_per_email', 'Số email một lần gửi', 1728146692),
(4619, 47, 'lang_module', 'userwait_resend_pause_time', 'Dừng giữa hai lần gửi', 1728146692),
(4620, 47, 'lang_module', 'userwait_resend_counter', 'Cách lần gửi tiếp theo còn', 1728146692),
(4621, 47, 'lang_module', 'userwait_resend_run', 'Đang gửi email', 1728146692),
(4622, 47, 'lang_module', 'userwait_resend_note', 'Vui lòng không tắt trình duyệt', 1728146692),
(4623, 47, 'lang_module', 'userwait_resend_complete', 'Tiến trình đã hoàn tất. Thông tin chi tiết xem bên dưới', 1728146692),
(4624, 47, 'lang_module', 'userwait_resend_start', 'Bắt đầu lúc', 1728146692),
(4625, 47, 'lang_module', 'userwait_resend_end', 'Kết thúc lúc', 1728146692),
(4626, 47, 'lang_module', 'userwait_resend_delete', 'Email đã tồn tại (đã được kích hoạt theo cách nào đó), xóa thông tin chờ kích hoạt', 1728146692),
(4627, 47, 'lang_module', 'userwait_resend_ok', 'Đã gửi lại email kích hoạt', 1728146692),
(4628, 47, 'lang_module', 'userwait_resend_error', 'Không thể gửi email, vui lòng kiểm tra lại cấu hình gửi mail', 1728146692),
(4629, 48, 'lang_block', 'display_mode', 'Kiểu hiển thị', 1728146692),
(4630, 48, 'lang_block', 'display_mode0', 'Dạng form đăng nhập', 1728146692),
(4631, 48, 'lang_block', 'display_mode1', 'Dạng nút', 1728146692),
(4632, 48, 'lang_block', 'popup_register', 'Đăng ký dạng popup', 1728146692),
(4633, 48, 'lang_block', 'popup_register0', 'Không', 1728146692),
(4634, 48, 'lang_block', 'popup_register1', 'Có', 1728146692),
(4635, 49, 'lang_module', 'voting_hits', 'Bình chọn', 1728146692),
(4636, 49, 'lang_module', 'voting_result', 'Kết quả', 1728146692),
(4637, 49, 'lang_module', 'EDIT', 'Sửa', 1728146692),
(4638, 49, 'lang_module', 'DELETE', 'Xóa', 1728146692),
(4639, 49, 'lang_module', 'detail', '<span style=\"font-weight:bold\">Chi tiết</a>', 1728146692),
(4640, 49, 'lang_module', 'voting_detail', 'Bạn đang xem thăm dò: ', 1728146692),
(4641, 49, 'lang_module', 'voting_warning_all', 'Bạn cần chọn từ 1 đến %s phương án ', 1728146692),
(4642, 49, 'lang_module', 'voting_warning_accept1', 'Bạn cần chọn 1 phương án ', 1728146692),
(4643, 49, 'lang_module', 'voting_confirm', 'Lưu thay đổi', 1728146692),
(4644, 49, 'lang_module', 'okmsg', 'Hệ thống đã ghi nhận bình chọn của bạn.', 1728146692),
(4645, 49, 'lang_module', 'timeoutmsg', 'Bạn đã bình chọn! Vui lòng đợi %s phút sau để có thể bình chọn lại.', 1728146692),
(4646, 49, 'lang_module', 'errormsg', 'Bạn chưa chọn phương án bình chọn!', 1728146692),
(4647, 49, 'lang_module', 'errorupdate', 'Có lỗi trong quá trình cập nhật bộ đếm', 1728146692),
(4648, 49, 'lang_module', 'goback', 'Quay lại', 1728146692),
(4649, 49, 'lang_module', 'voting_total', 'Tổng số', 1728146692),
(4650, 49, 'lang_module', 'voting_counter', 'lượt', 1728146692),
(4651, 49, 'lang_module', 'voting_pubtime', 'Tính từ', 1728146692),
(4652, 49, 'lang_module', 'enter_captcha', 'Mời nhập mã xác nhận', 1728146692),
(4653, 49, 'lang_module', 'enter_captcha_error', 'Vui lòng nhập mã xác nhận', 1728146692),
(4654, 49, 'lang_module', 'limit_vote_msg', 'Bạn chỉ được bình chọn 1 lần', 1728146692),
(4655, 50, 'lang_module', 'voting_alias', 'Liên kết tĩnh', 1728146692),
(4656, 50, 'lang_module', 'voting', 'Bầu chọn trên site', 1728146692),
(4657, 50, 'lang_module', 'voting_list', 'Quản lý thăm dò', 1728146692),
(4658, 50, 'lang_module', 'voting_id', 'Mã ID', 1728146692),
(4659, 50, 'lang_module', 'voting_title', 'Tiêu đề', 1728146692),
(4660, 50, 'lang_module', 'voting_stat', 'Thống kê', 1728146692),
(4661, 50, 'lang_module', 'voting_func', 'Chức năng', 1728146692),
(4662, 50, 'lang_module', 'voting_totalcm', ' bình chọn', 1728146692),
(4663, 50, 'lang_module', 'voting_active', 'Hoạt động', 1728146692),
(4664, 50, 'lang_module', 'voting_yes', 'Có', 1728146692),
(4665, 50, 'lang_module', 'voting_no', 'Không', 1728146692),
(4666, 50, 'lang_module', 'voting_add', 'Thêm thăm dò', 1728146692),
(4667, 50, 'lang_module', 'voting_request', 'Khai báo thông tin:', 1728146692),
(4668, 50, 'lang_module', 'voting_allowcm', 'Cho phép bình chọn ', 1728146692),
(4669, 50, 'lang_module', 'voting_timeout', 'Thời gian kết thúc', 1728146692),
(4670, 50, 'lang_module', 'voting_time', 'Thời gian đăng bình luận', 1728146692),
(4671, 50, 'lang_module', 'voting_option', 'Số lựa chọn', 1728146692),
(4672, 50, 'lang_module', 'voting_maxoption', 'Số lượng lựa chọn tối đa cho mỗi lượt bầu', 1728146692),
(4673, 50, 'lang_module', 'voting_confirm', 'Lưu thay đổi', 1728146692),
(4674, 50, 'lang_module', 'voting_error', 'Có lỗi trong quá trình thêm dữ liệu', 1728146692),
(4675, 50, 'lang_module', 'voting_question', 'Nội dung thăm dò của bạn', 1728146692),
(4676, 50, 'lang_module', 'voting_question_head', ': Nhập thông tin về thăm dò', 1728146692),
(4677, 50, 'lang_module', 'add_answervote', 'Thêm phương án trả lời ', 1728146692),
(4678, 50, 'lang_module', 'voting_continue', 'Chuyển sang bước ', 1728146692),
(4679, 50, 'lang_module', 'voting_reset', 'Làm lại', 1728146692),
(4680, 50, 'lang_module', 'goback', 'Quay lại', 1728146692),
(4681, 50, 'lang_module', 'voting_question_error', 'Có lỗi trong quá trình nhập dữ liệu', 1728146692),
(4682, 50, 'lang_module', 'voting_question_num', 'Trả lời số ', 1728146692),
(4683, 50, 'lang_module', 'voting_answer', 'Các phương án trả lời', 1728146692),
(4684, 50, 'lang_module', 'voting_link', 'Liên kết tới trang', 1728146692),
(4685, 50, 'lang_module', 'voting_edit', 'Sửa thăm dò của bạn', 1728146692),
(4686, 50, 'lang_module', 'voting_delete', 'Xác nhận xóa thăm dò', 1728146692),
(4687, 50, 'lang_module', 'voting_delete_confirm', 'Bạn có chắc muốn xóa thăm dò không ?', 1728146692),
(4688, 50, 'lang_module', 'voting_delete_success', 'Đã xóa thành công !', 1728146692),
(4689, 50, 'lang_module', 'voting_delete_unsuccess', 'Có lỗi trong quá trình xóa dữ liệu !', 1728146692),
(4690, 50, 'lang_module', 'warning', 'Lưu ý: số cho phép chọn phải nhỏ hơn hoặc bằng số lựa chọn', 1728146692),
(4691, 50, 'lang_module', 'voting_error_content', 'Lưu ý: bạn cần nhập Nội dung thăm dò và các câu trả lời', 1728146692),
(4692, 50, 'lang_module', 'voting_active_captcha', 'Kích hoạt mã xác nhận', 1728146692),
(4693, 50, 'lang_module', 'voting_result', 'Kết quả', 1728146692),
(4694, 50, 'lang_module', 'voting_type', 'Bình chọn 1 lần', 1728146692),
(4695, 50, 'lang_module', 'note_voting_type', 'Bình chọn một lần chỉ áp dụng khi \"Các nhóm được xem\" được chọn từ thành viên trở lên', 1728146692),
(4696, 50, 'lang_module', 'setting', 'Cấu hình module', 1728146692),
(4697, 50, 'lang_module', 'config_save', 'Lưu cấu hình', 1728146692),
(4698, 50, 'lang_module', 'difftimeout', 'Thời gian chờ để được bình chọn lại', 1728146692),
(4699, 50, 'lang_module', 'hours', 'giờ', 1728146692),
(4700, 51, 'lang_block', 'qr_level', 'Chất lượng hình', 1728146692),
(4701, 51, 'lang_block', 'qr_pixel_per_point', 'Size của QR-code ', 1728146692),
(4702, 51, 'lang_block', 'qr_outer_frame', 'Đường viền của QR-code', 1728146692),
(4703, 51, 'lang_block', 'cominfo_map_yes', 'Bật Google MAP', 1728146692),
(4704, 51, 'lang_block', 'cominfo_map_no', 'Tắt Google MAP', 1728146692),
(4705, 51, 'lang_block', 'cominfo_mapurl', 'Google MAP Iframe URL', 1728146692),
(4706, 52, 'lang_module', 'general', 'Thiết lập chung', 1728146692),
(4707, 52, 'lang_module', 'allpages', 'Toàn trang', 1728146692),
(4708, 52, 'lang_module', 'content', 'Nội dung', 1728146692),
(4709, 52, 'lang_module', 'block', 'Khối block', 1728146692),
(4710, 52, 'lang_module', 'color', 'Màu chữ', 1728146692),
(4711, 52, 'lang_module', 'font_size', 'Kích thước', 1728146692),
(4712, 52, 'lang_module', 'font_family', 'Phông chữ', 1728146692),
(4713, 52, 'lang_module', 'font_style', 'Kiểu chữ', 1728146692),
(4714, 52, 'lang_module', 'font_style_bold', 'Đậm', 1728146692),
(4715, 52, 'lang_module', 'font_style_italic', 'Nghiêng', 1728146692),
(4716, 52, 'lang_module', 'background', 'Nền', 1728146692),
(4717, 52, 'lang_module', 'background_imgage', 'Đường dẫn ảnh', 1728146692),
(4718, 52, 'lang_module', 'background_imgage_repeat', 'Repeat', 1728146692),
(4719, 52, 'lang_module', 'background_imgage_postion', 'Vị trí', 1728146692),
(4720, 52, 'lang_module', 'margin', 'Margin', 1728146692),
(4721, 52, 'lang_module', 'margin_all', 'Margin all', 1728146692),
(4722, 52, 'lang_module', 'margin_top', 'Margin top', 1728146692),
(4723, 52, 'lang_module', 'margin_bottom', 'Margin bottom', 1728146692),
(4724, 52, 'lang_module', 'margin_left', 'Margin left', 1728146692),
(4725, 52, 'lang_module', 'margin_right', 'Margin right', 1728146692),
(4726, 52, 'lang_module', 'padding', 'Padding', 1728146692),
(4727, 52, 'lang_module', 'padding_all', 'Padding all', 1728146692),
(4728, 52, 'lang_module', 'padding_top', 'Padding top', 1728146692),
(4729, 52, 'lang_module', 'padding_bottom', 'Padding bottom', 1728146692),
(4730, 52, 'lang_module', 'padding_left', 'Padding left', 1728146692),
(4731, 52, 'lang_module', 'padding_right', 'Padding right', 1728146692),
(4732, 52, 'lang_module', 'size', 'Kích thước', 1728146692),
(4733, 52, 'lang_module', 'size_width', 'Rộng', 1728146692),
(4734, 52, 'lang_module', 'size_height', 'Cao', 1728146692),
(4735, 52, 'lang_module', 'link', 'Liên kết', 1728146692),
(4736, 52, 'lang_module', 'header', 'Đầu trang', 1728146692),
(4737, 52, 'lang_module', 'footer', 'Chân trang', 1728146692),
(4738, 52, 'lang_module', 'border', 'Đường viền', 1728146692),
(4739, 52, 'lang_module', 'style', 'Giao diện', 1728146692),
(4740, 52, 'lang_module', 'radius', 'Bo góc', 1728146692),
(4741, 52, 'lang_module', 'heading', 'Tiêu đề', 1728146692),
(4742, 52, 'lang_module', 'customcss', 'CSS tùy chỉnh', 1728146692),
(4743, 52, 'lang_module', 'note', 'Lưu ý: Chỉ nhập giá trị cho những đối tượng muốn thay đổi so với cấu hình giao diện mặc định', 1728146692),
(4744, 52, 'lang_module', 'block_note', 'Thiết lập chung cho các thành phần block (Block giao diện, khối chuyên mục tin tức,...)', 1728146692),
(4745, 52, 'lang_module', 'general_css_note', 'Soạn thảo nội dung css vào đây', 1728146692),
(4746, 52, 'lang_module', 'module_in_menu', 'Các module hiển thị tại menu', 1728146692),
(4747, 52, 'lang_module', 'save', 'Lưu cấu hình', 1728146692),
(4748, 52, 'lang_module', 'exp', 'Ví dụ', 1728146692),
(4749, 52, 'lang_module', 'gfont_note', 'Chọn font tại: <a href=\"https://www.google.com/fonts\" target=\"_blank\" rel=\"nofollow\">https://www.google.com/fonts</a>', 1728146692),
(4750, 53, 'lang_block', 'qr_level', 'Chất lượng hình', 1728146692),
(4751, 53, 'lang_block', 'qr_pixel_per_point', 'Size của QR-code ', 1728146692),
(4752, 53, 'lang_block', 'qr_outer_frame', 'Đường viền của QR-code', 1728146692),
(4753, 53, 'lang_block', 'cominfo_map_yes', 'Bật Google MAP', 1728146692);
INSERT INTO `nv4_language` (`id`, `idfile`, `langtype`, `lang_key`, `lang_vi`, `update_vi`) VALUES
(4754, 53, 'lang_block', 'cominfo_map_no', 'Tắt Google MAP', 1728146692),
(4755, 53, 'lang_block', 'cominfo_mapurl', 'Google MAP Iframe URL', 1728146692),
(4756, 54, 'lang_module', 'general', 'Thiết lập chung', 1728146692),
(4757, 54, 'lang_module', 'allpages', 'Toàn trang', 1728146692),
(4758, 54, 'lang_module', 'content', 'Nội dung', 1728146692),
(4759, 54, 'lang_module', 'block', 'Khối block', 1728146692),
(4760, 54, 'lang_module', 'color', 'Màu chữ', 1728146692),
(4761, 54, 'lang_module', 'font_size', 'Kích thước', 1728146692),
(4762, 54, 'lang_module', 'font_family', 'Phông chữ', 1728146692),
(4763, 54, 'lang_module', 'font_style', 'Kiểu chữ', 1728146692),
(4764, 54, 'lang_module', 'font_style_bold', 'Đậm', 1728146692),
(4765, 54, 'lang_module', 'font_style_italic', 'Nghiêng', 1728146692),
(4766, 54, 'lang_module', 'background', 'Nền', 1728146692),
(4767, 54, 'lang_module', 'background_imgage', 'Đường dẫn ảnh', 1728146692),
(4768, 54, 'lang_module', 'background_imgage_repeat', 'Repeat', 1728146692),
(4769, 54, 'lang_module', 'background_imgage_postion', 'Vị trí', 1728146692),
(4770, 54, 'lang_module', 'margin', 'Margin', 1728146692),
(4771, 54, 'lang_module', 'margin_all', 'Margin all', 1728146692),
(4772, 54, 'lang_module', 'margin_top', 'Margin top', 1728146692),
(4773, 54, 'lang_module', 'margin_bottom', 'Margin bottom', 1728146692),
(4774, 54, 'lang_module', 'margin_left', 'Margin left', 1728146692),
(4775, 54, 'lang_module', 'margin_right', 'Margin right', 1728146692),
(4776, 54, 'lang_module', 'padding', 'Padding', 1728146692),
(4777, 54, 'lang_module', 'padding_all', 'Padding all', 1728146692),
(4778, 54, 'lang_module', 'padding_top', 'Padding top', 1728146692),
(4779, 54, 'lang_module', 'padding_bottom', 'Padding bottom', 1728146692),
(4780, 54, 'lang_module', 'padding_left', 'Padding left', 1728146692),
(4781, 54, 'lang_module', 'padding_right', 'Padding right', 1728146692),
(4782, 54, 'lang_module', 'size', 'Kích thước', 1728146692),
(4783, 54, 'lang_module', 'size_width', 'Rộng', 1728146692),
(4784, 54, 'lang_module', 'size_height', 'Cao', 1728146692),
(4785, 54, 'lang_module', 'link', 'Liên kết', 1728146692),
(4786, 54, 'lang_module', 'header', 'Đầu trang', 1728146692),
(4787, 54, 'lang_module', 'footer', 'Chân trang', 1728146692),
(4788, 54, 'lang_module', 'border', 'Đường viền', 1728146692),
(4789, 54, 'lang_module', 'style', 'Giao diện', 1728146692),
(4790, 54, 'lang_module', 'radius', 'Bo góc', 1728146692),
(4791, 54, 'lang_module', 'heading', 'Tiêu đề', 1728146692),
(4792, 54, 'lang_module', 'customcss', 'CSS tùy chỉnh', 1728146692),
(4793, 54, 'lang_module', 'note', 'Lưu ý: Chỉ nhập giá trị cho những đối tượng muốn thay đổi so với cấu hình giao diện mặc định', 1728146692),
(4794, 54, 'lang_module', 'block_note', 'Thiết lập chung cho các thành phần block (Block giao diện, khối chuyên mục tin tức,...)', 1728146692),
(4795, 54, 'lang_module', 'general_css_note', 'Soạn thảo nội dung css vào đây', 1728146692),
(4796, 54, 'lang_module', 'module_in_menu', 'Các module hiển thị tại menu', 1728146692),
(4797, 54, 'lang_module', 'save', 'Lưu cấu hình', 1728146692),
(4798, 54, 'lang_module', 'exp', 'Ví dụ', 1728146692),
(4799, 54, 'lang_module', 'gfont_note', 'Chọn font tại: <a href=\"https://www.google.com/fonts\" target=\"_blank\" rel=\"nofollow\">https://www.google.com/fonts</a>', 1728146692),
(4800, 55, 'lang_block', 'qr_level', 'Chất lượng hình', 1728146692),
(4801, 55, 'lang_block', 'qr_pixel_per_point', 'Size của QR-code ', 1728146692),
(4802, 55, 'lang_block', 'qr_outer_frame', 'Đường viền của QR-code', 1728146692),
(4803, 55, 'lang_block', 'cominfo_map_yes', 'Bật Google MAP', 1728146692),
(4804, 55, 'lang_block', 'cominfo_map_no', 'Tắt Google MAP', 1728146692),
(4805, 55, 'lang_block', 'cominfo_mapurl', 'Google MAP Iframe URL', 1728146692),
(4806, 56, 'lang_module', 'general', 'Thiết lập chung', 1728146692),
(4807, 56, 'lang_module', 'allpages', 'Toàn trang', 1728146692),
(4808, 56, 'lang_module', 'content', 'Nội dung', 1728146692),
(4809, 56, 'lang_module', 'block', 'Khối block', 1728146692),
(4810, 56, 'lang_module', 'color', 'Màu chữ', 1728146692),
(4811, 56, 'lang_module', 'font_size', 'Kích thước', 1728146692),
(4812, 56, 'lang_module', 'font_family', 'Phông chữ', 1728146692),
(4813, 56, 'lang_module', 'font_style', 'Kiểu chữ', 1728146692),
(4814, 56, 'lang_module', 'font_style_bold', 'Đậm', 1728146692),
(4815, 56, 'lang_module', 'font_style_italic', 'Nghiêng', 1728146692),
(4816, 56, 'lang_module', 'background', 'Nền', 1728146692),
(4817, 56, 'lang_module', 'background_imgage', 'Đường dẫn ảnh', 1728146692),
(4818, 56, 'lang_module', 'background_imgage_repeat', 'Repeat', 1728146692),
(4819, 56, 'lang_module', 'background_imgage_postion', 'Vị trí', 1728146692),
(4820, 56, 'lang_module', 'margin', 'Margin', 1728146692),
(4821, 56, 'lang_module', 'margin_all', 'Margin all', 1728146692),
(4822, 56, 'lang_module', 'margin_top', 'Margin top', 1728146692),
(4823, 56, 'lang_module', 'margin_bottom', 'Margin bottom', 1728146692),
(4824, 56, 'lang_module', 'margin_left', 'Margin left', 1728146692),
(4825, 56, 'lang_module', 'margin_right', 'Margin right', 1728146692),
(4826, 56, 'lang_module', 'padding', 'Padding', 1728146692),
(4827, 56, 'lang_module', 'padding_all', 'Padding all', 1728146692),
(4828, 56, 'lang_module', 'padding_top', 'Padding top', 1728146692),
(4829, 56, 'lang_module', 'padding_bottom', 'Padding bottom', 1728146692),
(4830, 56, 'lang_module', 'padding_left', 'Padding left', 1728146692),
(4831, 56, 'lang_module', 'padding_right', 'Padding right', 1728146692),
(4832, 56, 'lang_module', 'size', 'Kích thước', 1728146692),
(4833, 56, 'lang_module', 'size_width', 'Rộng', 1728146692),
(4834, 56, 'lang_module', 'size_height', 'Cao', 1728146692),
(4835, 56, 'lang_module', 'link', 'Liên kết', 1728146692),
(4836, 56, 'lang_module', 'header', 'Đầu trang', 1728146692),
(4837, 56, 'lang_module', 'footer', 'Chân trang', 1728146692),
(4838, 56, 'lang_module', 'border', 'Đường viền', 1728146692),
(4839, 56, 'lang_module', 'style', 'Giao diện', 1728146692),
(4840, 56, 'lang_module', 'radius', 'Bo góc', 1728146692),
(4841, 56, 'lang_module', 'heading', 'Tiêu đề', 1728146692),
(4842, 56, 'lang_module', 'customcss', 'CSS tùy chỉnh', 1728146692),
(4843, 56, 'lang_module', 'note', 'Lưu ý: Chỉ nhập giá trị cho những đối tượng muốn thay đổi so với cấu hình giao diện mặc định', 1728146692),
(4844, 56, 'lang_module', 'block_note', 'Thiết lập chung cho các thành phần block (Block giao diện, khối chuyên mục tin tức,...)', 1728146692),
(4845, 56, 'lang_module', 'general_css_note', 'Soạn thảo nội dung css vào đây', 1728146692),
(4846, 56, 'lang_module', 'module_in_menu', 'Các module hiển thị tại menu', 1728146692),
(4847, 56, 'lang_module', 'save', 'Lưu cấu hình', 1728146692),
(4848, 56, 'lang_module', 'exp', 'Ví dụ', 1728146692),
(4849, 56, 'lang_module', 'gfont_note', 'Chọn font tại: <a href=\"https://www.google.com/fonts\" target=\"_blank\" rel=\"nofollow\">https://www.google.com/fonts</a>', 1728146692);

-- --------------------------------------------------------

--
-- Table structure for table `nv4_language_file`
--

CREATE TABLE `nv4_language_file` (
  `idfile` mediumint(8) UNSIGNED NOT NULL,
  `module` varchar(50) NOT NULL,
  `admin_file` varchar(200) NOT NULL DEFAULT '0',
  `langtype` varchar(50) NOT NULL DEFAULT 'lang_module',
  `author_vi` text DEFAULT NULL
) ENGINE=MyISAM DEFAULT CHARSET=utf8mb4 COLLATE=utf8mb4_unicode_ci;

--
-- Dumping data for table `nv4_language_file`
--

INSERT INTO `nv4_language_file` (`idfile`, `module`, `admin_file`, `langtype`, `author_vi`) VALUES
(1, 'global', '0', 'lang_global', 'a:5:{s:6:\"author\";s:33:\"VINADES.,JSC <contact@vinades.vn>\";s:10:\"createdate\";s:17:\"04/03/2010, 15:22\";s:9:\"copyright\";s:58:\"@Copyright (C) 2009-2021 VINADES.,JSC. All rights reserved\";s:4:\"info\";s:0:\"\";s:8:\"langtype\";s:11:\"lang_global\";}'),
(2, 'install', '0', 'lang_module', 'a:5:{s:6:\"author\";s:33:\"VINADES.,JSC <contact@vinades.vn>\";s:10:\"createdate\";s:17:\"06/06/2011, 13:55\";s:9:\"copyright\";s:57:\"Copyright (C) 2009-2021 VINADES.,JSC. All rights reserved\";s:4:\"info\";s:0:\"\";s:8:\"langtype\";s:11:\"lang_module\";}'),
(3, 'global', '1', 'lang_global', 'a:5:{s:6:\"author\";s:33:\"VINADES.,JSC <contact@vinades.vn>\";s:10:\"createdate\";s:17:\"04/03/2010, 15:22\";s:9:\"copyright\";s:58:\"@Copyright (C) 2009-2021 VINADES.,JSC. All rights reserved\";s:4:\"info\";s:0:\"\";s:8:\"langtype\";s:11:\"lang_global\";}'),
(4, 'authors', '1', 'lang_module', 'a:5:{s:6:\"author\";s:33:\"VINADES.,JSC <contact@vinades.vn>\";s:10:\"createdate\";s:17:\"04/03/2010, 15:22\";s:9:\"copyright\";s:58:\"@Copyright (C) 2009-2021 VINADES.,JSC. All rights reserved\";s:4:\"info\";s:0:\"\";s:8:\"langtype\";s:11:\"lang_module\";}'),
(5, 'database', '1', 'lang_module', 'a:5:{s:6:\"author\";s:33:\"VINADES.,JSC <contact@vinades.vn>\";s:10:\"createdate\";s:17:\"04/03/2010, 15:22\";s:9:\"copyright\";s:58:\"@Copyright (C) 2009-2021 VINADES.,JSC. All rights reserved\";s:4:\"info\";s:0:\"\";s:8:\"langtype\";s:11:\"lang_module\";}'),
(6, 'extensions', '1', 'lang_module', 'a:5:{s:6:\"author\";s:33:\"VINADES.,JSC <contact@vinades.vn>\";s:10:\"createdate\";s:17:\"04/03/2010, 15:22\";s:9:\"copyright\";s:53:\"@Copyright (C) 2012 VINADES.,JSC. All rights reserved\";s:4:\"info\";s:0:\"\";s:8:\"langtype\";s:11:\"lang_module\";}'),
(7, 'language', '1', 'lang_module', 'a:5:{s:6:\"author\";s:33:\"VINADES.,JSC <contact@vinades.vn>\";s:10:\"createdate\";s:17:\"04/03/2010, 15:22\";s:9:\"copyright\";s:58:\"@Copyright (C) 2009-2021 VINADES.,JSC. All rights reserved\";s:4:\"info\";s:0:\"\";s:8:\"langtype\";s:11:\"lang_module\";}'),
(8, 'modules', '1', 'lang_module', 'a:5:{s:6:\"author\";s:33:\"VINADES.,JSC <contact@vinades.vn>\";s:10:\"createdate\";s:17:\"04/03/2010, 15:22\";s:9:\"copyright\";s:58:\"@Copyright (C) 2009-2021 VINADES.,JSC. All rights reserved\";s:4:\"info\";s:0:\"\";s:8:\"langtype\";s:11:\"lang_module\";}'),
(9, 'seotools', '1', 'lang_module', 'a:5:{s:6:\"author\";s:33:\"VINADES.,JSC <contact@vinades.vn>\";s:10:\"createdate\";s:17:\"04/03/2010, 15:22\";s:9:\"copyright\";s:58:\"@Copyright (C) 2009-2021 VINADES.,JSC. All rights reserved\";s:4:\"info\";s:0:\"\";s:8:\"langtype\";s:11:\"lang_module\";}'),
(10, 'settings', '1', 'lang_module', 'a:5:{s:6:\"author\";s:33:\"VINADES.,JSC <contact@vinades.vn>\";s:10:\"createdate\";s:17:\"04/03/2010, 15:22\";s:9:\"copyright\";s:58:\"@Copyright (C) 2009-2021 VINADES.,JSC. All rights reserved\";s:4:\"info\";s:0:\"\";s:8:\"langtype\";s:11:\"lang_module\";}'),
(11, 'siteinfo', '1', 'lang_module', 'a:5:{s:6:\"author\";s:33:\"VINADES.,JSC <contact@vinades.vn>\";s:10:\"createdate\";s:17:\"04/03/2010, 15:22\";s:9:\"copyright\";s:58:\"@Copyright (C) 2009-2021 VINADES.,JSC. All rights reserved\";s:4:\"info\";s:0:\"\";s:8:\"langtype\";s:11:\"lang_module\";}'),
(12, 'themes', '1', 'lang_module', 'a:5:{s:6:\"author\";s:33:\"VINADES.,JSC <contact@vinades.vn>\";s:10:\"createdate\";s:17:\"04/03/2010, 15:22\";s:9:\"copyright\";s:58:\"@Copyright (C) 2009-2021 VINADES.,JSC. All rights reserved\";s:4:\"info\";s:0:\"\";s:8:\"langtype\";s:11:\"lang_module\";}'),
(13, 'upload', '1', 'lang_module', 'a:5:{s:6:\"author\";s:33:\"VINADES.,JSC <contact@vinades.vn>\";s:10:\"createdate\";s:17:\"04/03/2010, 15:22\";s:9:\"copyright\";s:58:\"@Copyright (C) 2009-2021 VINADES.,JSC. All rights reserved\";s:4:\"info\";s:0:\"\";s:8:\"langtype\";s:11:\"lang_module\";}'),
(14, 'webtools', '1', 'lang_module', 'a:5:{s:6:\"author\";s:33:\"VINADES.,JSC <contact@vinades.vn>\";s:10:\"createdate\";s:17:\"04/03/2010, 15:22\";s:9:\"copyright\";s:58:\"@Copyright (C) 2009-2021 VINADES.,JSC. All rights reserved\";s:4:\"info\";s:0:\"\";s:8:\"langtype\";s:11:\"lang_module\";}'),
(15, 'zalo', '1', 'lang_module', 'a:5:{s:6:\"author\";s:33:\"VINADES.,JSC <contact@vinades.vn>\";s:10:\"createdate\";s:17:\"04/03/2010, 15:22\";s:9:\"copyright\";s:58:\"@Copyright (C) 2009-2021 VINADES.,JSC. All rights reserved\";s:4:\"info\";s:0:\"\";s:8:\"langtype\";s:11:\"lang_module\";}'),
(16, 'banners', '0', 'lang_module', 'a:5:{s:6:\"author\";s:33:\"VINADES.,JSC <contact@vinades.vn>\";s:10:\"createdate\";s:17:\"04/03/2010, 15:22\";s:9:\"copyright\";s:58:\"@Copyright (C) 2009-2021 VINADES.,JSC. All rights reserved\";s:4:\"info\";s:0:\"\";s:8:\"langtype\";s:11:\"lang_module\";}'),
(17, 'banners', '1', 'lang_module', 'a:5:{s:6:\"author\";s:33:\"VINADES.,JSC <contact@vinades.vn>\";s:10:\"createdate\";s:17:\"04/03/2010, 15:22\";s:9:\"copyright\";s:58:\"@Copyright (C) 2009-2021 VINADES.,JSC. All rights reserved\";s:4:\"info\";s:0:\"\";s:8:\"langtype\";s:11:\"lang_module\";}'),
(18, 'comment', '0', 'lang_module', 'a:5:{s:6:\"author\";s:33:\"VINADES.,JSC (contact@vinades.vn)\";s:10:\"createdate\";s:17:\"27/01/2014, 00:08\";s:9:\"copyright\";s:58:\"@Copyright (C) 2009-2021 VINADES.,JSC. All rights reserved\";s:4:\"info\";s:0:\"\";s:8:\"langtype\";s:11:\"lang_module\";}'),
(19, 'comment', '1', 'lang_module', 'a:5:{s:6:\"author\";s:33:\"VINADES.,JSC (contact@vinades.vn)\";s:10:\"createdate\";s:17:\"27/01/2014, 00:08\";s:9:\"copyright\";s:58:\"@Copyright (C) 2009-2021 VINADES.,JSC. All rights reserved\";s:4:\"info\";s:0:\"\";s:8:\"langtype\";s:11:\"lang_module\";}'),
(20, 'contact', '0', 'lang_module', 'a:5:{s:6:\"author\";s:33:\"VINADES.,JSC (contact@vinades.vn)\";s:10:\"createdate\";s:17:\"04/03/2010, 15:22\";s:9:\"copyright\";s:58:\"@Copyright (C) 2009-2021 VINADES.,JSC. All rights reserved\";s:4:\"info\";s:0:\"\";s:8:\"langtype\";s:11:\"lang_module\";}'),
(21, 'contact', '1', 'lang_module', 'a:5:{s:6:\"author\";s:33:\"VINADES.,JSC <contact@vinades.vn>\";s:10:\"createdate\";s:17:\"04/03/2010, 15:22\";s:9:\"copyright\";s:58:\"@Copyright (C) 2009-2021 VINADES.,JSC. All rights reserved\";s:4:\"info\";s:0:\"\";s:8:\"langtype\";s:11:\"lang_module\";}'),
(22, 'feeds', '1', 'lang_module', 'a:5:{s:6:\"author\";s:33:\"VINADES.,JSC (contact@vinades.vn)\";s:10:\"createdate\";s:17:\"04/03/2010, 15:22\";s:9:\"copyright\";s:58:\"@Copyright (C) 2009-2021 VINADES.,JSC. All rights reserved\";s:4:\"info\";s:0:\"\";s:8:\"langtype\";s:11:\"lang_module\";}'),
(23, 'freecontent', '1', 'lang_module', 'a:5:{s:6:\"author\";s:33:\"VINADES.,JSC <contact@vinades.vn>\";s:10:\"createdate\";s:17:\"04/03/2010, 15:22\";s:9:\"copyright\";s:58:\"@Copyright (C) 2009-2021 VINADES.,JSC. All rights reserved\";s:4:\"info\";s:0:\"\";s:8:\"langtype\";s:11:\"lang_module\";}'),
(24, 'freecontent', 'block.global.free_content', 'lang_block', 'a:5:{s:6:\"author\";s:33:\"VINADES.,JSC <contact@vinades.vn>\";s:10:\"createdate\";s:17:\"23/07/2015, 10:34\";s:9:\"copyright\";s:58:\"@Copyright (C) 2009-2021 VINADES.,JSC. All rights reserved\";s:4:\"info\";s:0:\"\";s:8:\"langtype\";s:10:\"lang_block\";}'),
(25, 'menu', '1', 'lang_module', 'a:5:{s:6:\"author\";s:33:\"VINADES.,JSC <contact@vinades.vn>\";s:10:\"createdate\";s:17:\"15/04/2011, 15:22\";s:9:\"copyright\";s:58:\"@Copyright (C) 2009-2021 VINADES.,JSC. All rights reserved\";s:4:\"info\";s:0:\"\";s:8:\"langtype\";s:11:\"lang_module\";}'),
(26, 'music', '0', 'lang_module', 'a:5:{s:6:\"author\";s:33:\"VINADES.,JSC <contact@vinades.vn>\";s:10:\"createdate\";s:17:\"04/03/2010, 15:22\";s:9:\"copyright\";s:58:\"@Copyright (C) 2009-2021 VINADES.,JSC. All rights reserved\";s:4:\"info\";s:0:\"\";s:8:\"langtype\";s:11:\"lang_module\";}'),
(27, 'music', '1', 'lang_module', 'a:5:{s:6:\"author\";s:33:\"VINADES.,JSC <contact@vinades.vn>\";s:10:\"createdate\";s:17:\"04/03/2010, 15:22\";s:9:\"copyright\";s:58:\"@Copyright (C) 2009-2021 VINADES.,JSC. All rights reserved\";s:4:\"info\";s:0:\"\";s:8:\"langtype\";s:11:\"lang_module\";}'),
(28, 'news', '0', 'lang_module', 'a:5:{s:6:\"author\";s:33:\"VINADES.,JSC <contact@vinades.vn>\";s:10:\"createdate\";s:17:\"04/03/2010, 15:22\";s:9:\"copyright\";s:58:\"@Copyright (C) 2009-2021 VINADES.,JSC. All rights reserved\";s:4:\"info\";s:0:\"\";s:8:\"langtype\";s:11:\"lang_module\";}'),
(29, 'news', '1', 'lang_module', 'a:5:{s:6:\"author\";s:33:\"VINADES.,JSC <contact@vinades.vn>\";s:10:\"createdate\";s:17:\"04/03/2010, 15:22\";s:9:\"copyright\";s:58:\"@Copyright (C) 2009-2021 VINADES.,JSC. All rights reserved\";s:4:\"info\";s:0:\"\";s:8:\"langtype\";s:11:\"lang_module\";}'),
(30, 'news', 'block.global.block_category', 'lang_block', 'a:5:{s:6:\"author\";s:33:\"VINADES.,JSC <contact@vinades.vn>\";s:10:\"createdate\";s:17:\"22/06/2010, 09:22\";s:9:\"copyright\";s:58:\"@Copyright (C) 2009-2021 VINADES.,JSC. All rights reserved\";s:4:\"info\";s:0:\"\";s:8:\"langtype\";s:10:\"lang_block\";}'),
(31, 'news', 'block.global.block_groups', 'lang_block', 'a:5:{s:6:\"author\";s:33:\"VINADES.,JSC <contact@vinades.vn>\";s:10:\"createdate\";s:17:\"22/06/2010, 09:22\";s:9:\"copyright\";s:58:\"@Copyright (C) 2009-2021 VINADES.,JSC. All rights reserved\";s:4:\"info\";s:0:\"\";s:8:\"langtype\";s:10:\"lang_block\";}'),
(32, 'news', 'block.global.block_news_cat', 'lang_block', 'a:5:{s:6:\"author\";s:33:\"VINADES.,JSC <contact@vinades.vn>\";s:10:\"createdate\";s:17:\"22/06/2010, 09:22\";s:9:\"copyright\";s:58:\"@Copyright (C) 2009-2021 VINADES.,JSC. All rights reserved\";s:4:\"info\";s:0:\"\";s:8:\"langtype\";s:10:\"lang_block\";}'),
(33, 'news', 'block.global.block_tophits', 'lang_block', 'a:5:{s:6:\"author\";s:33:\"VINADES.,JSC <contact@vinades.vn>\";s:10:\"createdate\";s:17:\"22/06/2010, 09:22\";s:9:\"copyright\";s:58:\"@Copyright (C) 2009-2021 VINADES.,JSC. All rights reserved\";s:4:\"info\";s:0:\"\";s:8:\"langtype\";s:10:\"lang_block\";}'),
(34, 'news', 'block.module.block_headline', 'lang_block', 'a:5:{s:6:\"author\";s:33:\"VINADES.,JSC <contact@vinades.vn>\";s:10:\"createdate\";s:17:\"22/06/2010, 09:22\";s:9:\"copyright\";s:58:\"@Copyright (C) 2009-2021 VINADES.,JSC. All rights reserved\";s:4:\"info\";s:0:\"\";s:8:\"langtype\";s:10:\"lang_block\";}'),
(35, 'news', 'block.module.block_news', 'lang_block', 'a:5:{s:6:\"author\";s:33:\"VINADES.,JSC <contact@vinades.vn>\";s:10:\"createdate\";s:17:\"22/06/2010, 09:22\";s:9:\"copyright\";s:58:\"@Copyright (C) 2009-2021 VINADES.,JSC. All rights reserved\";s:4:\"info\";s:0:\"\";s:8:\"langtype\";s:10:\"lang_block\";}'),
(36, 'news', 'block.module.block_newscenter', 'lang_block', 'a:5:{s:6:\"author\";s:33:\"VINADES.,JSC <contact@vinades.vn>\";s:10:\"createdate\";s:17:\"22/06/2010, 09:22\";s:9:\"copyright\";s:58:\"@Copyright (C) 2009-2021 VINADES.,JSC. All rights reserved\";s:4:\"info\";s:0:\"\";s:8:\"langtype\";s:10:\"lang_block\";}'),
(37, 'page', '0', 'lang_module', 'a:5:{s:6:\"author\";s:33:\"VINADES.,JSC <contact@vinades.vn>\";s:10:\"createdate\";s:17:\"04/03/2010, 15:22\";s:9:\"copyright\";s:58:\"@Copyright (C) 2009-2021 VINADES.,JSC. All rights reserved\";s:4:\"info\";s:0:\"\";s:8:\"langtype\";s:11:\"lang_module\";}'),
(38, 'page', '1', 'lang_module', 'a:5:{s:6:\"author\";s:33:\"VINADES.,JSC <contact@vinades.vn>\";s:10:\"createdate\";s:17:\"04/03/2010, 15:22\";s:9:\"copyright\";s:58:\"@Copyright (C) 2009-2021 VINADES.,JSC. All rights reserved\";s:4:\"info\";s:0:\"\";s:8:\"langtype\";s:11:\"lang_module\";}'),
(39, 'page', 'block.global.html', 'lang_block', 'a:5:{s:6:\"author\";s:33:\"VINADES.,JSC <contact@vinades.vn>\";s:10:\"createdate\";s:17:\"22/06/2010, 09:22\";s:9:\"copyright\";s:58:\"@Copyright (C) 2009-2021 VINADES.,JSC. All rights reserved\";s:4:\"info\";s:0:\"\";s:8:\"langtype\";s:10:\"lang_block\";}'),
(40, 'room', '0', 'lang_module', 'a:5:{s:6:\"author\";s:5:\"tuyen\";s:10:\"createdate\";s:0:\"\";s:9:\"copyright\";s:0:\"\";s:4:\"info\";s:0:\"\";s:8:\"langtype\";s:11:\"lang_module\";}'),
(41, 'room', '1', 'lang_module', 'a:5:{s:6:\"author\";s:33:\"VINADES.,JSC <contact@vinades.vn>\";s:10:\"createdate\";s:17:\"04/03/2010, 15:22\";s:9:\"copyright\";s:58:\"@Copyright (C) 2009-2021 VINADES.,JSC. All rights reserved\";s:4:\"info\";s:0:\"\";s:8:\"langtype\";s:11:\"lang_module\";}'),
(42, 'seek', '0', 'lang_module', 'a:5:{s:6:\"author\";s:33:\"VINADES.,JSC <contact@vinades.vn>\";s:10:\"createdate\";s:17:\"04/03/2010, 15:22\";s:9:\"copyright\";s:58:\"@Copyright (C) 2009-2021 VINADES.,JSC. All rights reserved\";s:4:\"info\";s:0:\"\";s:8:\"langtype\";s:11:\"lang_module\";}'),
(43, 'statistics', '0', 'lang_module', 'a:5:{s:6:\"author\";s:33:\"VINADES.,JSC <contact@vinades.vn>\";s:10:\"createdate\";s:17:\"04/03/2010, 15:22\";s:9:\"copyright\";s:58:\"@Copyright (C) 2009-2021 VINADES.,JSC. All rights reserved\";s:4:\"info\";s:0:\"\";s:8:\"langtype\";s:11:\"lang_module\";}'),
(44, 'statistics', '1', 'lang_module', 'a:5:{s:6:\"author\";s:33:\"VINADES.,JSC <contact@vinades.vn>\";s:10:\"createdate\";s:17:\"04/03/2010, 15:22\";s:9:\"copyright\";s:58:\"@Copyright (C) 2009-2021 VINADES.,JSC. All rights reserved\";s:4:\"info\";s:0:\"\";s:8:\"langtype\";s:11:\"lang_module\";}'),
(45, 'two-step-verification', '0', 'lang_module', 'a:5:{s:6:\"author\";s:33:\"VINADES.,JSC <contact@vinades.vn>\";s:10:\"createdate\";s:17:\"04/03/2010, 15:22\";s:9:\"copyright\";s:58:\"@Copyright (C) 2009-2021 VINADES.,JSC. All rights reserved\";s:4:\"info\";s:0:\"\";s:8:\"langtype\";s:11:\"lang_module\";}'),
(46, 'users', '0', 'lang_module', 'a:5:{s:6:\"author\";s:33:\"VINADES.,JSC <contact@vinades.vn>\";s:10:\"createdate\";s:17:\"04/03/2010, 15:22\";s:9:\"copyright\";s:57:\"Copyright (C) 2009-2021 VINADES.,JSC. All rights reserved\";s:4:\"info\";s:0:\"\";s:8:\"langtype\";s:11:\"lang_module\";}'),
(47, 'users', '1', 'lang_module', 'a:5:{s:6:\"author\";s:33:\"VINADES.,JSC <contact@vinades.vn>\";s:10:\"createdate\";s:17:\"30/05/2010, 23:57\";s:9:\"copyright\";s:57:\"Copyright (C) 2009-2021 VINADES.,JSC. All rights reserved\";s:4:\"info\";s:0:\"\";s:8:\"langtype\";s:11:\"lang_module\";}'),
(48, 'users', 'block.global.login', 'lang_block', 'a:5:{s:6:\"author\";s:33:\"VINADES.,JSC <contact@vinades.vn>\";s:10:\"createdate\";s:17:\"25/04/2016, 17:03\";s:9:\"copyright\";s:57:\"Copyright (C) 2009-2021 VINADES.,JSC. All rights reserved\";s:4:\"info\";s:0:\"\";s:8:\"langtype\";s:10:\"lang_block\";}'),
(49, 'voting', '0', 'lang_module', 'a:5:{s:6:\"author\";s:33:\"VINADES.,JSC <contact@vinades.vn>\";s:10:\"createdate\";s:17:\"04/03/2010, 15:22\";s:9:\"copyright\";s:58:\"@Copyright (C) 2009-2021 VINADES.,JSC. All rights reserved\";s:4:\"info\";s:0:\"\";s:8:\"langtype\";s:11:\"lang_module\";}'),
(50, 'voting', '1', 'lang_module', 'a:5:{s:6:\"author\";s:33:\"VINADES.,JSC <contact@vinades.vn>\";s:10:\"createdate\";s:17:\"04/03/2010, 15:22\";s:9:\"copyright\";s:58:\"@Copyright (C) 2009-2021 VINADES.,JSC. All rights reserved\";s:4:\"info\";s:0:\"\";s:8:\"langtype\";s:11:\"lang_module\";}'),
(51, 'theme_default', '0', 'lang_theme', 'a:5:{s:6:\"author\";s:33:\"VINADES.,JSC <contact@vinades.vn>\";s:10:\"createdate\";s:17:\"05/10/2024, 23:44\";s:9:\"copyright\";s:52:\"Copyright (C) 2024 VINADES.,JSC. All rights reserved\";s:4:\"info\";s:0:\"\";s:8:\"langtype\";s:10:\"lang_theme\";}'),
(52, 'theme_default', '1', 'lang_theme', 'a:5:{s:6:\"author\";s:33:\"VINADES.,JSC <contact@vinades.vn>\";s:10:\"createdate\";s:17:\"05/10/2024, 23:44\";s:9:\"copyright\";s:52:\"Copyright (C) 2024 VINADES.,JSC. All rights reserved\";s:4:\"info\";s:0:\"\";s:8:\"langtype\";s:10:\"lang_theme\";}'),
(53, 'theme_home', '0', 'lang_theme', 'a:5:{s:6:\"author\";s:33:\"VINADES.,JSC <contact@vinades.vn>\";s:10:\"createdate\";s:17:\"05/10/2024, 23:44\";s:9:\"copyright\";s:52:\"Copyright (C) 2024 VINADES.,JSC. All rights reserved\";s:4:\"info\";s:0:\"\";s:8:\"langtype\";s:10:\"lang_theme\";}'),
(54, 'theme_home', '1', 'lang_theme', 'a:5:{s:6:\"author\";s:33:\"VINADES.,JSC <contact@vinades.vn>\";s:10:\"createdate\";s:17:\"05/10/2024, 23:44\";s:9:\"copyright\";s:52:\"Copyright (C) 2024 VINADES.,JSC. All rights reserved\";s:4:\"info\";s:0:\"\";s:8:\"langtype\";s:10:\"lang_theme\";}'),
(55, 'theme_mobile_default', '0', 'lang_theme', 'a:5:{s:6:\"author\";s:33:\"VINADES.,JSC <contact@vinades.vn>\";s:10:\"createdate\";s:17:\"05/10/2024, 23:44\";s:9:\"copyright\";s:52:\"Copyright (C) 2024 VINADES.,JSC. All rights reserved\";s:4:\"info\";s:0:\"\";s:8:\"langtype\";s:10:\"lang_theme\";}'),
(56, 'theme_mobile_default', '1', 'lang_theme', 'a:5:{s:6:\"author\";s:33:\"VINADES.,JSC <contact@vinades.vn>\";s:10:\"createdate\";s:17:\"05/10/2024, 23:44\";s:9:\"copyright\";s:52:\"Copyright (C) 2024 VINADES.,JSC. All rights reserved\";s:4:\"info\";s:0:\"\";s:8:\"langtype\";s:10:\"lang_theme\";}');

-- --------------------------------------------------------

--
-- Table structure for table `nv4_logs`
--

CREATE TABLE `nv4_logs` (
  `id` int(11) NOT NULL,
  `lang` varchar(10) NOT NULL,
  `module_name` varchar(50) NOT NULL,
  `name_key` varchar(255) NOT NULL,
  `note_action` text NOT NULL,
  `link_acess` varchar(255) DEFAULT '',
  `userid` mediumint(8) UNSIGNED NOT NULL,
  `log_time` int(11) NOT NULL
) ENGINE=MyISAM DEFAULT CHARSET=utf8mb4 COLLATE=utf8mb4_unicode_ci;

--
-- Dumping data for table `nv4_logs`
--

INSERT INTO `nv4_logs` (`id`, `lang`, `module_name`, `name_key`, `note_action`, `link_acess`, `userid`, `log_time`) VALUES
(1, 'vi', 'login', '[admin] Đăng nhập', ' Client IP:127.0.0.1', '', 0, 1724657122),
(2, 'vi', 'modules', 'Thiết lập module mới mucsic', '', '', 1, 1724657129),
(3, 'vi', 'modules', 'Sửa module &ldquo;mucsic&rdquo;', '', '', 1, 1724657218),
(4, 'vi', 'modules', 'Thứ tự module: mucsic', '16 -> 1', '', 1, 1724657224),
(5, 'vi', 'login', '[admin] Thoát khỏi tài khoản Quản trị', ' Client IP:127.0.0.1', '', 0, 1724659089),
(6, 'vi', 'login', '[admin] Đăng nhập', ' Client IP:127.0.0.1', '', 0, 1724659308),
(7, 'vi', 'modules', 'Xóa module \"mucsic\"', '', '', 1, 1724660711),
(8, 'vi', 'modules', 'Kích hoạt module \"mucsic\"', 'Có', '', 1, 1724660739),
(9, 'vi', 'modules', 'Cài lại module \"mucsic\"', '', '', 1, 1724660745),
(10, 'vi', 'modules', 'Cài lại module \"mucsic\"', '', '', 1, 1724661168),
(11, 'vi', 'modules', 'Cài lại module \"about\"', '', '', 1, 1724661481),
(12, 'vi', 'modules', 'Thứ tự module: mucsic', '16 -> 1', '', 1, 1724661488),
(13, 'vi', 'modules', 'Cài lại module \"mucsic\"', '', '', 1, 1724661743),
(14, 'vi', 'modules', 'Cài lại module \"mucsic\"', '', '', 1, 1724663034),
(15, 'vi', 'modules', 'Xóa module \"mucsic\"', '', '', 1, 1724663084),
(16, 'vi', 'modules', 'Thiết lập module mới music', '', '', 1, 1724663091),
(17, 'vi', 'modules', 'Sửa module &ldquo;music&rdquo;', '', '', 1, 1724663104),
(18, 'vi', 'modules', 'Thứ tự module: music', '16 -> 1', '', 1, 1724663108),
(19, 'vi', 'modules', 'Thêm module ảo muisic1', '', '', 1, 1724663139),
(20, 'vi', 'modules', 'Thiết lập module mới muisic1', '', '', 1, 1724663167),
(21, 'vi', 'modules', 'Xóa module \"muisic1\"', '', '', 1, 1724663205),
(22, 'vi', 'login', '[admin] Đăng nhập', ' Client IP:127.0.0.1', '', 0, 1724665513),
(23, 'vi', 'login', '[admin] Đăng nhập', ' Client IP:127.0.0.1', '', 0, 1724684543),
(24, 'vi', 'login', '[admin] Thoát khỏi tài khoản Quản trị', ' Client IP:127.0.0.1', '', 0, 1724717814),
(25, 'vi', 'login', '[admin] Đăng nhập', ' Client IP:127.0.0.1', '', 0, 1724720530),
(26, 'vi', 'login', '[admin] Thoát khỏi tài khoản Quản trị', ' Client IP:127.0.0.1', '', 0, 1724722386),
(27, 'vi', 'login', '[admin] Đăng nhập', ' Client IP:127.0.0.1', '', 0, 1724728841),
(28, 'vi', 'login', '[admin] Thoát khỏi tài khoản Quản trị', ' Client IP:127.0.0.1', '', 0, 1724731007),
(29, 'vi', 'login', '[admin] Đăng nhập', ' Client IP:127.0.0.1', '', 0, 1724731300),
(30, 'vi', 'users', '[admin] Đăng nhập theo kiểu thông thường', ' Client IP:127.0.0.1', '', 0, 1724751029),
(31, 'vi', 'login', '[admin] Đăng nhập', ' Client IP:127.0.0.1', '', 0, 1724751050),
(32, 'vi', 'modules', 'Cài lại module \"music\"', '', '', 1, 1724751119),
(33, 'vi', 'login', '[admin] Đăng nhập', ' Client IP:127.0.0.1', '', 0, 1724764811),
(34, 'vi', 'login', '[admin] Thoát khỏi tài khoản Quản trị', ' Client IP:127.0.0.1', '', 0, 1724767323),
(35, 'vi', 'login', '[admin] Đăng nhập', ' Client IP:127.0.0.1', '', 0, 1724767477),
(36, 'vi', 'themes', 'Thiết lập giao diện theme: \"de1\"', '', '', 1, 1724769515),
(37, 'vi', 'themes', 'Kích hoạt theme: \"de1\"', '', '', 1, 1724769517),
(38, 'vi', 'login', '[admin] Thoát khỏi tài khoản Quản trị', ' Client IP:127.0.0.1', '', 0, 1724771883),
(39, 'vi', 'login', '[admin] Đăng nhập', ' Client IP:127.0.0.1', '', 0, 1724772694),
(40, 'vi', 'login', '[admin] Đăng nhập', ' Client IP:127.0.0.1', '', 0, 1724804403),
(41, 'vi', 'login', '[admin] Thoát khỏi tài khoản Quản trị', ' Client IP:127.0.0.1', '', 0, 1724806260),
(42, 'vi', 'login', '[admin] Đăng nhập', ' Client IP:127.0.0.1', '', 0, 1724808148),
(43, 'vi', 'login', '[admin] Thoát khỏi tài khoản Quản trị', ' Client IP:127.0.0.1', '', 0, 1724809981),
(44, 'vi', 'login', '[admin] Đăng nhập', ' Client IP:127.0.0.1', '', 0, 1724810227),
(45, 'vi', 'login', '[admin] Đăng nhập', ' Client IP:127.0.0.1', '', 0, 1724814923),
(46, 'vi', 'login', '[admin] Đăng nhập', ' Client IP:127.0.0.1', '', 0, 1724828608),
(47, 'vi', 'login', '[admin] Đăng nhập', ' Client IP:127.0.0.1', '', 0, 1724835250),
(48, 'vi', 'login', '[admin] Thoát khỏi tài khoản Quản trị', ' Client IP:127.0.0.1', '', 0, 1724837520),
(49, 'vi', 'login', '[admin] Đăng nhập', ' Client IP:127.0.0.1', '', 0, 1724839130),
(50, 'vi', 'login', '[admin] Đăng nhập', ' Client IP:127.0.0.1', '', 0, 1724850182),
(51, 'vi', 'modules', 'Cài lại module \"music\"', '', '', 1, 1724853578),
(52, 'vi', 'login', '[admin] Thoát khỏi tài khoản Quản trị', ' Client IP:127.0.0.1', '', 0, 1724857440),
(53, 'vi', 'login', '[admin] Đăng nhập', ' Client IP:127.0.0.1', '', 0, 1724891668),
(54, 'vi', 'login', '[admin] Thoát khỏi tài khoản Quản trị', ' Client IP:127.0.0.1', '', 0, 1724895359),
(55, 'vi', 'login', '[admin] Đăng nhập', ' Client IP:127.0.0.1', '', 0, 1724896300),
(56, 'vi', 'login', '[admin] Đăng nhập', ' Client IP:127.0.0.1', '', 0, 1724914766),
(57, 'vi', 'login', '[admin] Đăng nhập', ' Client IP:127.0.0.1', '', 0, 1724929210),
(58, 'vi', 'login', '[admin] Đăng nhập', ' Client IP:127.0.0.1', '', 0, 1724940109),
(59, 'vi', 'login', '[admin] Thoát khỏi tài khoản Quản trị', ' Client IP:127.0.0.1', '', 0, 1724945934),
(60, 'vi', 'login', '[admin] Đăng nhập', ' Client IP:127.0.0.1', '', 0, 1724946297),
(61, 'vi', 'login', '[admin] Thoát khỏi tài khoản Quản trị', ' Client IP:127.0.0.1', '', 0, 1724976303),
(62, 'vi', 'login', '[admin] Đăng nhập', ' Client IP:127.0.0.1', '', 0, 1724981224),
(63, 'vi', 'login', '[admin] Đăng nhập', ' Client IP:127.0.0.1', '', 0, 1725000823),
(64, 'vi', 'login', '[admin] Đăng nhập', ' Client IP:127.0.0.1', '', 0, 1725011584),
(65, 'vi', 'users', '[admin] Đăng nhập theo kiểu thông thường', ' Client IP:127.0.0.1', '', 0, 1725027050),
(66, 'vi', 'login', '[admin] Đăng nhập', ' Client IP:127.0.0.1', '', 0, 1725027063),
(67, 'vi', 'login', '[admin] Thoát khỏi tài khoản Quản trị', ' Client IP:127.0.0.1', '', 0, 1725063658),
(68, 'vi', 'login', '[admin] Đăng nhập', ' Client IP:127.0.0.1', '', 0, 1725065120),
(69, 'vi', 'login', '[admin] Đăng nhập', ' Client IP:127.0.0.1', '', 0, 1725070344),
(70, 'vi', 'login', '[admin] Thoát khỏi tài khoản Quản trị', ' Client IP:127.0.0.1', '', 0, 1725072189),
(71, 'vi', 'login', '[admin] Đăng nhập', ' Client IP:127.0.0.1', '', 0, 1725072897),
(72, 'vi', 'login', '[admin] Thoát khỏi tài khoản Quản trị', ' Client IP:127.0.0.1', '', 0, 1725076929),
(73, 'vi', 'login', '[admin] Đăng nhập', ' Client IP:127.0.0.1', '', 0, 1725078811),
(74, 'vi', 'login', '[admin] Đăng nhập', ' Client IP:127.0.0.1', '', 0, 1725090074),
(75, 'vi', 'login', '[admin] Thoát khỏi tài khoản Quản trị', ' Client IP:127.0.0.1', '', 0, 1725092649),
(76, 'vi', 'login', '[admin] Đăng nhập', ' Client IP:127.0.0.1', '', 0, 1725095079),
(77, 'vi', 'login', '[admin] Đăng nhập', ' Client IP:127.0.0.1', '', 0, 1725110854),
(78, 'vi', 'login', '[admin] Thoát khỏi tài khoản Quản trị', ' Client IP:127.0.0.1', '', 0, 1725112665),
(79, 'vi', 'login', '[admin] Đăng nhập', ' Client IP:127.0.0.1', '', 0, 1725112670),
(80, 'vi', 'themes', 'Thêm block', 'Name : a', '', 1, 1725117050),
(81, 'vi', 'modules', 'Kích hoạt module \"about\"', 'Không', '', 1, 1725117240),
(82, 'vi', 'modules', 'Kích hoạt module \"banners\"', 'Không', '', 1, 1725117284),
(83, 'vi', 'modules', 'Kích hoạt module \"about\"', 'Có', '', 1, 1725117292),
(84, 'vi', 'modules', 'Kích hoạt module \"feeds\"', 'Không', '', 1, 1725117294),
(85, 'vi', 'modules', 'Kích hoạt module \"statistics\"', 'Không', '', 1, 1725117308),
(86, 'vi', 'themes', 'Thêm block', 'Name : global bootstrap', '', 1, 1725118782),
(87, 'vi', 'themes', 'Sửa block', 'Name : global bootstrap', '', 1, 1725118827),
(88, 'vi', 'themes', 'Thêm block', 'Name : global metismenu', '', 1, 1725119649),
(89, 'vi', 'themes', 'Sửa block', 'Name : global metismenu', '', 1, 1725119658),
(90, 'vi', 'themes', 'Sửa block', 'Name : global metismenu', '', 1, 1725119695),
(91, 'vi', 'themes', 'Sửa block', 'Name : global metismenu', '', 1, 1725119710),
(92, 'vi', 'login', '[admin] Đăng nhập', ' Client IP:127.0.0.1', '', 0, 1725198644),
(93, 'vi', 'themes', 'Thiết lập giao diện theme: \"web_hotel\"', '', '', 1, 1725198887),
(94, 'vi', 'themes', 'Kích hoạt theme: \"web_hotel\"', '', '', 1, 1725198914),
(95, 'vi', 'themes', 'Thiết lập layout theme: \"web_hotel\"', '', '', 1, 1725199007),
(96, 'vi', 'themes', 'Đóng gói theme module', 'file name : web_hotel_page_news_users_contact_seek_menu_page_comment_page.zip', '', 1, 1725199032),
(97, 'vi', 'themes', 'Đóng gói theme module', 'file name : web_hotel_page_news_users_contact_seek_menu_page_comment_page.zip', '', 1, 1725199037),
(98, 'vi', 'themes', 'Thêm block', 'Name : global contact default', '', 1, 1725201382),
(99, 'vi', 'users', '[admin] Đăng nhập theo kiểu thông thường', ' Client IP:127.0.0.1', '', 0, 1725247943),
(100, 'vi', 'login', '[admin] Đăng nhập', ' Client IP:127.0.0.1', '', 0, 1725247958),
(101, 'vi', 'login', '[admin] Đăng nhập', ' Client IP:127.0.0.1', '', 0, 1725279415),
(102, 'vi', 'login', '[admin] Thoát khỏi tài khoản Quản trị', ' Client IP:127.0.0.1', '', 0, 1725283086),
(103, 'vi', 'login', '[admin] Đăng nhập', ' Client IP:127.0.0.1', '', 0, 1725284081),
(104, 'vi', 'modules', 'Thiết lập module mới room', '', '', 1, 1725284088),
(105, 'vi', 'modules', 'Thứ tự module: room', '17 -> 1', '', 1, 1725284145),
(106, 'vi', 'modules', 'Cài lại module \"room\"', '', '', 1, 1725284963),
(107, 'vi', 'modules', 'Cài lại module \"room\"', '', '', 1, 1725285132),
(108, 'vi', 'login', '[admin] Thoát khỏi tài khoản Quản trị', ' Client IP:127.0.0.1', '', 1, 1725285790),
(109, 'vi', 'login', '[admin] Đăng nhập', ' Client IP:127.0.0.1', '', 0, 1725285801),
(110, 'vi', 'modules', 'Thứ tự module: music', '17 -> 1', '', 1, 1725285806),
(111, 'vi', 'modules', 'Sửa module &ldquo;room&rdquo;', '', '', 1, 1725285920),
(112, 'vi', 'modules', 'Cài lại module \"room\"', '', '', 1, 1725285930),
(113, 'vi', 'modules', 'Kích hoạt module \"music\"', 'Không', '', 1, 1725285956),
(114, 'vi', 'modules', 'Kích hoạt module \"room\"', 'Có', '', 1, 1725285964),
(115, 'vi', 'modules', 'Sửa module &ldquo;room&rdquo;', '', '', 1, 1725285997),
(116, 'vi', 'modules', 'Cài lại module \"room\"', '', '', 1, 1725286000),
(117, 'vi', 'login', '[admin] Đăng nhập', ' Client IP:127.0.0.1', '', 0, 1725290007),
(118, 'vi', 'login', '[admin] Thoát khỏi tài khoản Quản trị', ' Client IP:127.0.0.1', '', 0, 1725293046),
(119, 'vi', 'login', '[admin] Đăng nhập', ' Client IP:127.0.0.1', '', 0, 1725322206),
(120, 'vi', 'modules', 'Xóa module \"music\"', '', '', 1, 1725322238),
(121, 'vi', 'modules', 'Thiết lập module mới music', '', '', 1, 1725322260),
(122, 'vi', 'modules', 'Sửa module &ldquo;music&rdquo;', '', '', 1, 1725322264),
(123, 'vi', 'modules', 'Cài lại module \"room\"', '', '', 1, 1725323357),
(124, 'vi', 'modules', 'Cài lại module \"room\"', '', '', 1, 1725324938),
(125, 'vi', 'login', '[admin] Thoát khỏi tài khoản Quản trị', ' Client IP:127.0.0.1', '', 0, 1725326763),
(126, 'vi', 'login', '[admin] Đăng nhập', ' Client IP:127.0.0.1', '', 0, 1725353406),
(127, 'vi', 'modules', 'Cài lại module \"room\"', '', '', 1, 1725355032),
(128, 'vi', 'modules', 'Thứ tự module: about', '17 -> 1', '', 1, 1725355053),
(129, 'vi', 'modules', 'Kích hoạt module \"music\"', 'Không', '', 1, 1725355069),
(130, 'vi', 'modules', 'Kích hoạt module \"statistics\"', 'Có', '', 1, 1725355077),
(131, 'vi', 'modules', 'Kích hoạt module \"banners\"', 'Có', '', 1, 1725355078),
(132, 'vi', 'modules', 'Kích hoạt module \"feeds\"', 'Có', '', 1, 1725355080),
(133, 'vi', 'modules', 'Thứ tự module: room', '17 -> 1', '', 1, 1725355128),
(134, 'vi', 'login', '[admin] Đăng nhập', ' Client IP:127.0.0.1', '', 0, 1725372311),
(135, 'vi', 'modules', 'Cài lại module \"room\"', '', '', 1, 1725372906),
(136, 'vi', 'modules', 'Thiết lập module mới room', '', '', 1, 1725373737),
(137, 'vi', 'modules', 'Sửa module &ldquo;room&rdquo;', '', '', 1, 1725373741),
(138, 'vi', 'modules', 'Thiết lập module mới room', '', '', 1, 1725373973),
(139, 'vi', 'modules', 'Sửa module &ldquo;room&rdquo;', '', '', 1, 1725373987),
(140, 'vi', 'modules', 'Cài lại module \"room\"', '', '', 1, 1725375270),
(141, 'vi', 'modules', 'Thứ tự module: room', '17 -> 1', '', 1, 1725375276),
(142, 'vi', 'login', '[admin] Thoát khỏi tài khoản Quản trị', ' Client IP:127.0.0.1', '', 0, 1725377103),
(143, 'vi', 'login', '[admin] Đăng nhập', ' Client IP:127.0.0.1', '', 0, 1725412994),
(144, 'vi', 'modules', 'Cài lại module \"room\"', '', '', 1, 1725413005),
(145, 'vi', 'modules', 'Sửa module &ldquo;room&rdquo;', '', '', 1, 1725413069),
(146, 'vi', 'modules', 'Cài lại module \"room\"', '', '', 1, 1725413150),
(147, 'vi', 'modules', 'Cài lại module \"room\"', '', '', 1, 1725413251),
(148, 'vi', 'modules', 'Cài lại module \"room\"', '', '', 1, 1725413338),
(149, 'vi', 'modules', 'Cài lại module \"room\"', '', '', 1, 1725413511),
(150, 'vi', 'modules', 'Cài lại module \"room\"', '', '', 1, 1725414047),
(151, 'vi', 'modules', 'Sửa module &ldquo;music&rdquo;', '', '', 1, 1725414249),
(152, 'vi', 'modules', 'Sửa module &ldquo;room&rdquo;', '', '', 1, 1725414265),
(153, 'vi', 'modules', 'Cài lại module \"room\"', '', '', 1, 1725414277),
(154, 'vi', 'modules', 'Kích hoạt module \"room\"', 'Không', '', 1, 1725414287),
(155, 'vi', 'webtools', 'Dọn dẹp hệ thống', 'clearcache, clearfiletemp, clearerrorlogs, clearip_logs', '', 1, 1725414375),
(156, 'vi', 'modules', 'Cài lại module \"room\"', '', '', 1, 1725414589),
(157, 'vi', 'modules', 'Cài lại module \"room\"', '', '', 1, 1725415420),
(158, 'vi', 'modules', 'Xóa module \"room\"', '', '', 1, 1725415569),
(159, 'vi', 'modules', 'Xóa module \"room\"', '', '', 1, 1725415580),
(160, 'vi', 'modules', 'Sửa module &ldquo;room&rdquo;', '', '', 1, 1725415615),
(161, 'vi', 'modules', 'Cài lại module \"room\"', '', '', 1, 1725415635),
(162, 'vi', 'modules', 'Cài lại module \"music\"', '', '', 1, 1725415639),
(163, 'vi', 'modules', 'Cài lại module \"room\"', '', '', 1, 1725415647),
(164, 'vi', 'modules', 'Thiết lập module mới room', '', '', 1, 1725416322),
(165, 'vi', 'modules', 'Sửa module &ldquo;room&rdquo;', '', '', 1, 1725416324),
(166, 'vi', 'modules', 'Thứ tự module: room', '17 -> 1', '', 1, 1725416333),
(167, 'vi', 'modules', 'Cài lại module \"room\"', '', '', 1, 1725416348),
(168, 'vi', 'modules', 'Cài lại module \"room\"', '', '', 1, 1725417872),
(169, 'vi', 'modules', 'Cài lại module \"room\"', '', '', 1, 1725417902),
(170, 'vi', 'modules', 'Cài lại module \"music\"', '', '', 1, 1725417964),
(171, 'vi', 'modules', 'Cài lại module \"room\"', '', '', 1, 1725418013),
(172, 'vi', 'modules', 'Cài lại module \"room\"', '', '', 1, 1725418040),
(173, 'vi', 'modules', 'Cài lại module \"room\"', '', '', 1, 1725418139),
(174, 'vi', 'modules', 'Cài lại module \"room\"', '', '', 1, 1725418374),
(175, 'vi', 'modules', 'Cài lại module \"room\"', '', '', 1, 1725418529),
(176, 'vi', 'modules', 'Cài lại module \"room\"', '', '', 1, 1725418625),
(177, 'vi', 'modules', 'Cài lại module \"room\"', '', '', 1, 1725418726),
(178, 'vi', 'modules', 'Cài lại module \"room\"', '', '', 1, 1725418842),
(179, 'vi', 'modules', 'Cài lại module \"room\"', '', '', 1, 1725419045),
(180, 'vi', 'modules', 'Cài lại module \"room\"', '', '', 1, 1725419070),
(181, 'vi', 'modules', 'Cài lại module \"room\"', '', '', 1, 1725419139),
(182, 'vi', 'modules', 'Cài lại module \"room\"', '', '', 1, 1725419255),
(183, 'vi', 'modules', 'Cài lại module \"room\"', '', '', 1, 1725419300),
(184, 'vi', 'modules', 'Cài lại module \"room\"', '', '', 1, 1725419382),
(185, 'vi', 'modules', 'Cài lại module \"room\"', '', '', 1, 1725419441),
(186, 'vi', 'modules', 'Cài lại module \"room\"', '', '', 1, 1725419531),
(187, 'vi', 'modules', 'Cài lại module \"room\"', '', '', 1, 1725419551),
(188, 'vi', 'modules', 'Cài lại module \"music\"', '', '', 1, 1725419844),
(189, 'vi', 'modules', 'Cài lại module \"room\"', '', '', 1, 1725419878),
(190, 'vi', 'modules', 'Cài lại module \"room\"', '', '', 1, 1725420107),
(191, 'vi', 'modules', 'Cài lại module \"room\"', '', '', 1, 1725420128),
(192, 'vi', 'login', '[admin] Thoát khỏi tài khoản Quản trị', ' Client IP:127.0.0.1', '', 0, 1725421983),
(193, 'vi', 'login', '[admin] Đăng nhập', ' Client IP:127.0.0.1', '', 0, 1725438143),
(194, 'vi', 'modules', 'Cài lại module \"room\"', '', '', 1, 1725439442),
(195, 'vi', 'modules', 'Cài lại module \"room\"', '', '', 1, 1725439495),
(196, 'vi', 'modules', 'Cài lại module \"room\"', '', '', 1, 1725439505),
(197, 'vi', 'login', '[admin] Thoát khỏi tài khoản Quản trị', ' Client IP:127.0.0.1', '', 0, 1725442443),
(198, 'vi', 'login', '[admin] Đăng nhập', ' Client IP:127.0.0.1', '', 0, 1725442669),
(199, 'vi', 'login', '[admin] Đăng nhập', ' Client IP:127.0.0.1', '', 0, 1725455694),
(200, 'vi', 'login', '[admin] Thoát khỏi tài khoản Quản trị', ' Client IP:127.0.0.1', '', 0, 1725459663),
(201, 'vi', 'login', '[admin] Đăng nhập', ' Client IP:127.0.0.1', '', 0, 1725459758),
(202, 'vi', 'upload', 'Upload file', 'uploads/room/img_999.svg', '', 1, 1725459933),
(203, 'vi', 'upload', 'Upload file', 'uploads/room/img_27079.svg', '', 1, 1725459933),
(204, 'vi', 'upload', 'Upload file', 'uploads/room/img_41622.svg', '', 1, 1725459933),
(205, 'vi', 'upload', 'Upload file', 'uploads/room/img_43553.svg', '', 1, 1725459933),
(206, 'vi', 'upload', 'Upload file', 'uploads/room/img_47816.svg', '', 1, 1725459933),
(207, 'vi', 'upload', 'Upload file', 'uploads/room/img_49949.svg', '', 1, 1725459934),
(208, 'vi', 'upload', 'Upload file', 'uploads/room/img_96423.svg', '', 1, 1725459934),
(209, 'vi', 'login', '[admin] Thoát khỏi tài khoản Quản trị', ' Client IP:127.0.0.1', '', 0, 1725461883),
(210, 'vi', 'login', '[admin] Đăng nhập', ' Client IP:127.0.0.1', '', 0, 1725462255),
(211, 'vi', 'upload', 'Tạo Thư mục', 'uploads/room/images', '', 1, 1725462470),
(212, 'vi', 'upload', 'Tạo Thư mục', 'uploads/room/facilities', '', 1, 1725462493),
(213, 'vi', 'upload', 'Upload file', 'uploads/room/facilities/img_999.svg', '', 1, 1725462503),
(214, 'vi', 'upload', 'Upload file', 'uploads/room/facilities/img_27079.svg', '', 1, 1725462503),
(215, 'vi', 'upload', 'Upload file', 'uploads/room/facilities/img_41622.svg', '', 1, 1725462503),
(216, 'vi', 'upload', 'Upload file', 'uploads/room/facilities/img_43553.svg', '', 1, 1725462503),
(217, 'vi', 'upload', 'Upload file', 'uploads/room/facilities/img_47816.svg', '', 1, 1725462503),
(218, 'vi', 'upload', 'Upload file', 'uploads/room/facilities/img_49949.svg', '', 1, 1725462503),
(219, 'vi', 'upload', 'Upload file', 'uploads/room/facilities/img_96423.svg', '', 1, 1725462503),
(220, 'vi', 'login', '[admin] Thoát khỏi tài khoản Quản trị', ' Client IP:127.0.0.1', '', 0, 1725494449),
(221, 'vi', 'login', '[admin] Đăng nhập', ' Client IP:127.0.0.1', '', 0, 1725498580),
(222, 'vi', 'login', '[admin] Thoát khỏi tài khoản Quản trị', ' Client IP:127.0.0.1', '', 0, 1725502200),
(223, 'vi', 'login', '[admin] Đăng nhập', ' Client IP:127.0.0.1', '', 0, 1725502295),
(224, 'vi', 'upload', 'Upload file', 'uploads/room/images/img_17474.png', '', 1, 1725503478),
(225, 'vi', 'upload', 'Upload file', 'uploads/room/images/img_39782.png', '', 1, 1725503479),
(226, 'vi', 'upload', 'Upload file', 'uploads/room/images/img_42663.png', '', 1, 1725503480),
(227, 'vi', 'upload', 'Upload file', 'uploads/room/images/img_44867.png', '', 1, 1725503481),
(228, 'vi', 'upload', 'Upload file', 'uploads/room/images/img_65019.png', '', 1, 1725503483),
(229, 'vi', 'upload', 'Upload file', 'uploads/room/images/img_67761.png', '', 1, 1725503484),
(230, 'vi', 'upload', 'Upload file', 'uploads/room/images/img_69824.png', '', 1, 1725503485),
(231, 'vi', 'upload', 'Upload file', 'uploads/room/images/img_70583.png', '', 1, 1725503487),
(232, 'vi', 'upload', 'Upload file', 'uploads/room/images/img_78809.png', '', 1, 1725503488),
(233, 'vi', 'upload', 'Upload file', 'uploads/room/images/thumbnail.jpg', '', 1, 1725503489),
(234, 'vi', 'upload', 'Upload file', 'uploads/room/images/1.jpg', '', 1, 1725503490),
(235, 'vi', 'upload', 'Upload file', 'uploads/room/images/img_11892.png', '', 1, 1725503490),
(236, 'vi', 'login', '[admin] Thoát khỏi tài khoản Quản trị', ' Client IP:127.0.0.1', '', 0, 1725507060),
(237, 'vi', 'login', '[admin] Đăng nhập', ' Client IP:127.0.0.1', '', 0, 1725509851),
(238, 'vi', 'login', '[admin] Đăng nhập', ' Client IP:127.0.0.1', '', 0, 1725522739),
(239, 'vi', 'login', '[admin] Thoát khỏi tài khoản Quản trị', ' Client IP:127.0.0.1', '', 0, 1725525540),
(240, 'vi', 'login', '[admin] Đăng nhập', ' Client IP:127.0.0.1', '', 0, 1725525870),
(241, 'vi', 'login', '[admin] Thoát khỏi tài khoản Quản trị', ' Client IP:127.0.0.1', '', 0, 1725529020),
(242, 'vi', 'login', '[admin] Đăng nhập', ' Client IP:127.0.0.1', '', 0, 1725542900),
(243, 'vi', 'login', '[admin] Đăng nhập', ' Client IP:127.0.0.1', '', 0, 1725550862),
(244, 'vi', 'login', '[admin] Thoát khỏi tài khoản Quản trị', ' Client IP:127.0.0.1', '', 0, 1725552720),
(245, 'vi', 'login', '[admin] Đăng nhập', ' Client IP:127.0.0.1', '', 0, 1725586675),
(246, 'vi', 'login', '[admin] Thoát khỏi tài khoản Quản trị', ' Client IP:127.0.0.1', '', 0, 1725588480),
(247, 'vi', 'login', '[admin] Đăng nhập', ' Client IP:127.0.0.1', '', 0, 1725589569),
(248, 'vi', 'login', '[admin] Đăng nhập', ' Client IP:127.0.0.1', '', 0, 1725607134),
(249, 'vi', 'login', '[admin] Đăng nhập', ' Client IP:127.0.0.1', '', 0, 1725609784),
(250, 'vi', 'login', '[admin] Thoát khỏi tài khoản Quản trị', ' Client IP:127.0.0.1', '', 0, 1725611641),
(251, 'vi', 'login', '[admin] Đăng nhập', ' Client IP:127.0.0.1', '', 0, 1725612266),
(252, 'vi', 'modules', 'Cài lại module \"room\"', '', '', 1, 1725612952),
(253, 'vi', 'modules', 'Cài lại module \"room\"', '', '', 1, 1725612978),
(254, 'vi', 'modules', 'Cài lại module \"room\"', '', '', 1, 1725613320),
(255, 'vi', 'modules', 'Cài lại module \"room\"', '', '', 1, 1725613401),
(256, 'vi', 'modules', 'Cài lại module \"room\"', '', '', 1, 1725613420),
(257, 'vi', 'modules', 'Cài lại module \"room\"', '', '', 1, 1725613677),
(258, 'vi', 'login', '[admin] Thoát khỏi tài khoản Quản trị', ' Client IP:127.0.0.1', '', 0, 1725615480),
(259, 'vi', 'login', '[admin] Đăng nhập', ' Client IP:127.0.0.1', '', 0, 1725615497),
(260, 'vi', 'modules', 'Cài lại module \"room\"', '', '', 1, 1725616075),
(261, 'vi', 'login', '[admin] Đăng nhập', ' Client IP:127.0.0.1', '', 0, 1725630034),
(262, 'vi', 'modules', 'Cài lại module \"room\"', '', '', 1, 1725630041),
(263, 'vi', 'modules', 'Cài lại module \"room\"', '', '', 1, 1725630226),
(264, 'vi', 'modules', 'Cài lại module \"room\"', '', '', 1, 1725630436),
(265, 'vi', 'login', '[admin] Đăng nhập', ' Client IP:127.0.0.1', '', 0, 1725675511),
(266, 'vi', 'login', '[admin] Đăng nhập', ' Client IP:127.0.0.1', '', 0, 1725677885),
(267, 'vi', 'login', '[admin] Đăng nhập', ' Client IP:127.0.0.1', '', 0, 1725691413),
(268, 'vi', 'login', '[admin] Thoát khỏi tài khoản Quản trị', ' Client IP:127.0.0.1', '', 0, 1725696177),
(269, 'vi', 'login', '[admin] Đăng nhập', ' Client IP:127.0.0.1', '', 0, 1725696779),
(270, 'vi', 'login', '[admin] Thoát khỏi tài khoản Quản trị', ' Client IP:127.0.0.1', '', 0, 1725700377),
(271, 'vi', 'login', '[admin] Đăng nhập', ' Client IP:127.0.0.1', '', 0, 1725701436),
(272, 'vi', 'login', '[admin] Đăng nhập', ' Client IP:127.0.0.1', '', 0, 1725710410),
(273, 'vi', 'login', '[admin] Thoát khỏi tài khoản Quản trị', ' Client IP:127.0.0.1', '', 0, 1725712317),
(274, 'vi', 'login', '[admin] Đăng nhập', ' Client IP:127.0.0.1', '', 0, 1725712397),
(275, 'vi', 'login', '[admin] Thoát khỏi tài khoản Quản trị', ' Client IP:127.0.0.1', '', 0, 1725717117),
(276, 'vi', 'login', '[admin] Đăng nhập', ' Client IP:127.0.0.1', '', 0, 1725717133),
(277, 'vi', 'login', '[admin] Thoát khỏi tài khoản Quản trị', ' Client IP:127.0.0.1', '', 0, 1725718977),
(278, 'vi', 'login', '[admin] Đăng nhập', ' Client IP:127.0.0.1', '', 0, 1725719352),
(279, 'vi', 'modules', 'Cài lại module \"music\"', '', '', 1, 1725721592),
(280, 'vi', 'modules', 'Kích hoạt module \"music\"', 'Có', '', 1, 1725721598),
(281, 'vi', 'modules', 'Thứ tự module: music', '17 -> 2', '', 1, 1725721629),
(282, 'vi', 'login', '[admin] Đăng nhập', ' Client IP:127.0.0.1', '', 0, 1725760189),
(283, 'vi', 'modules', 'Kích hoạt module \"music\"', 'Không', '', 1, 1725760197),
(284, 'vi', 'login', '[admin] Đăng nhập', ' Client IP:127.0.0.1', '', 0, 1725794979),
(285, 'vi', 'login', '[admin] Thoát khỏi tài khoản Quản trị', ' Client IP:127.0.0.1', '', 1, 1725795012),
(286, 'vi', 'login', '[admin] Đăng nhập', ' Client IP:127.0.0.1', '', 0, 1725795036),
(287, 'vi', 'themes', 'Sửa block', 'Name : global metismenu', '', 1, 1725795098),
(288, 'vi', 'login', '[admin] Đăng nhập', ' Client IP:127.0.0.1', '', 0, 1725804104),
(289, 'vi', 'login', '[admin] Thoát khỏi tài khoản Quản trị', ' Client IP:127.0.0.1', '', 0, 1725806394),
(290, 'vi', 'login', '[admin] Đăng nhập', ' Client IP:127.0.0.1', '', 0, 1725806489),
(291, 'vi', 'login', '[admin] Thoát khỏi tài khoản Quản trị', ' Client IP:127.0.0.1', '', 0, 1725842522),
(292, 'vi', 'login', '[admin] Đăng nhập', ' Client IP:127.0.0.1', '', 0, 1725849585),
(293, 'vi', 'themes', 'Thêm block', 'Name : global bootstrap', '', 1, 1725849746),
(294, 'vi', 'themes', 'Thêm block', 'Name : global about', '', 1, 1725849873),
(295, 'vi', 'themes', 'Thêm block', 'Name : global html', '', 1, 1725849943),
(296, 'vi', 'themes', 'Thêm block', 'Name : global html', '', 1, 1725849990),
(297, 'vi', 'themes', 'Sửa block', 'Name : global html', '', 1, 1725850035),
(298, 'vi', 'themes', 'Sửa block', 'Name : global html', '', 1, 1725850054),
(299, 'vi', 'upload', 'Upload file', 'uploads/logo.png', '', 1, 1725850079),
(300, 'vi', 'themes', 'Sửa block', 'Name : global about', '', 1, 1725850083),
(301, 'vi', 'login', '[admin] Thoát khỏi tài khoản Quản trị', ' Client IP:127.0.0.1', '', 0, 1725852771),
(302, 'vi', 'login', '[admin] Đăng nhập', ' Client IP:127.0.0.1', '', 0, 1725935696),
(303, 'vi', 'login', '[admin] Thoát khỏi tài khoản Quản trị', ' Client IP:127.0.0.1', '', 0, 1725937548),
(304, 'vi', 'login', '[admin] Đăng nhập', ' Client IP:127.0.0.1', '', 0, 1725951782),
(305, 'vi', 'themes', 'Thêm block', 'Name : global welcome', '', 1, 1725952328),
(306, 'vi', 'themes', 'Sửa block', 'Name : Block Welcome', '', 1, 1725952425),
(307, 'vi', 'themes', 'Sửa block', 'Name : Block Welcome', '', 1, 1725954674),
(308, 'vi', 'themes', 'Sửa block', 'Name : Block Welcome', '', 1, 1725954859),
(309, 'vi', 'themes', 'Sửa block', 'Name : Block Welcome', '', 1, 1725955236),
(310, 'vi', 'themes', 'Sửa block', 'Name : Block Welcome', '', 1, 1725955314),
(311, 'vi', 'themes', 'Sửa block', 'Name : Block Welcome', '', 1, 1725956920),
(312, 'vi', 'themes', 'Sửa block', 'Name : Block Welcome', '', 1, 1725957371),
(313, 'vi', 'themes', 'Sửa block', 'Name : Block Welcome', '', 1, 1725957481),
(314, 'vi', 'upload', 'Tạo Thư mục', 'uploads/room/carousel', '', 1, 1725959914),
(315, 'vi', 'themes', 'Sửa block', 'Name : Block Carousel', '', 1, 1725962062),
(316, 'vi', 'themes', 'Sửa block', 'Name : Block Carousel', '', 1, 1725962605),
(317, 'vi', 'login', '[admin] Đăng nhập', ' Client IP:127.0.0.1', '', 0, 1725977251),
(318, 'vi', 'upload', 'Upload file', 'uploads/img_15372.png', '', 1, 1725977311),
(319, 'vi', 'upload', 'Upload file', 'uploads/img_40905.png', '', 1, 1725977312),
(320, 'vi', 'upload', 'Upload file', 'uploads/img_55677.png', '', 1, 1725977312),
(321, 'vi', 'upload', 'Upload file', 'uploads/img_62045.png', '', 1, 1725977313),
(322, 'vi', 'upload', 'Upload file', 'uploads/img_93127.png', '', 1, 1725977314),
(323, 'vi', 'upload', 'Upload file', 'uploads/img_99736.png', '', 1, 1725977315),
(324, 'vi', 'upload', 'Di chuyển', 'uploads/img_93127.png -> uploads/room/carousel/img_93127.png', '', 1, 1725977342),
(325, 'vi', 'upload', 'Di chuyển', 'uploads/img_99736.png -> uploads/room/carousel/img_99736.png', '', 1, 1725977342),
(326, 'vi', 'upload', 'Di chuyển', 'uploads/img_62045.png -> uploads/room/carousel/img_62045.png', '', 1, 1725977342),
(327, 'vi', 'upload', 'Di chuyển', 'uploads/img_55677.png -> uploads/room/carousel/img_55677.png', '', 1, 1725977342),
(328, 'vi', 'upload', 'Di chuyển', 'uploads/img_40905.png -> uploads/room/carousel/img_40905.png', '', 1, 1725977342),
(329, 'vi', 'upload', 'Di chuyển', 'uploads/img_15372.png -> uploads/room/carousel/img_15372.png', '', 1, 1725977342),
(330, 'vi', 'themes', 'Sửa block', 'Name : Block Carousel', '', 1, 1725981091),
(331, 'vi', 'themes', 'Sửa block', 'Name : Block Carousel', '', 1, 1725981445),
(332, 'vi', 'login', '[admin] Thoát khỏi tài khoản Quản trị', ' Client IP:127.0.0.1', '', 0, 1726015290),
(333, 'vi', 'login', '[admin] Đăng nhập', ' Client IP:127.0.0.1', '', 0, 1726015388),
(334, 'vi', 'themes', 'Thiết lập giao diện theme: \"home\"', '', '', 1, 1726020158),
(335, 'vi', 'themes', 'Kích hoạt theme: \"home\"', '', '', 1, 1726020161),
(336, 'vi', 'themes', 'Kích hoạt theme: \"default\"', '', '', 1, 1726020305),
(337, 'vi', 'themes', 'Xóa các thiết lập', 'theme home', '', 1, 1726020316),
(338, 'vi', 'themes', 'Thiết lập layout theme: \"default\"', '', '', 1, 1726020337),
(339, 'vi', 'themes', 'Thêm block', 'Name : global block news owlcarousel feature', '', 1, 1726021260),
(340, 'vi', 'themes', 'Sửa block', 'Name : global block news owlcarousel feature', '', 1, 1726021344),
(341, 'vi', 'themes', 'Thêm block', 'Name : global carousel', '', 1, 1726021721),
(342, 'vi', 'themes', 'Thêm block', 'Name : global about', '', 1, 1726021826),
(343, 'vi', 'users', '[admin] Đăng nhập theo kiểu thông thường', ' Client IP:127.0.0.1', '', 0, 1726043428),
(344, 'vi', 'login', '[admin] Đăng nhập', ' Client IP:127.0.0.1', '', 0, 1726043443),
(345, 'vi', 'users', '[admin] Thoát khỏi tài khoản thành viên', ' Client IP:127.0.0.1', '', 0, 1726061033),
(346, 'vi', 'login', '[admin] Đăng nhập', ' Client IP:127.0.0.1', '', 0, 1726064567),
(347, 'vi', 'login', '[admin] Đăng nhập', ' Client IP:127.0.0.1', '', 0, 1726102995),
(348, 'vi', 'themes', 'Thiết lập giao diện theme: \"home\"', '', '', 1, 1726104076),
(349, 'vi', 'themes', 'enable preview theme', 'home', '', 1, 1726104081),
(350, 'vi', 'themes', 'disable preview theme', 'home', '', 1, 1726104090),
(351, 'vi', 'themes', 'Kích hoạt theme: \"home\"', '', '', 1, 1726104187),
(352, 'vi', 'themes', 'Thiết lập layout theme: \"home\"', '', '', 1, 1726104500),
(353, 'vi', 'login', '[admin] Đăng nhập', ' Client IP:127.0.0.1', '', 0, 1726125134),
(354, 'vi', 'login', '[admin] Đăng nhập', ' Client IP:127.0.0.1', '', 0, 1726149644),
(355, 'vi', 'webtools', 'Dọn dẹp hệ thống', 'clearcache, clearfiletemp, clearerrorlogs, clearip_logs', '', 1, 1726149665),
(356, 'vi', 'themes', 'Thêm block', 'Name : global carousel', '', 1, 1726149692),
(357, 'vi', 'login', '[admin] Thoát khỏi tài khoản Quản trị', ' Client IP:127.0.0.1', '', 0, 1726151986),
(358, 'vi', 'login', '[admin] Đăng nhập', ' Client IP:127.0.0.1', '', 0, 1726152680),
(359, 'vi', 'themes', 'Kích hoạt theme: \"default\"', '', '', 1, 1726152768),
(360, 'vi', 'themes', 'Kích hoạt theme: \"home\"', '', '', 1, 1726152777),
(361, 'vi', 'modules', 'Cài lại module \"room\"', '', '', 1, 1726153023),
(362, 'vi', 'themes', 'Kích hoạt theme: \"default\"', '', '', 1, 1726153270),
(363, 'vi', 'themes', 'Kích hoạt theme: \"home\"', '', '', 1, 1726153277),
(364, 'vi', 'login', '[admin] Đăng nhập', ' Client IP:127.0.0.1', '', 0, 1726187931),
(365, 'vi', 'themes', 'Thêm block', 'Name : global carousel', '', 1, 1726188207),
(366, 'vi', 'login', '[admin] Đăng nhập', ' Client IP:127.0.0.1', '', 0, 1726193668),
(367, 'vi', 'modules', 'Kích hoạt module \"music\"', 'Có', '', 1, 1726198813),
(368, 'vi', 'login', '[admin] Đăng nhập', ' Client IP:127.0.0.1', '', 0, 1726210669),
(369, 'vi', 'login', '[admin] Đăng nhập', ' Client IP:127.0.0.1', '', 0, 1726217586),
(370, 'vi', 'modules', 'Kích hoạt module \"music\"', 'Không', '', 1, 1726218272),
(371, 'vi', 'themes', 'Thêm block', 'Name : global search', '', 1, 1726219648),
(372, 'vi', 'themes', 'Kích hoạt theme: \"default\"', '', '', 1, 1726222009),
(373, 'vi', 'webtools', 'Dọn dẹp hệ thống', 'clearcache, clearfiletemp, clearerrorlogs, clearip_logs', '', 1, 1726222440),
(374, 'vi', 'themes', 'Thêm block', 'Name : global carousel', '', 1, 1726222463),
(375, 'vi', 'themes', 'Thêm block', 'Name : global bootstrap', '', 1, 1726222540),
(376, 'vi', 'webtools', 'Dọn dẹp hệ thống', 'clearcache, clearfiletemp, clearerrorlogs, clearip_logs', '', 1, 1726222556),
(377, 'vi', 'login', '[admin] Đăng nhập', ' Client IP:127.0.0.1', '', 0, 1726235480),
(378, 'vi', 'menu', 'Del row menu', 'Row menu id: 7 of Menu id: 1', '', 1, 1726236461),
(379, 'vi', 'menu', 'Del row menu', 'Row menu id: 6 of Menu id: 1', '', 1, 1726236463),
(380, 'vi', 'menu', 'Delete menu item', 'Item ID 8', '', 1, 1726236479),
(381, 'vi', 'menu', 'Delete menu item', 'Item ID 9', '', 1, 1726236479),
(382, 'vi', 'menu', 'Delete menu item', 'Item ID 10', '', 1, 1726236479),
(383, 'vi', 'menu', 'Delete menu item', 'Item ID 11', '', 1, 1726236479),
(384, 'vi', 'menu', 'Delete menu item', 'Item ID 12', '', 1, 1726236479),
(385, 'vi', 'menu', 'Delete menu item', 'Item ID 13', '', 1, 1726236479),
(386, 'vi', 'menu', 'Delete menu item', 'Item ID 14', '', 1, 1726236479),
(387, 'vi', 'menu', 'Delete menu item', 'Item ID 15', '', 1, 1726236479),
(388, 'vi', 'menu', 'Del row menu', 'Row menu id: 1 of Menu id: 1', '', 1, 1726236479),
(389, 'vi', 'menu', 'Delete menu item', 'Item ID 16', '', 1, 1726236482),
(390, 'vi', 'menu', 'Delete menu item', 'Item ID 17', '', 1, 1726236482),
(391, 'vi', 'menu', 'Delete menu item', 'Item ID 18', '', 1, 1726236482),
(392, 'vi', 'menu', 'Delete menu item', 'Item ID 19', '', 1, 1726236482),
(393, 'vi', 'menu', 'Delete menu item', 'Item ID 20', '', 1, 1726236482),
(394, 'vi', 'menu', 'Delete menu item', 'Item ID 21', '', 1, 1726236482),
(395, 'vi', 'menu', 'Delete menu item', 'Item ID 22', '', 1, 1726236482),
(396, 'vi', 'menu', 'Del row menu', 'Row menu id: 2 of Menu id: 1', '', 1, 1726236482),
(397, 'vi', 'menu', 'Del row menu', 'Row menu id: 3 of Menu id: 1', '', 1, 1726236484),
(398, 'vi', 'menu', 'Del row menu', 'Row menu id: 4 of Menu id: 1', '', 1, 1726236486),
(399, 'vi', 'menu', 'Del row menu', 'Row menu id: 5 of Menu id: 1', '', 1, 1726236488),
(400, 'vi', 'menu', 'Add menu', 'Menu id: 2', '', 1, 1726236517),
(401, 'vi', 'menu', 'Del row menu', 'Row menu id: 32 of Menu id: 2', '', 1, 1726236526),
(402, 'vi', 'menu', 'Del row menu', 'Row menu id: 31 of Menu id: 2', '', 1, 1726236528),
(403, 'vi', 'menu', 'Del row menu', 'Row menu id: 30 of Menu id: 2', '', 1, 1726236530),
(404, 'vi', 'menu', 'Del row menu', 'Row menu id: 29 of Menu id: 2', '', 1, 1726236532),
(405, 'vi', 'menu', 'Del row menu', 'Row menu id: 28 of Menu id: 2', '', 1, 1726236535),
(406, 'vi', 'menu', 'Del row menu', 'Row menu id: 27 of Menu id: 2', '', 1, 1726236536),
(407, 'vi', 'menu', 'Delete menu item', 'Item ID 24', '', 1, 1726236538),
(408, 'vi', 'menu', 'Delete menu item', 'Item ID 25', '', 1, 1726236538),
(409, 'vi', 'menu', 'Delete menu item', 'Item ID 26', '', 1, 1726236538),
(410, 'vi', 'menu', 'Del row menu', 'Row menu id: 23 of Menu id: 2', '', 1, 1726236538),
(411, 'vi', 'menu', 'Add menu', 'Menu id: 3', '', 1, 1726236551),
(412, 'vi', 'menu', 'delete menu id: 2', 'Trang chủ', '', 1, 1726236568),
(413, 'vi', 'menu', 'delete menu id: 3', 'Phòng', '', 1, 1726236570),
(414, 'vi', 'menu', 'Add row menu', 'Row menu id: 33 of Menu id: 1', '', 1, 1726236659),
(415, 'vi', 'menu', 'Add row menu', 'Row menu id: 34 of Menu id: 1', '', 1, 1726236670),
(416, 'vi', 'menu', 'Add row menu', 'Row menu id: 35 of Menu id: 1', '', 1, 1726236696),
(417, 'vi', 'menu', 'Add row menu', 'Row menu id: 36 of Menu id: 1', '', 1, 1726236716),
(418, 'vi', 'menu', 'Add row menu', 'Row menu id: 37 of Menu id: 1', '', 1, 1726236729),
(419, 'vi', 'login', '[admin] Đăng nhập', ' Client IP:127.0.0.1', '', 0, 1726273722),
(420, 'vi', 'login', '[admin] Thoát khỏi tài khoản Quản trị', ' Client IP:127.0.0.1', '', 0, 1726275583),
(421, 'vi', 'login', '[admin] Đăng nhập', ' Client IP:127.0.0.1', '', 0, 1726277564),
(422, 'vi', 'themes', 'Sửa block', 'Name : global carousel', '', 1, 1726278781),
(423, 'vi', 'login', '[admin] Đăng nhập', ' Client IP:127.0.0.1', '', 0, 1726298920),
(424, 'vi', 'menu', 'Del row menu', 'Row menu id: 33 of Menu id: 1', '', 1, 1726298963),
(425, 'vi', 'themes', 'Thêm block', 'Name : global login', '', 1, 1726299279),
(426, 'vi', 'themes', 'Sửa block', 'Name : global login', '', 1, 1726299329),
(427, 'vi', 'themes', 'Sửa block', 'Name : global login', '', 1, 1726299348),
(428, 'vi', 'users', '[admin] Đăng nhập theo kiểu thông thường', ' Client IP:127.0.0.1', '', 0, 1726300993),
(429, 'vi', 'login', '[admin] Đăng nhập', ' Client IP:127.0.0.1', '', 0, 1726301012),
(430, 'vi', 'themes', 'Sửa block', 'Name : Đăng nhập thành viên', '', 1, 1726301141),
(431, 'vi', 'webtools', 'Dọn dẹp hệ thống', 'clearcache, clearfiletemp, clearerrorlogs, clearip_logs', '', 1, 1726301156),
(432, 'vi', 'themes', 'Sửa block', 'Name : Đăng nhập thành viên', '', 1, 1726301450),
(433, 'vi', 'themes', 'Thêm block', 'Name : Dang nhap', '', 1, 1726301525),
(434, 'vi', 'themes', 'Sửa block', 'Name : global bootstrap', '', 1, 1726301836),
(435, 'vi', 'webtools', 'Dọn dẹp hệ thống', 'clearcache, clearfiletemp, clearerrorlogs, clearip_logs', '', 1, 1726301913),
(436, 'vi', 'themes', 'Thêm block', 'Name : global bootstrap', '', 1, 1726301943),
(437, 'vi', 'themes', 'Thêm block', 'Name : global user button', '', 1, 1726302157),
(438, 'vi', 'themes', 'Thêm block', 'Name : global search', '', 1, 1726302735),
(439, 'vi', 'themes', 'Thêm block', 'Name : global search', '', 1, 1726302805),
(440, 'vi', 'webtools', 'Dọn dẹp hệ thống', 'clearcache, clearfiletemp, clearerrorlogs, clearip_logs', '', 1, 1726302846),
(441, 'vi', 'themes', 'Kích hoạt theme: \"home\"', '', '', 1, 1726303141),
(442, 'vi', 'themes', 'Kích hoạt theme: \"default\"', '', '', 1, 1726303148),
(443, 'vi', 'themes', 'Xóa các thiết lập', 'theme home', '', 1, 1726303160),
(444, 'vi', 'themes', 'Thiết lập giao diện theme: \"home\"', '', '', 1, 1726303170),
(445, 'vi', 'themes', 'Kích hoạt theme: \"home\"', '', '', 1, 1726303176),
(446, 'vi', 'themes', 'Thêm block', 'Name : global carousel', '', 1, 1726303204),
(447, 'vi', 'themes', 'Thêm block', 'Name : global search', '', 1, 1726303593),
(448, 'vi', 'themes', 'Thêm block', 'Name : global search', '', 1, 1726303697),
(449, 'vi', 'themes', 'Thêm block', 'Name : global search', '', 1, 1726303731),
(450, 'vi', 'themes', 'Sửa block', 'Name : Menu Site', '', 1, 1726305080),
(451, 'vi', 'themes', 'Sửa block', 'Name : Menu Site', '', 1, 1726305090),
(452, 'vi', 'themes', 'Sửa block', 'Name : Menu Site', '', 1, 1726305100),
(453, 'vi', 'themes', 'Sửa block', 'Name : global search', '', 1, 1726305925),
(454, 'vi', 'themes', 'Sửa block', 'Name : Menu Site', '', 1, 1726306033),
(455, 'vi', 'themes', 'Thêm block', 'Name : global search', '', 1, 1726306218),
(456, 'vi', 'themes', 'Sửa block', 'Name : Menu Site', '', 1, 1726306320),
(457, 'vi', 'themes', 'Sửa block', 'Name : Menu Site', '', 1, 1726306329),
(458, 'vi', 'themes', 'Sửa block', 'Name : Menu Site', '', 1, 1726306336),
(459, 'vi', 'themes', 'Sửa block', 'Name : Menu Site', '', 1, 1726306346),
(460, 'vi', 'themes', 'Thêm block', 'Name : global search', '', 1, 1726306382),
(461, 'vi', 'themes', 'Thêm block', 'Name : global QR code', '', 1, 1726306464),
(462, 'vi', 'themes', 'Sửa block', 'Name : Menu Site', '', 1, 1726307306),
(463, 'vi', 'login', '[admin] Đăng nhập', ' Client IP:127.0.0.1', '', 0, 1726321923),
(464, 'vi', 'themes', 'Sửa block', 'Name : Menu Site', '', 1, 1726322380),
(465, 'vi', 'themes', 'Thêm block', 'Name : global bootstrap', '', 1, 1726324914),
(466, 'vi', 'themes', 'Sửa block', 'Name : global bootstrap', '', 1, 1726324969),
(467, 'vi', 'themes', 'Sửa block', 'Name : global search', '', 1, 1726325908),
(468, 'vi', 'themes', 'Thêm block', 'Name : global carousel', '', 1, 1726326092),
(469, 'vi', 'themes', 'Thêm block', 'Name : global carousel', '', 1, 1726326117),
(470, 'vi', 'themes', 'Thêm block', 'Name : global bootstrap', '', 1, 1726326161),
(471, 'vi', 'themes', 'Thêm block', 'Name : global search', '', 1, 1726326180),
(472, 'vi', 'users', '[admin] Thoát khỏi tài khoản thành viên', ' Client IP:127.0.0.1', '', 0, 1726392531),
(473, 'vi', 'login', '[admin] Đăng nhập', ' Client IP:127.0.0.1', '', 0, 1726405594),
(474, 'vi', 'themes', 'Thêm block', 'Name : global carousel', '', 1, 1726405658),
(475, 'vi', 'themes', 'Thêm block', 'Name : global user button', '', 1, 1726410918),
(476, 'vi', 'themes', 'Thêm block', 'Name : global login', '', 1, 1726411307),
(477, 'vi', 'themes', 'Sửa block', 'Name : global login', '', 1, 1726411372),
(478, 'vi', 'themes', 'Thêm block', 'Name : global search', '', 1, 1726414722),
(479, 'vi', 'themes', 'Sửa block', 'Name : global search', '', 1, 1726414731),
(480, 'vi', 'themes', 'Thêm block', 'Name : global user button', '', 1, 1726414837),
(481, 'vi', 'users', '[admin] Đăng nhập theo kiểu thông thường', ' Client IP:127.0.0.1', '', 0, 1726449177),
(482, 'vi', 'login', '[admin] Đăng nhập', ' Client IP:127.0.0.1', '', 0, 1726450743),
(483, 'vi', 'webtools', 'Dọn dẹp hệ thống', 'clearcache, clearfiletemp, clearerrorlogs, clearip_logs', '', 1, 1726450933),
(484, 'vi', 'webtools', 'Dọn dẹp hệ thống', 'clearcache, clearfiletemp, clearerrorlogs, clearip_logs', '', 1, 1726450939),
(485, 'vi', 'themes', 'Sửa block', 'Name : Contact Default', '', 1, 1726451096),
(486, 'vi', 'themes', 'Sửa block', 'Name : Contact Default', '', 1, 1726451105),
(487, 'vi', 'themes', 'Sửa block', 'Name : Contact Default', '', 1, 1726451112),
(488, 'vi', 'themes', 'Sửa block', 'Name : Contact Default', '', 1, 1726451127),
(489, 'vi', 'themes', 'Sửa block', 'Name : Contact Default', '', 1, 1726451141),
(490, 'vi', 'themes', 'Kích hoạt theme: \"default\"', '', '', 1, 1726451498),
(491, 'vi', 'themes', 'Thêm block', 'Name : global contact default', '', 1, 1726451533),
(492, 'vi', 'themes', 'Thêm block', 'Name : global contact form', '', 1, 1726451574),
(493, 'vi', 'themes', 'Sửa block', 'Name : global contact form', '', 1, 1726451610),
(494, 'vi', 'themes', 'Kích hoạt theme: \"home\"', '', '', 1, 1726451647),
(495, 'vi', 'themes', 'Sửa block', 'Name : Social icon', '', 1, 1726451688),
(496, 'vi', 'themes', 'Kích hoạt theme: \"default\"', '', '', 1, 1726451735),
(497, 'vi', 'themes', 'Xóa các thiết lập', 'theme home', '', 1, 1726451738),
(498, 'vi', 'themes', 'Thiết lập giao diện theme: \"home\"', '', '', 1, 1726451740),
(499, 'vi', 'themes', 'Kích hoạt theme: \"home\"', '', '', 1, 1726451748),
(500, 'vi', 'themes', 'Thêm block', 'Name : global carousel', '', 1, 1726452391),
(501, 'vi', 'themes', 'Sửa block', 'Name : Contact Default', '', 1, 1726452833),
(502, 'vi', 'themes', 'Thêm block', 'Name : global carousel', '', 1, 1726452874),
(503, 'vi', 'themes', 'Thêm block', 'Name : global bootstrap', '', 1, 1726453010),
(504, 'vi', 'themes', 'Sửa block', 'Name : global bootstrap', '', 1, 1726453030),
(505, 'vi', 'themes', 'Kích hoạt theme: \"default\"', '', '', 1, 1726453048),
(506, 'vi', 'login', '[admin] Thoát khỏi tài khoản Quản trị', ' Client IP:127.0.0.1', '', 1, 1726453273),
(507, 'vi', 'login', '[admin] Đăng nhập', ' Client IP:127.0.0.1', '', 0, 1726453285),
(508, 'vi', 'themes', 'Kích hoạt theme: \"home\"', '', '', 1, 1726453290),
(509, 'vi', 'themes', 'Thêm block', 'Name : global search', '', 1, 1726453317),
(510, 'vi', 'themes', 'Thêm block', 'Name : global search', '', 1, 1726453435),
(511, 'vi', 'login', '[admin] Đăng nhập', ' Client IP:127.0.0.1', '', 0, 1726472783),
(512, 'vi', 'themes', 'Sửa block', 'Name : global bootstrap', '', 1, 1726472946),
(513, 'vi', 'themes', 'Sửa block', 'Name : global bootstrap', '', 1, 1726473448),
(514, 'vi', 'upload', 'Upload file', 'uploads/header1.jpg', '', 1, 1726474130),
(515, 'vi', 'themes', 'Thêm block', 'Name : global user button', '', 1, 1726474587),
(516, 'vi', 'themes', 'Sửa block', 'Name : global user button', '', 1, 1726474691),
(517, 'vi', 'themes', 'Sửa block', 'Name : global user button', '', 1, 1726474711),
(518, 'vi', 'themes', 'Thêm block', 'Name : global user button', '', 1, 1726474891),
(519, 'vi', 'themes', 'Thêm block', 'Name : global user button', '', 1, 1726474984),
(520, 'vi', 'themes', 'Thêm block', 'Name : global user button', '', 1, 1726475147),
(521, 'vi', 'themes', 'Thêm block', 'Name : global social', '', 1, 1726475955),
(522, 'vi', 'themes', 'Sửa block', 'Name : global social', '', 1, 1726475973),
(523, 'vi', 'themes', 'Sửa block', 'Name : global social', '', 1, 1726475983),
(524, 'vi', 'themes', 'Sửa block', 'Name : global social', '', 1, 1726475992),
(525, 'vi', 'themes', 'Sửa block', 'Name : global social', '', 1, 1726476084),
(526, 'vi', 'login', '[admin] Thoát khỏi tài khoản Quản trị', ' Client IP:127.0.0.1', '', 1, 1726476456),
(527, 'vi', 'users', '[admin] Đăng nhập theo kiểu thông thường', ' Client IP:127.0.0.1', '', 0, 1726476638),
(528, 'vi', 'login', '[admin] Đăng nhập', ' Client IP:127.0.0.1', '', 0, 1726476660),
(529, 'vi', 'users', '[admin] Thoát khỏi tài khoản thành viên', ' Client IP:127.0.0.1', '', 0, 1726493386),
(530, 'vi', 'login', '[admin] Đăng nhập', ' Client IP:127.0.0.1', '', 0, 1726493680),
(531, 'vi', 'themes', 'Sửa block', 'Name : global carousel', '', 1, 1726495709),
(532, 'vi', 'users', '[admin] Đăng nhập theo kiểu thông thường', ' Client IP:127.0.0.1', '', 0, 1726534718),
(533, 'vi', 'login', '[admin] Đăng nhập', ' Client IP:127.0.0.1', '', 0, 1726534727),
(534, 'vi', 'themes', 'Thêm block', 'Name : global carousel', '', 1, 1726534745),
(535, 'vi', 'themes', 'Thêm block', 'Name : global user button', '', 1, 1726538703),
(536, 'vi', 'themes', 'Thêm block', 'Name : global user button', '', 1, 1726540315),
(537, 'vi', 'login', '[admin] Thoát khỏi tài khoản Quản trị', ' Client IP:127.0.0.1', '', 0, 1726546664),
(538, 'vi', 'login', '[admin] Đăng nhập', ' Client IP:127.0.0.1', '', 0, 1726557147),
(539, 'vi', 'themes', 'Sửa block', 'Name : global bootstrap', '', 1, 1726558483),
(540, 'vi', 'menu', 'Add row menu', 'Row menu id: 38 of Menu id: 1', '', 1, 1726559322),
(541, 'vi', 'menu', 'Edit row menu', 'Row menu id: 38', '', 1, 1726559341),
(542, 'vi', 'menu', 'Change weight row menu', 'Row menu id: 38, new weight: 1', '', 1, 1726559344),
(543, 'vi', 'menu', 'Edit row menu', 'Row menu id: 38', '', 1, 1726559648),
(544, 'vi', 'menu', 'Edit row menu', 'Row menu id: 35', '', 1, 1726559677),
(545, 'vi', 'themes', 'Sửa block', 'Name : global bootstrap', '', 1, 1726560694),
(546, 'vi', 'login', '[admin] Đăng nhập', ' Client IP:127.0.0.1', '', 0, 1726579381),
(547, 'vi', 'themes', 'Thêm block', 'Name : global room', '', 1, 1726582920),
(548, 'vi', 'themes', 'Thêm block', 'Name : global room', '', 1, 1726583458),
(549, 'vi', 'menu', 'Edit row menu', 'Row menu id: 34', '', 1, 1726584410),
(550, 'vi', 'menu', 'Add row menu', 'Row menu id: 39 of Menu id: 1', '', 1, 1726584432),
(551, 'vi', 'menu', 'Del row menu', 'Row menu id: 39 of Menu id: 1', '', 1, 1726584440),
(552, 'vi', 'menu', 'Edit row menu', 'Row menu id: 35', '', 1, 1726584446),
(553, 'vi', 'themes', 'Sửa block', 'Name : global room', '', 1, 1726584474),
(554, 'vi', 'themes', 'Thêm block', 'Name : global carousel', '', 1, 1726585187),
(555, 'vi', 'themes', 'Sửa block', 'Name : global carousel', '', 1, 1726585627),
(556, 'vi', 'themes', 'Thêm block', 'Name : global carousel', '', 1, 1726585715),
(557, 'vi', 'themes', 'Sửa block', 'Name : global room', '', 1, 1726585760),
(558, 'vi', 'themes', 'Sửa block', 'Name : global room', '', 1, 1726585775),
(559, 'vi', 'themes', 'Thêm block', 'Name : global room', '', 1, 1726585807),
(560, 'vi', 'themes', 'Sửa block', 'Name : global room', '', 1, 1726586211),
(561, 'vi', 'themes', 'Sửa block', 'Name : global room', '', 1, 1726586366),
(562, 'vi', 'webtools', 'Dọn dẹp hệ thống', 'clearcache, clearfiletemp, clearerrorlogs, clearip_logs', '', 1, 1726586378),
(563, 'vi', 'themes', 'Sửa block', 'Name : global room', '', 1, 1726586390),
(564, 'vi', 'themes', 'Sửa block', 'Name : global room', '', 1, 1726587416),
(565, 'vi', 'themes', 'Sửa block', 'Name : global room', '', 1, 1726587575),
(566, 'vi', 'themes', 'Sửa block', 'Name : global room', '', 1, 1726587843),
(567, 'vi', 'themes', 'Sửa block', 'Name : global room', '', 1, 1726587862),
(568, 'vi', 'themes', 'Thêm block', 'Name : global welcome', '', 1, 1726587899),
(569, 'vi', 'login', '[admin] Đăng nhập', ' Client IP:127.0.0.1', '', 0, 1726625137),
(570, 'vi', 'themes', 'Sửa block', 'Name : global room', '', 1, 1726625374),
(571, 'vi', 'themes', 'Sửa block', 'Name : global room', '', 1, 1726627854),
(572, 'vi', 'themes', 'Thêm block', 'Name : global room', '', 1, 1726628719),
(573, 'vi', 'themes', 'Sửa block', 'Name : global room', '', 1, 1726628727),
(574, 'vi', 'themes', 'Thêm block', 'Name : global room', '', 1, 1726628744),
(575, 'vi', 'themes', 'Thêm block', 'Name : global room', '', 1, 1726628756),
(576, 'vi', 'modules', 'Cài lại module \"room\"', '', '', 1, 1726630725),
(577, 'vi', 'login', '[admin] Đăng nhập', ' Client IP:127.0.0.1', '', 0, 1726643959),
(578, 'vi', 'themes', 'Sửa block', 'Name : global room', '', 1, 1726646169),
(579, 'vi', 'themes', 'Sửa block', 'Name : global room', '', 1, 1726647334),
(580, 'vi', 'login', '[admin] Đăng nhập', ' Client IP:127.0.0.1', '', 0, 1726651026),
(581, 'vi', 'login', '[admin] Đăng nhập', ' Client IP:127.0.0.1', '', 0, 1726666016),
(582, 'vi', 'login', '[admin] Đăng nhập', ' Client IP:127.0.0.1', '', 0, 1726675567),
(583, 'vi', 'login', '[admin] Đăng nhập', ' Client IP:127.0.0.1', '', 0, 1726706598),
(584, 'vi', 'users', '[admin] Đăng nhập theo kiểu thông thường', ' Client IP:127.0.0.1', '', 0, 1726709982),
(585, 'vi', 'login', '[admin] Đăng nhập', ' Client IP:127.0.0.1', '', 0, 1726712497),
(586, 'vi', 'webtools', 'Dọn dẹp hệ thống', 'clearcache, clearfiletemp, clearerrorlogs, clearip_logs', '', 1, 1726712629),
(587, 'vi', 'themes', 'Thêm block', 'Name : global facilities', '', 1, 1726712655),
(588, 'vi', 'themes', 'Sửa block', 'Name : global facilities', '', 1, 1726712953),
(589, 'vi', 'themes', 'Sửa block', 'Name : global facilities', '', 1, 1726713188),
(590, 'vi', 'webtools', 'Dọn dẹp hệ thống', 'clearcache, clearfiletemp, clearerrorlogs, clearip_logs', '', 1, 1726713782),
(591, 'vi', 'themes', 'Sửa block', 'Name : global facilities', '', 1, 1726713794),
(592, 'vi', 'themes', 'Sửa block', 'Name : global facilities', '', 1, 1726713857),
(593, 'vi', 'themes', 'Thêm block', 'Name : global facilities', '', 1, 1726714875),
(594, 'vi', 'themes', 'Thêm block', 'Name : global facilities', '', 1, 1726714893),
(595, 'vi', 'themes', 'Thêm block', 'Name : global facilities', '', 1, 1726714909),
(596, 'vi', 'themes', 'Thêm block', 'Name : global facilities', '', 1, 1726714934),
(597, 'vi', 'webtools', 'Dọn dẹp hệ thống', 'clearcache, clearfiletemp, clearerrorlogs, clearip_logs', '', 1, 1726714968),
(598, 'vi', 'themes', 'Thêm block', 'Name : global facilities', '', 1, 1726714987);
INSERT INTO `nv4_logs` (`id`, `lang`, `module_name`, `name_key`, `note_action`, `link_acess`, `userid`, `log_time`) VALUES
(599, 'vi', 'themes', 'Sửa block', 'Name : global facilities', '', 1, 1726715014),
(600, 'vi', 'themes', 'Thêm block', 'Name : global contact default', '', 1, 1726715378),
(601, 'vi', 'themes', 'Sửa block', 'Name : global contact default', '', 1, 1726715395),
(602, 'vi', 'themes', 'Sửa block', 'Name : global contact default', '', 1, 1726715409),
(603, 'vi', 'users', '[admin] Thoát khỏi tài khoản thành viên', ' Client IP:127.0.0.1', '', 0, 1726720841),
(604, 'vi', 'login', '[admin] Đăng nhập', ' Client IP:127.0.0.1', '', 0, 1726729974),
(605, 'vi', 'login', '[admin] Đăng nhập', ' Client IP:127.0.0.1', '', 0, 1726734981),
(606, 'vi', 'modules', 'Sửa module &ldquo;room&rdquo;', '', '', 1, 1726735205),
(607, 'vi', 'themes', 'Thêm block', 'Name : global contact default', '', 1, 1726736644),
(608, 'vi', 'themes', 'Sửa block', 'Name : global contact default', '', 1, 1726736659),
(609, 'vi', 'themes', 'Sửa block', 'Name : global contact default', '', 1, 1726736667),
(610, 'vi', 'themes', 'Sửa block', 'Name : global contact default', '', 1, 1726736676),
(611, 'vi', 'themes', 'Sửa block', 'Name : global contact default', '', 1, 1726736690),
(612, 'vi', 'themes', 'Thêm block', 'Name : global contact default', '', 1, 1726738515),
(613, 'vi', 'themes', 'Sửa block', 'Name : global contact default', '', 1, 1726738531),
(614, 'vi', 'login', '[admin] Đăng nhập', ' Client IP:127.0.0.1', '', 0, 1726750361),
(615, 'vi', 'themes', 'Sửa block', 'Name : global contact default', '', 1, 1726750381),
(616, 'vi', 'webtools', 'Dọn dẹp hệ thống', 'clearcache, clearfiletemp, clearerrorlogs, clearip_logs', '', 1, 1726751969),
(617, 'vi', 'webtools', 'Dọn dẹp hệ thống', 'clearcache, clearfiletemp, clearerrorlogs, clearip_logs', '', 1, 1726752130),
(618, 'vi', 'themes', 'Thêm block', 'Name : global contact', '', 1, 1726752240),
(619, 'vi', 'themes', 'Thêm block', 'Name : global menu footer', '', 1, 1726753658),
(620, 'vi', 'themes', 'Sửa block', 'Name : global menu footer', '', 1, 1726753674),
(621, 'vi', 'themes', 'Sửa block', 'Name : global menu footer', '', 1, 1726753700),
(622, 'vi', 'themes', 'Thêm block', 'Name : global menu footer', '', 1, 1726753936),
(623, 'vi', 'themes', 'Sửa block', 'Name : global menu footer', '', 1, 1726753996),
(624, 'vi', 'login', '[admin] Đăng nhập', ' Client IP:127.0.0.1', '', 0, 1726758690),
(625, 'vi', 'themes', 'Thêm block', 'Name : global contact', '', 1, 1726760380),
(626, 'vi', 'themes', 'Sửa block', 'Name : global contact', '', 1, 1726760389),
(627, 'vi', 'login', '[admin] Đăng nhập', ' Client IP:127.0.0.1', '', 0, 1726802589),
(628, 'vi', 'login', '[admin] Thoát khỏi tài khoản Quản trị', ' Client IP:127.0.0.1', '', 0, 1726808572),
(629, 'vi', 'login', '[admin] Đăng nhập', ' Client IP:127.0.0.1', '', 0, 1726815432),
(630, 'vi', 'themes', 'Thêm block', 'Name : global user button', '', 1, 1726816837),
(631, 'vi', 'login', '[admin] Thoát khỏi tài khoản Quản trị', ' Client IP:127.0.0.1', '', 1, 1726816859),
(632, 'vi', 'login', '[admin] Đăng nhập', ' Client IP:127.0.0.1', '', 0, 1726816971),
(633, 'vi', 'themes', 'Sửa block', 'Name : global user button', '', 1, 1726817061),
(634, 'vi', 'themes', 'Sửa block', 'Name : global user button', '', 1, 1726817195),
(635, 'vi', 'themes', 'Thêm block', 'Name : global user button', '', 1, 1726817382),
(636, 'vi', 'themes', 'Thêm block', 'Name : global user button', '', 1, 1726817621),
(637, 'vi', 'themes', 'Sửa block', 'Name : global user button', '', 1, 1726819440),
(638, 'vi', 'themes', 'Sửa block', 'Name : global user button', '', 1, 1726819526),
(639, 'vi', 'login', '[admin] Thoát khỏi tài khoản Quản trị', ' Client IP:127.0.0.1', '', 1, 1726820899),
(640, 'vi', 'users', '[admin] Đăng nhập theo kiểu thông thường', ' Client IP:127.0.0.1', '', 0, 1726821034),
(641, 'vi', 'users', '[admin] Thoát khỏi tài khoản thành viên', ' Client IP:127.0.0.1', '', 1, 1726821072),
(642, 'vi', 'login', '[admin] Đăng nhập', ' Client IP:127.0.0.1', '', 0, 1726821364),
(643, 'vi', 'login', '[admin] Thoát khỏi tài khoản Quản trị', ' Client IP:127.0.0.1', '', 1, 1726821635),
(644, 'vi', 'users', '[admin] Đăng nhập theo kiểu thông thường', ' Client IP:127.0.0.1', '', 0, 1726821696),
(645, 'vi', 'users', '[admin] Thoát khỏi tài khoản thành viên', ' Client IP:127.0.0.1', '', 1, 1726822732),
(646, 'vi', 'users', '[admin] Đăng nhập theo kiểu thông thường', ' Client IP:127.0.0.1', '', 0, 1726823895),
(647, 'vi', 'users', '[admin] Thoát khỏi tài khoản thành viên', ' Client IP:127.0.0.1', '', 1, 1726824079),
(648, 'vi', 'users', '[admin] Đăng nhập theo kiểu thông thường', ' Client IP:127.0.0.1', '', 0, 1726824112),
(649, 'vi', 'users', '[admin] Thoát khỏi tài khoản thành viên', ' Client IP:127.0.0.1', '', 1, 1726825877),
(650, 'vi', 'users', '[admin] Đăng nhập theo kiểu thông thường', ' Client IP:127.0.0.1', '', 0, 1726826133),
(651, 'vi', 'users', '[admin] Thoát khỏi tài khoản thành viên', ' Client IP:127.0.0.1', '', 1, 1726826689),
(652, 'vi', 'users', '[admin] Đăng nhập theo kiểu thông thường', ' Client IP:127.0.0.1', '', 0, 1726826838),
(653, 'vi', 'login', '[admin] Đăng nhập', ' Client IP:127.0.0.1', '', 0, 1726836844),
(654, 'vi', 'users', '[admin] Thoát khỏi tài khoản thành viên', ' Client IP:127.0.0.1', '', 1, 1726838692),
(655, 'vi', 'login', '[admin] Đăng nhập', ' Client IP:127.0.0.1', '', 0, 1726840768),
(656, 'vi', 'themes', 'Kích hoạt theme: \"default\"', '', '', 1, 1726841793),
(657, 'vi', 'themes', 'Kích hoạt theme: \"home\"', '', '', 1, 1726842104),
(658, 'vi', 'themes', 'Sửa block', 'Name : global bootstrap', '', 1, 1726842176),
(659, 'vi', 'themes', 'Sửa block', 'Name : global bootstrap', '', 1, 1726842196),
(660, 'vi', 'themes', 'Sửa block', 'Name : global menu footer', '', 1, 1726842290),
(661, 'vi', 'themes', 'Sửa block', 'Name : global menu footer', '', 1, 1726843285),
(662, 'vi', 'themes', 'Sửa block', 'Name : global contact', '', 1, 1726843685),
(663, 'vi', 'themes', 'Thêm block', 'Name : global social', '', 1, 1726843870),
(664, 'vi', 'themes', 'Sửa block', 'Name : global social', '', 1, 1726844188),
(665, 'vi', 'webtools', 'Dọn dẹp hệ thống', 'clearcache, clearfiletemp, clearerrorlogs, clearip_logs', '', 1, 1726844720),
(666, 'vi', 'webtools', 'Dọn dẹp hệ thống', 'clearcache, clearfiletemp, clearerrorlogs, clearip_logs', '', 1, 1726844731),
(667, 'vi', 'themes', 'Thêm block', 'Name : global copyright', '', 1, 1726844895),
(668, 'vi', 'themes', 'Sửa block', 'Name : global copyright', '', 1, 1726844905),
(669, 'vi', 'login', '[admin] Thoát khỏi tài khoản Quản trị', ' Client IP:127.0.0.1', '', 0, 1726886217),
(670, 'vi', 'login', '[admin] Đăng nhập', ' Client IP:127.0.0.1', '', 0, 1726888000),
(671, 'vi', 'login', '[admin] Thoát khỏi tài khoản Quản trị', ' Client IP:127.0.0.1', '', 0, 1726889809),
(672, 'vi', 'login', '[admin] Đăng nhập', ' Client IP:127.0.0.1', '', 0, 1726889910),
(673, 'vi', 'login', '[admin] Đăng nhập', ' Client IP:127.0.0.1', '', 0, 1726906091),
(674, 'vi', 'webtools', 'Dọn dẹp hệ thống', 'clearcache, clearfiletemp, clearerrorlogs, clearip_logs', '', 1, 1726907505),
(675, 'vi', 'themes', 'Thêm block', 'Name : global html', '', 1, 1726907648),
(676, 'vi', 'themes', 'Sửa block', 'Name : global html', '', 1, 1726907662),
(677, 'vi', 'themes', 'Sửa block', 'Name : global html', '', 1, 1726907679),
(678, 'vi', 'themes', 'Sửa block', 'Name : global html', '', 1, 1726907689),
(679, 'vi', 'themes', 'Sửa block', 'Name : global html', '', 1, 1726907790),
(680, 'vi', 'themes', 'Sửa block', 'Name : global html', '', 1, 1726907802),
(681, 'vi', 'themes', 'Sửa block', 'Name : global html', '', 1, 1726907871),
(682, 'vi', 'themes', 'Thêm block', 'Name : global about', '', 1, 1726907948),
(683, 'vi', 'themes', 'Sửa block', 'Name : global about', '', 1, 1726907961),
(684, 'vi', 'themes', 'Sửa block', 'Name : global page list', '', 1, 1726907987),
(685, 'vi', 'themes', 'Sửa block', 'Name : global page list', '', 1, 1726908062),
(686, 'vi', 'themes', 'Sửa block', 'Name : global html', '', 1, 1726908123),
(687, 'vi', 'themes', 'Sửa block', 'Name : global html', '', 1, 1726908283),
(688, 'vi', 'themes', 'Sửa block', 'Name : global html', '', 1, 1726908357),
(689, 'vi', 'themes', 'Sửa block', 'Name : global html', '', 1, 1726908366),
(690, 'vi', 'themes', 'Sửa block', 'Name : global html', '', 1, 1726908503),
(691, 'vi', 'themes', 'Sửa block', 'Name : global html', '', 1, 1726908538),
(692, 'vi', 'themes', 'Sửa block', 'Name : global html', '', 1, 1726908617),
(693, 'vi', 'login', '[admin] Thoát khỏi tài khoản Quản trị', ' Client IP:127.0.0.1', '', 0, 1726922410),
(694, 'vi', 'login', '[admin] Đăng nhập', ' Client IP:127.0.0.1', '', 0, 1726922567),
(695, 'vi', 'themes', 'Thêm block', 'Name : global bootstrap', '', 1, 1726922595),
(696, 'vi', 'themes', 'Sửa block', 'Name : global bootstrap', '', 1, 1726922606),
(697, 'vi', 'themes', 'Thêm block', 'Name : global social', '', 1, 1726922627),
(698, 'vi', 'themes', 'Thêm block', 'Name : global html', '', 1, 1726922824),
(699, 'vi', 'themes', 'Sửa block', 'Name : global html', '', 1, 1726922854),
(700, 'vi', 'login', '[admin] Đăng nhập', ' Client IP:127.0.0.1', '', 0, 1726992696),
(701, 'vi', 'login', '[admin] Đăng nhập', ' Client IP:127.0.0.1', '', 0, 1727013315),
(702, 'vi', 'themes', 'Kích hoạt theme: \"default\"', '', '', 1, 1727013321),
(703, 'vi', 'themes', 'Kích hoạt theme: \"home\"', '', '', 1, 1727013402),
(704, 'vi', 'login', '[admin] Thoát khỏi tài khoản Quản trị', ' Client IP:127.0.0.1', '', 0, 1727015209),
(705, 'vi', 'login', '[admin] Đăng nhập', ' Client IP:127.0.0.1', '', 0, 1727055671),
(706, 'vi', 'login', '[admin] Đăng nhập', ' Client IP:127.0.0.1', '', 0, 1727059392),
(707, 'vi', 'themes', 'Sửa block', 'Name : global search', '', 1, 1727059411),
(708, 'vi', 'themes', 'Sửa block', 'Name : global room', '', 1, 1727059419),
(709, 'vi', 'themes', 'Sửa block', 'Name : global carousel', '', 1, 1727059437),
(710, 'vi', 'themes', 'Sửa block', 'Name : global room', '', 1, 1727059448),
(711, 'vi', 'themes', 'Sửa block', 'Name : global facilities', '', 1, 1727059459),
(712, 'vi', 'themes', 'Sửa block', 'Name : global facilities', '', 1, 1727059469),
(713, 'vi', 'themes', 'Sửa block', 'Name : global facilities', '', 1, 1727059476),
(714, 'vi', 'themes', 'Sửa block', 'Name : global facilities', '', 1, 1727059483),
(715, 'vi', 'themes', 'Sửa block', 'Name : global facilities', '', 1, 1727059492),
(716, 'vi', 'themes', 'Sửa block', 'Name : global contact', '', 1, 1727059501),
(717, 'vi', 'themes', 'Thêm block', 'Name : global room', '', 1, 1727059646),
(718, 'vi', 'login', '[admin] Đăng nhập', ' Client IP:127.0.0.1', '', 0, 1727064548),
(719, 'vi', 'login', '[admin] Thoát khỏi tài khoản Quản trị', ' Client IP:127.0.0.1', '', 0, 1727066627),
(720, 'vi', 'login', '[admin] Đăng nhập', ' Client IP:127.0.0.1', '', 0, 1727078936),
(721, 'vi', 'login', '[admin] Thoát khỏi tài khoản Quản trị', ' Client IP:127.0.0.1', '', 0, 1727080784),
(722, 'vi', 'login', '[admin] Đăng nhập', ' Client IP:127.0.0.1', '', 0, 1727083331),
(723, 'vi', 'login', '[admin] Đăng nhập', ' Client IP:127.0.0.1', '', 0, 1727097260),
(724, 'vi', 'upload', 'Upload file', 'uploads/room/facilities/hairdryer.svg', '', 1, 1727099574),
(725, 'vi', 'themes', 'Sửa block', 'Name : global room', '', 1, 1727099707),
(726, 'vi', 'themes', 'Thêm block', 'Name : global bootstrap', '', 1, 1727099901),
(727, 'vi', 'themes', 'Sửa block', 'Name : global bootstrap', '', 1, 1727099909),
(728, 'vi', 'themes', 'Thêm block', 'Name : global social', '', 1, 1727099926),
(729, 'vi', 'themes', 'Sửa block', 'Name : global social', '', 1, 1727099934),
(730, 'vi', 'login', '[admin] Thoát khỏi tài khoản Quản trị', ' Client IP:127.0.0.1', '', 0, 1727107964),
(731, 'vi', 'login', '[admin] Đăng nhập', ' Client IP:127.0.0.1', '', 0, 1727146144),
(732, 'vi', 'login', '[admin] Thoát khỏi tài khoản Quản trị', ' Client IP:127.0.0.1', '', 0, 1727147984),
(733, 'vi', 'login', '[admin] Đăng nhập', ' Client IP:127.0.0.1', '', 0, 1727149453),
(734, 'vi', 'login', '[admin] Đăng nhập', ' Client IP:127.0.0.1', '', 0, 1727162477),
(735, 'vi', 'themes', 'Thiết lập layout theme: \"home\"', '', '', 1, 1727162950),
(736, 'vi', 'themes', 'Thiết lập layout theme: \"home\"', '', '', 1, 1727163084),
(737, 'vi', 'themes', 'Thiết lập layout theme: \"home\"', '', '', 1, 1727163108),
(738, 'vi', 'themes', 'Thiết lập layout theme: \"home\"', '', '', 1, 1727163166),
(739, 'vi', 'themes', 'Thiết lập layout theme: \"home\"', '', '', 1, 1727163376),
(740, 'vi', 'themes', 'Thiết lập layout theme: \"home\"', '', '', 1, 1727163882),
(741, 'vi', 'themes', 'Thiết lập layout theme: \"home\"', '', '', 1, 1727165010),
(742, 'vi', 'themes', 'Sửa block', 'Name : global search', '', 1, 1727166034),
(743, 'vi', 'login', '[admin] Đăng nhập', ' Client IP:127.0.0.1', '', 0, 1727176696),
(744, 'vi', 'login', '[admin] Thoát khỏi tài khoản Quản trị', ' Client IP:127.0.0.1', '', 1, 1727176706),
(745, 'vi', 'login', '[admin] Đăng nhập', ' Client IP:127.0.0.1', '', 0, 1727189534),
(746, 'vi', 'login', '[admin] Thoát khỏi tài khoản Quản trị', ' Client IP:127.0.0.1', '', 0, 1727192321),
(747, 'vi', 'login', '[admin] Đăng nhập', ' Client IP:127.0.0.1', '', 0, 1727193157),
(748, 'vi', 'login', '[admin] Thoát khỏi tài khoản Quản trị', ' Client IP:127.0.0.1', '', 0, 1727194961),
(749, 'vi', 'login', '[admin] Đăng nhập', ' Client IP:127.0.0.1', '', 0, 1727195174),
(750, 'vi', 'login', '[admin] Đăng nhập', ' Client IP:127.0.0.1', '', 0, 1727230942),
(751, 'vi', 'menu', 'Del row menu', 'Row menu id: 35 of Menu id: 1', '', 1, 1727230956),
(752, 'vi', 'login', '[admin] Đăng nhập', ' Client IP:127.0.0.1', '', 0, 1727249258),
(753, 'vi', 'login', '[admin] Thoát khỏi tài khoản Quản trị', ' Client IP:127.0.0.1', '', 1, 1727249354),
(754, 'vi', 'login', '[admin] Đăng nhập', ' Client IP:127.0.0.1', '', 0, 1727249408),
(755, 'vi', 'login', '[admin] Thoát khỏi tài khoản Quản trị', ' Client IP:127.0.0.1', '', 1, 1727249905),
(756, 'vi', 'users', '[admin] Đăng nhập theo kiểu thông thường', ' Client IP:127.0.0.1', '', 0, 1727249947),
(757, 'vi', 'login', '[admin] Đăng nhập', ' Client IP:127.0.0.1', '', 0, 1727250333),
(758, 'vi', 'themes', 'Thêm block', 'Name : global slimmenu', '', 1, 1727252251),
(759, 'vi', 'themes', 'Sửa block', 'Name : global slimmenu', '', 1, 1727252283),
(760, 'vi', 'themes', 'Thêm block', 'Name : global slimmenu', '', 1, 1727252311),
(761, 'vi', 'themes', 'Thêm block', 'Name : global slimmenu', '', 1, 1727252332),
(762, 'vi', 'users', '[admin] Thoát khỏi tài khoản thành viên', ' Client IP:127.0.0.1', '', 0, 1727275587),
(763, 'vi', 'login', '[admin] Đăng nhập', ' Client IP:127.0.0.1', '', 0, 1727317801),
(764, 'vi', 'login', '[admin] Đăng nhập', ' Client IP:127.0.0.1', '', 0, 1727335706),
(765, 'vi', 'login', '[admin] Đăng nhập', ' Client IP:127.0.0.1', '', 0, 1727341319),
(766, 'vi', 'login', '[admin] Thoát khỏi tài khoản Quản trị', ' Client IP:127.0.0.1', '', 0, 1727343158),
(767, 'vi', 'login', '[admin] Đăng nhập', ' Client IP:127.0.0.1', '', 0, 1727355322),
(768, 'vi', 'login', '[admin] Đăng nhập', ' Client IP:127.0.0.1', '', 0, 1727359818),
(769, 'vi', 'modules', 'Sửa module &ldquo;room&rdquo;', '', '', 1, 1727359871),
(770, 'vi', 'login', '[admin] Đăng nhập', ' Client IP:127.0.0.1', '', 0, 1727397538),
(771, 'vi', 'login', '[admin] Thoát khỏi tài khoản Quản trị', ' Client IP:127.0.0.1', '', 0, 1727399375),
(772, 'vi', 'login', '[admin] Đăng nhập', ' Client IP:127.0.0.1', '', 0, 1727402108),
(773, 'vi', 'login', '[admin] Thoát khỏi tài khoản Quản trị', ' Client IP:127.0.0.1', '', 0, 1727403935),
(774, 'vi', 'login', '[admin] Đăng nhập', ' Client IP:127.0.0.1', '', 0, 1727430080),
(775, 'vi', 'login', '[admin] Đăng nhập', ' Client IP:127.0.0.1', '', 0, 1727448254),
(776, 'vi', 'login', '[admin] Đăng nhập', ' Client IP:127.0.0.1', '', 0, 1727486543),
(777, 'vi', 'login', '[admin] Đăng nhập', ' Client IP:127.0.0.1', '', 0, 1727512671),
(778, 'vi', 'login', '[admin] Đăng nhập', ' Client IP:127.0.0.1', '', 0, 1727527575),
(779, 'vi', 'login', '[admin] Đăng nhập', ' Client IP:127.0.0.1', '', 0, 1727532616),
(780, 'vi', 'login', '[admin] Thoát khỏi tài khoản Quản trị', ' Client IP:127.0.0.1', '', 0, 1727535512),
(781, 'vi', 'login', '[admin] Đăng nhập', ' Client IP:127.0.0.1', '', 0, 1727594751),
(782, 'vi', 'webtools', 'Dọn dẹp hệ thống', 'clearcache, clearfiletemp, clearerrorlogs, clearip_logs', '', 1, 1727597876),
(783, 'vi', 'login', '[admin] Đăng nhập', ' Client IP:127.0.0.1', '', 0, 1727603634),
(784, 'vi', 'login', '[admin] Đăng nhập', ' Client IP:127.0.0.1', '', 0, 1727616392),
(785, 'vi', 'users', '[admin] Đăng nhập theo kiểu thông thường', ' Client IP:127.0.0.1', '', 0, 1727655848),
(786, 'vi', 'users', '[admin] Thoát khỏi tài khoản thành viên', ' Client IP:127.0.0.1', '', 0, 1727657728),
(787, 'vi', 'login', '[admin] Đăng nhập', ' Client IP:127.0.0.1', '', 0, 1727661296),
(788, 'vi', 'webtools', 'Dọn dẹp hệ thống', 'clearcache, clearfiletemp, clearerrorlogs, clearip_logs', '', 1, 1727662671),
(789, 'vi', 'themes', 'Thêm block', 'Name : global filter', '', 1, 1727663050),
(790, 'vi', 'webtools', 'Dọn dẹp hệ thống', 'clearcache, clearfiletemp, clearerrorlogs, clearip_logs', '', 1, 1727669693),
(791, 'vi', 'login', '[admin] Đăng nhập', ' Client IP:127.0.0.1', '', 0, 1727679921),
(792, 'vi', 'login', '[admin] Thoát khỏi tài khoản Quản trị', ' Client IP:127.0.0.1', '', 0, 1727687308),
(793, 'vi', 'login', '[admin] Đăng nhập', ' Client IP:127.0.0.1', '', 0, 1727688134),
(794, 'vi', 'login', '[admin] Đăng nhập', ' Client IP:127.0.0.1', '', 0, 1727703971),
(795, 'vi', 'login', '[admin] Đăng nhập', ' Client IP:127.0.0.1', '', 0, 1727769265),
(796, 'vi', 'login', '[admin] Đăng nhập', ' Client IP:127.0.0.1', '', 0, 1727797560),
(797, 'vi', 'login', '[admin] Đăng nhập', ' Client IP:127.0.0.1', '', 0, 1727831517),
(798, 'vi', 'login', '[admin] Đăng nhập', ' Client IP:127.0.0.1', '', 0, 1727840808),
(799, 'vi', 'login', '[admin] Đăng nhập', ' Client IP:127.0.0.1', '', 0, 1727855639),
(800, 'vi', 'login', '[admin] Đăng nhập', ' Client IP:127.0.0.1', '', 0, 1727860478),
(801, 'vi', 'login', '[admin] Thoát khỏi tài khoản Quản trị', ' Client IP:127.0.0.1', '', 1, 1727864626),
(802, 'vi', 'login', '[admin] Đăng nhập', ' Client IP:127.0.0.1', '', 0, 1727876644),
(803, 'vi', 'users', 'Kích hoạt tài khoản', 'userid: 4 - username: tuyenhoang2002', '', 1, 1727883311),
(804, 'vi', 'login', '[admin] Thoát khỏi tài khoản Quản trị', ' Client IP:127.0.0.1', '', 1, 1727883327),
(805, 'vi', 'users', '[tuyenhoang2002] Đăng nhập theo kiểu thông thường', ' Client IP:127.0.0.1', '', 0, 1727883339),
(806, 'vi', 'users', '[tuyenhoang2002] Thoát khỏi tài khoản thành viên', ' Client IP:127.0.0.1', '', 0, 1727915779),
(807, 'vi', 'login', '[admin] Đăng nhập', ' Client IP:127.0.0.1', '', 0, 1727943756),
(808, 'vi', 'webtools', 'Dọn dẹp hệ thống', 'clearcache, clearfiletemp, clearerrorlogs, clearip_logs', '', 1, 1727947293),
(809, 'vi', 'webtools', 'Dọn dẹp hệ thống', 'clearcache, clearfiletemp, clearerrorlogs, clearip_logs', '', 1, 1727948023),
(810, 'vi', 'login', '[admin] Thoát khỏi tài khoản Quản trị', ' Client IP:127.0.0.1', '', 0, 1727949859),
(811, 'vi', 'login', '[admin] Đăng nhập', ' Client IP:127.0.0.1', '', 0, 1727959496),
(812, 'vi', 'themes', 'Thêm block', 'Name : global search', '', 1, 1727961486),
(813, 'vi', 'themes', 'Sửa block', 'Name : global search', '', 1, 1727961498),
(814, 'vi', 'login', '[admin] Đăng nhập', ' Client IP:127.0.0.1', '', 0, 1728005437),
(815, 'vi', 'webtools', 'Dọn dẹp hệ thống', 'clearcache, clearfiletemp, clearerrorlogs, clearip_logs', '', 1, 1728005443),
(816, 'vi', 'login', '[admin] Thoát khỏi tài khoản Quản trị', ' Client IP:127.0.0.1', '', 0, 1728007276),
(817, 'vi', 'login', '[admin] Đăng nhập', ' Client IP:127.0.0.1', '', 0, 1728010790),
(818, 'vi', 'themes', 'Thêm block', 'Name : global summary', '', 1, 1728010809),
(819, 'vi', 'login', '[admin] Đăng nhập', ' Client IP:127.0.0.1', '', 0, 1728045318),
(820, 'vi', 'login', '[admin] Đăng nhập', ' Client IP:127.0.0.1', '', 0, 1728054977),
(821, 'vi', 'webtools', 'Dọn dẹp hệ thống', 'clearcache, clearfiletemp, clearerrorlogs, clearip_logs', '', 1, 1728054988),
(822, 'vi', 'users', '[admin] Đăng nhập theo kiểu thông thường', ' Client IP:127.0.0.1', '', 0, 1728091263),
(823, 'vi', 'users', '[admin] Thoát khỏi tài khoản thành viên', ' Client IP:127.0.0.1', '', 0, 1728098533),
(824, 'vi', 'login', '[admin] Đăng nhập', ' Client IP:127.0.0.1', '', 0, 1728118133),
(825, 'vi', 'login', '[admin] Đăng nhập', ' Client IP:127.0.0.1', '', 0, 1728131451),
(826, 'vi', 'login', '[admin] Đăng nhập', ' Client IP:127.0.0.1', '', 0, 1728140720),
(827, 'vi', 'themes', 'Thêm block', 'Name : global slimmenu', '', 1, 1728145132),
(828, 'vi', 'themes', 'Sửa block', 'Name : global slimmenu', '', 1, 1728145159),
(829, 'vi', 'themes', 'Sửa block', 'Name : global slimmenu', '', 1, 1728145171),
(830, 'vi', 'themes', 'Thêm block', 'Name : global user button', '', 1, 1728145203),
(831, 'vi', 'themes', 'Thêm block', 'Name : global bootstrap', '', 1, 1728145251),
(832, 'vi', 'themes', 'Sửa block', 'Name : global bootstrap', '', 1, 1728145260),
(833, 'vi', 'themes', 'Thêm block', 'Name : global social', '', 1, 1728145302),
(834, 'vi', 'themes', 'Sửa block', 'Name : global social', '', 1, 1728145310),
(835, 'vi', 'login', '[admin] Thoát khỏi tài khoản Quản trị', ' Client IP:127.0.0.1', '', 1, 1728146044),
(836, 'vi', 'login', '[admin] Đăng nhập', ' Client IP:127.0.0.1', '', 0, 1728146364),
(837, 'vi', 'themes', 'Thiết lập layout theme: \"home\"', '', '', 1, 1728146387),
(838, 'vi', 'modules', 'Xóa module \"music\"', '', '', 1, 1728146770),
(839, 'vi', 'login', '[admin] Đăng nhập', ' Client IP:127.0.0.1', '', 0, 1728151389),
(840, 'vi', 'about', 'Add', ' ', '', 1, 1728151932),
(841, 'vi', 'about', 'Delete', 'ID: 1', '', 1, 1728151979),
(842, 'vi', 'menu', 'Add row menu', 'Row menu id: 40 of Menu id: 1', '', 1, 1728152006),
(843, 'vi', 'menu', 'Del row menu', 'Row menu id: 40 of Menu id: 1', '', 1, 1728152017),
(844, 'vi', 'menu', 'Edit row menu', 'Row menu id: 37', '', 1, 1728152037),
(845, 'vi', 'menu', 'Edit row menu', 'Row menu id: 36', '', 1, 1728152099),
(846, 'vi', 'menu', 'Edit row menu', 'Row menu id: 36', '', 1, 1728152176),
(847, 'vi', 'menu', 'Edit row menu', 'Row menu id: 37', '', 1, 1728152185),
(848, 'vi', 'menu', 'Edit row menu', 'Row menu id: 36', '', 1, 1728152247),
(849, 'vi', 'menu', 'Edit row menu', 'Row menu id: 37', '', 1, 1728152253),
(850, 'vi', 'upload', 'Upload file', 'uploads/about/img_15372.png', '', 1, 1728152492),
(851, 'vi', 'upload', 'Upload file', 'uploads/about/img_40905.png', '', 1, 1728152492),
(852, 'vi', 'upload', 'Upload file', 'uploads/about/img_55677.png', '', 1, 1728152492),
(853, 'vi', 'upload', 'Upload file', 'uploads/about/img_62045.png', '', 1, 1728152493),
(854, 'vi', 'about', 'Add', ' ', '', 1, 1728152551),
(855, 'vi', 'about', 'Edit', 'ID: 2', '', 1, 1728152669),
(856, 'vi', 'login', '[admin] Thoát khỏi tài khoản Quản trị', ' Client IP:127.0.0.1', '', 1, 1728152689),
(857, 'vi', 'login', '[admin] Đăng nhập', ' Client IP:127.0.0.1', '', 0, 1728152717),
(858, 'vi', 'about', 'Edit', 'ID: 2', '', 1, 1728152835),
(859, 'vi', 'about', 'Edit', 'ID: 2', '', 1, 1728152884),
(860, 'vi', 'about', 'Edit', 'ID: 2', '', 1, 1728153004),
(861, 'vi', 'about', 'Edit', 'ID: 2', '', 1, 1728153084),
(862, 'vi', 'about', 'Edit', 'ID: 2', '', 1, 1728153283),
(863, 'vi', 'about', 'Edit', 'ID: 2', '', 1, 1728153316),
(864, 'vi', 'login', '[admin] Thoát khỏi tài khoản Quản trị', ' Client IP:127.0.0.1', '', 0, 1728175783),
(865, 'vi', 'login', '[admin] Đăng nhập', ' Client IP:127.0.0.1', '', 0, 1728175899),
(866, 'vi', 'themes', 'Thêm block', 'Name : global contact', '', 1, 1728176064),
(867, 'vi', 'about', 'Delete', 'ID: 2', '', 1, 1728176613),
(868, 'vi', 'upload', 'Upload file', 'uploads/about/1_1.jpg', '', 1, 1728176739),
(869, 'vi', 'upload', 'Upload file', 'uploads/about/img_42663_1.png', '', 1, 1728176739),
(870, 'vi', 'about', 'Add', ' ', '', 1, 1728176780),
(871, 'vi', 'themes', 'Thiết lập layout theme: \"home\"', '', '', 1, 1728177273),
(872, 'vi', 'about', 'Delete', 'ID: 3', '', 1, 1728177287),
(873, 'vi', 'themes', 'Thiết lập layout theme: \"home\"', '', '', 1, 1728177425),
(874, 'vi', 'themes', 'Thiết lập layout theme: \"home\"', '', '', 1, 1728177468),
(875, 'vi', 'themes', 'Thiết lập layout theme: \"home\"', '', '', 1, 1728177485),
(876, 'vi', 'themes', 'Thiết lập layout theme: \"home\"', '', '', 1, 1728177521),
(877, 'vi', 'themes', 'Thiết lập layout theme: \"home\"', '', '', 1, 1728177723),
(878, 'vi', 'themes', 'Thiết lập layout theme: \"home\"', '', '', 1, 1728177772),
(879, 'vi', 'themes', 'Thêm block', 'Name : global carousel', '', 1, 1728177862),
(880, 'vi', 'themes', 'Thiết lập layout theme: \"home\"', '', '', 1, 1728178666),
(881, 'vi', 'themes', 'Thiết lập layout theme: \"home\"', '', '', 1, 1728178682),
(882, 'vi', 'themes', 'Thiết lập layout theme: \"home\"', '', '', 1, 1728178736),
(883, 'vi', 'upload', 'Upload file', 'uploads/room/qr_1.jpg', '', 1, 1728181933),
(884, 'vi', 'login', '[admin] Đăng nhập', ' Client IP:127.0.0.1', '', 0, 1728194543),
(885, 'vi', 'upload', 'Upload file', 'uploads/room/carousel/home-hotel-home-16_1.jpg', '', 1, 1728204340),
(886, 'vi', 'upload', 'Upload file', 'uploads/room/carousel/home-hotel-home-17_1.jpg', '', 1, 1728204340),
(887, 'vi', 'upload', 'Upload file', 'uploads/room/carousel/home-hotel-home-18_1.jpg', '', 1, 1728204340),
(888, 'vi', 'upload', 'Upload file', 'uploads/room/carousel/home-hotel-home-19_1.jpg', '', 1, 1728204340),
(889, 'vi', 'upload', 'Upload file', 'uploads/room/carousel/img_2480-copy-scaled_1.jpg', '', 1, 1728204340),
(890, 'vi', 'upload', 'Upload file', 'uploads/room/carousel/img_4876-scaled_1.jpg', '', 1, 1728204341),
(891, 'vi', 'upload', 'Upload file', 'uploads/room/carousel/snapedit_1691136068103-1_1.jpg', '', 1, 1728204341),
(892, 'vi', 'upload', 'Upload file', 'uploads/room/images/deluxe1_1.jpg', '', 1, 1728204375),
(893, 'vi', 'upload', 'Upload file', 'uploads/room/images/deluxe2_1.jpg', '', 1, 1728204375),
(894, 'vi', 'upload', 'Upload file', 'uploads/room/images/deluxe3_1.jpg', '', 1, 1728204375),
(895, 'vi', 'upload', 'Upload file', 'uploads/room/images/deluxe4_1.jpg', '', 1, 1728204376),
(896, 'vi', 'upload', 'Upload file', 'uploads/room/images/deluxe5_1.jpg', '', 1, 1728204376),
(897, 'vi', 'upload', 'Upload file', 'uploads/room/images/homesign1_1.jpg', '', 1, 1728204376),
(898, 'vi', 'upload', 'Upload file', 'uploads/room/images/homesign2_1.jpg', '', 1, 1728204376),
(899, 'vi', 'upload', 'Upload file', 'uploads/room/images/homesign3_1.jpg', '', 1, 1728204376),
(900, 'vi', 'upload', 'Upload file', 'uploads/room/images/homesign4_1.jpg', '', 1, 1728204376),
(901, 'vi', 'upload', 'Upload file', 'uploads/room/images/homesign5_1.jpg', '', 1, 1728204376),
(902, 'vi', 'upload', 'Upload file', 'uploads/room/images/img_39782_1.png', '', 1, 1728204376),
(903, 'vi', 'upload', 'Upload file', 'uploads/room/images/img_42663_2.png', '', 1, 1728204376),
(904, 'vi', 'upload', 'Upload file', 'uploads/room/images/img_42663_1_1.png', '', 1, 1728204376),
(905, 'vi', 'upload', 'Upload file', 'uploads/room/images/img_44867_1.png', '', 1, 1728204377),
(906, 'vi', 'upload', 'Upload file', 'uploads/room/images/pre1_1.jpg', '', 1, 1728204377),
(907, 'vi', 'upload', 'Upload file', 'uploads/room/images/pre2_1.jpg', '', 1, 1728204377),
(908, 'vi', 'upload', 'Upload file', 'uploads/room/images/pre3_1.jpg', '', 1, 1728204377),
(909, 'vi', 'upload', 'Upload file', 'uploads/room/images/pre4_1.jpg', '', 1, 1728204377),
(910, 'vi', 'upload', 'Upload file', 'uploads/room/images/suite1_1.jpg', '', 1, 1728204377),
(911, 'vi', 'upload', 'Upload file', 'uploads/room/images/suite2_1.jpg', '', 1, 1728204377),
(912, 'vi', 'upload', 'Upload file', 'uploads/room/images/suite3_1.jpg', '', 1, 1728204377),
(913, 'vi', 'upload', 'Upload file', 'uploads/room/images/suite4_1.jpg', '', 1, 1728204377),
(914, 'vi', 'upload', 'Upload file', 'uploads/room/images/superior1_1.jpg', '', 1, 1728204378),
(915, 'vi', 'upload', 'Upload file', 'uploads/room/images/superior2_1.jpg', '', 1, 1728204378),
(916, 'vi', 'upload', 'Upload file', 'uploads/room/images/superior3_1.jpg', '', 1, 1728204378),
(917, 'vi', 'upload', 'Upload file', 'uploads/room/images/superior4_1.jpg', '', 1, 1728204378),
(918, 'vi', 'upload', 'Upload file', 'uploads/room/images/superior5_1.jpg', '', 1, 1728204378),
(919, 'vi', 'upload', 'Upload file', 'uploads/room/facilities/bathtub_1.svg', '', 1, 1728204395),
(920, 'vi', 'upload', 'Upload file', 'uploads/room/facilities/desk_1.svg', '', 1, 1728204395),
(921, 'vi', 'upload', 'Upload file', 'uploads/room/facilities/desktop-phone_1.svg', '', 1, 1728204395),
(922, 'vi', 'upload', 'Upload file', 'uploads/room/facilities/hairdryer_1.svg', '', 1, 1728204395),
(923, 'vi', 'upload', 'Upload file', 'uploads/room/facilities/img_999_1.svg', '', 1, 1728204395),
(924, 'vi', 'upload', 'Upload file', 'uploads/room/facilities/img_air-conditional_1.svg', '', 1, 1728204395),
(925, 'vi', 'upload', 'Upload file', 'uploads/room/facilities/img_geyser_1.svg', '', 1, 1728204396),
(926, 'vi', 'upload', 'Upload file', 'uploads/room/facilities/img_microwave_1.svg', '', 1, 1728204396),
(927, 'vi', 'upload', 'Upload file', 'uploads/room/facilities/img_spa_1.svg', '', 1, 1728204396),
(928, 'vi', 'upload', 'Upload file', 'uploads/room/facilities/img_tv_1.svg', '', 1, 1728204396),
(929, 'vi', 'upload', 'Upload file', 'uploads/room/facilities/img_wifi_1.svg', '', 1, 1728204396),
(930, 'vi', 'upload', 'Upload file', 'uploads/room/facilities/mirror_1.svg', '', 1, 1728204396),
(931, 'vi', 'upload', 'Upload file', 'uploads/room/facilities/safe_1.svg', '', 1, 1728204396),
(932, 'vi', 'login', '[admin] Thoát khỏi tài khoản Quản trị', ' Client IP:127.0.0.1', '', 0, 1728208690),
(933, 'vi', 'login', '[admin] Đăng nhập', ' Client IP:127.0.0.1', '', 0, 1728216556),
(934, 'vi', 'webtools', 'Dọn dẹp hệ thống', 'clearcache, clearfiletemp, clearerrorlogs, clearip_logs', '', 1, 1728222249),
(935, 'vi', 'webtools', 'Dọn dẹp hệ thống', 'clearcache, clearfiletemp, clearerrorlogs, clearip_logs', '', 1, 1728228704),
(936, 'vi', 'login', '[admin] Thoát khỏi tài khoản Quản trị', ' Client IP:127.0.0.1', '', 1, 1728235159),
(937, 'vi', 'users', '[tuyenhoang2002] Đăng nhập theo kiểu thông thường', ' Client IP:127.0.0.1', '', 0, 1728235385),
(938, 'vi', 'users', '[tuyenhoang2002] Thoát khỏi tài khoản thành viên', ' Client IP:127.0.0.1', '', 4, 1728235562),
(939, 'vi', 'login', '[admin] Đăng nhập', ' Client IP:127.0.0.1', '', 0, 1728236147),
(940, 'vi', 'users', '[tuyenhoang2002] Đăng nhập theo kiểu thông thường', ' Client IP:127.0.0.1', '', 0, 1728269647),
(941, 'vi', 'login', '[admin] Đăng nhập', ' Client IP:127.0.0.1', '', 0, 1728269708),
(942, 'vi', 'login', '[tuyenhoang2002] Đăng nhập Thất bại', ' Client IP:127.0.0.1', '', 0, 1728271123),
(943, 'vi', 'login', '[admin] Đăng nhập', ' Client IP:127.0.0.1', '', 0, 1728272511),
(944, 'vi', 'login', '[admin] Đăng nhập', ' Client IP:127.0.0.1', '', 0, 1728273783),
(945, 'vi', 'users', '[tuyenhoang2002] Thoát khỏi tài khoản thành viên', ' Client IP:127.0.0.1', '', 4, 1728278256),
(946, 'vi', 'users', '[tuyenhoang2002] Đăng nhập theo kiểu thông thường', ' Client IP:127.0.0.1', '', 0, 1728278276),
(947, 'vi', 'login', '[admin] Đăng nhập', ' Client IP:127.0.0.1', '', 0, 1728278310),
(948, 'vi', 'login', '[admin] Đăng nhập', ' Client IP:127.0.0.1', '', 0, 1728280899),
(949, 'vi', 'users', '[tuyenhoang2002] Thoát khỏi tài khoản thành viên', ' Client IP:127.0.0.1', '', 0, 1728283028),
(950, 'vi', 'login', '[admin] Đăng nhập', ' Client IP:127.0.0.1', '', 0, 1728285258),
(951, 'vi', 'users', '[admin] Đăng nhập theo kiểu thông thường', ' Client IP:127.0.0.1', '', 0, 1728285516),
(952, 'vi', 'users', '[admin] Thoát khỏi tài khoản thành viên', ' Client IP:127.0.0.1', '', 1, 1728285540),
(953, 'vi', 'users', '[tuyenhoang2002] Đăng nhập theo kiểu thông thường', ' Client IP:127.0.0.1', '', 0, 1728285546),
(954, 'vi', 'login', '[admin] Đăng nhập', ' Client IP:127.0.0.1', '', 0, 1728285648),
(955, 'vi', 'login', '[admin] Đăng nhập', ' Client IP:127.0.0.1', '', 0, 1728462796),
(956, 'vi', 'login', '[admin] Đăng nhập', ' Client IP:127.0.0.1', '', 0, 1728483903),
(957, 'vi', 'login', '[admin] Đăng nhập', ' Client IP:127.0.0.1', '', 0, 1728549828),
(958, 'vi', 'users', '[tuyenhoang2002] Thoát khỏi tài khoản thành viên', ' Client IP:127.0.0.1', '', 0, 1728826826),
(959, 'vi', 'login', '[admin] Đăng nhập', ' Client IP:127.0.0.1', '', 0, 1728890141),
(960, 'vi', 'login', '[admin] Đăng nhập', ' Client IP:127.0.0.1', '', 0, 1728898044),
(961, 'vi', 'login', '[admin] Đăng nhập', ' Client IP:127.0.0.1', '', 0, 1729218885),
(962, 'vi', 'login', '[admin] Thoát khỏi tài khoản Quản trị', ' Client IP:127.0.0.1', '', 0, 1729223813),
(963, 'vi', 'login', '[admin] Đăng nhập', ' Client IP:127.0.0.1', '', 0, 1729224397),
(964, 'vi', 'login', '[admin] Đăng nhập', ' Client IP:127.0.0.1', '', 0, 1729236336),
(965, 'vi', 'login', '[admin] Thoát khỏi tài khoản Quản trị', ' Client IP:127.0.0.1', '', 0, 1729238153),
(966, 'vi', 'login', '[admin] Đăng nhập', ' Client IP:127.0.0.1', '', 0, 1729238320),
(967, 'vi', 'login', '[admin] Thoát khỏi tài khoản Quản trị', ' Client IP:127.0.0.1', '', 0, 1729240133),
(968, 'vi', 'login', '[admin] Đăng nhập', ' Client IP:127.0.0.1', '', 0, 1729240312),
(969, 'vi', 'login', '[admin] Thoát khỏi tài khoản Quản trị', ' Client IP:127.0.0.1', '', 0, 1729243373),
(970, 'vi', 'login', '[admin] Đăng nhập', ' Client IP:127.0.0.1', '', 0, 1729258090),
(971, 'vi', 'login', '[admin] Thoát khỏi tài khoản Quản trị', ' Client IP:127.0.0.1', '', 0, 1729259930),
(972, 'vi', 'login', '[admin] Đăng nhập', ' Client IP:127.0.0.1', '', 0, 1729260519),
(973, 'vi', 'login', '[admin] Đăng nhập', ' Client IP:127.0.0.1', '', 0, 1729503518),
(974, 'vi', 'login', '[admin] Đăng nhập', ' Client IP:127.0.0.1', '', 0, 1729583845),
(975, 'vi', 'login', '[admin] Thoát khỏi tài khoản Quản trị', ' Client IP:127.0.0.1', '', 0, 1729585666),
(976, 'vi', 'login', '[admin] Đăng nhập', ' Client IP:127.0.0.1', '', 0, 1729602143),
(977, 'vi', 'login', '[admin] Đăng nhập', ' Client IP:127.0.0.1', '', 0, 1729650098),
(978, 'vi', 'upload', 'Xóa file', 'uploads/room/images/suite4_1.jpg', '', 1, 1729650347),
(979, 'vi', 'upload', 'Upload file', 'uploads/room/images/1_2.jpg', '', 1, 1729650380),
(980, 'vi', 'upload', 'Upload file', 'uploads/room/images/1_1_1.jpg', '', 1, 1729650380),
(981, 'vi', 'upload', 'Upload file', 'uploads/room/images/img_11892_1.png', '', 1, 1729650381),
(982, 'vi', 'upload', 'Upload file', 'uploads/room/images/img_42663_1.png', '', 1, 1729650382),
(983, 'vi', 'upload', 'Upload file', 'uploads/room/images/img_67761_1.png', '', 1, 1729650382),
(984, 'vi', 'upload', 'Upload file', 'uploads/room/images/img_69824_1.png', '', 1, 1729650383),
(985, 'vi', 'upload', 'Upload file', 'uploads/room/images/img_70583_1.png', '', 1, 1729650383),
(986, 'vi', 'upload', 'Upload file', 'uploads/room/images/img_78809_1.png', '', 1, 1729650383),
(987, 'vi', 'upload', 'Upload file', 'uploads/room/images/suite4_1.jpg', '', 1, 1729650384),
(988, 'vi', 'upload', 'Xóa file', 'uploads/room/images/img_78809_1.png', '', 1, 1729650405),
(989, 'vi', 'upload', 'Xóa file', 'uploads/room/images/suite4_1.jpg', '', 1, 1729650405),
(990, 'vi', 'upload', 'Xóa file', 'uploads/room/images/img_69824_1.png', '', 1, 1729650405),
(991, 'vi', 'upload', 'Xóa file', 'uploads/room/images/img_70583_1.png', '', 1, 1729650405),
(992, 'vi', 'upload', 'Xóa file', 'uploads/room/images/img_42663_1.png', '', 1, 1729650405),
(993, 'vi', 'upload', 'Xóa file', 'uploads/room/images/img_67761_1.png', '', 1, 1729650405),
(994, 'vi', 'upload', 'Xóa file', 'uploads/room/images/img_11892_1.png', '', 1, 1729650405),
(995, 'vi', 'upload', 'Xóa file', 'uploads/room/images/1_2.jpg', '', 1, 1729650405),
(996, 'vi', 'upload', 'Xóa file', 'uploads/room/images/1_1_1.jpg', '', 1, 1729650405),
(997, 'vi', 'login', '[admin] Đăng nhập', ' Client IP:127.0.0.1', '', 0, 1729656558),
(998, 'vi', 'login', '[admin] Thoát khỏi tài khoản Quản trị', ' Client IP:127.0.0.1', '', 0, 1729658384),
(999, 'vi', 'login', '[admin] Đăng nhập', ' Client IP:127.0.0.1', '', 0, 1729668791),
(1000, 'vi', 'login', '[admin] Đăng nhập', ' Client IP:127.0.0.1', '', 0, 1729695395),
(1001, 'vi', 'themes', 'Thêm block', 'Name : global block language', '', 1, 1729695433),
(1002, 'vi', 'login', '[admin] Đăng nhập', ' Client IP:127.0.0.1', '', 0, 1729737128),
(1003, 'vi', 'users', 'log_add_user', 'userid 6', '', 1, 1729737418);

-- --------------------------------------------------------

--
-- Table structure for table `nv4_notification`
--

CREATE TABLE `nv4_notification` (
  `id` int(11) UNSIGNED NOT NULL,
  `admin_view_allowed` tinyint(1) UNSIGNED NOT NULL DEFAULT 0 COMMENT 'Cấp quản trị được xem: 0,1,2',
  `logic_mode` tinyint(1) UNSIGNED NOT NULL DEFAULT 0 COMMENT '0: Cấp trên xem được cấp dưới, 1: chỉ cấp hoặc người được chỉ định',
  `send_to` varchar(250) NOT NULL DEFAULT '' COMMENT 'Danh sách id người nhận, phân cách bởi dấu phảy',
  `send_from` mediumint(8) UNSIGNED NOT NULL DEFAULT 0,
  `area` tinyint(1) UNSIGNED NOT NULL,
  `language` char(3) NOT NULL,
  `module` varchar(50) NOT NULL,
  `obid` int(11) UNSIGNED NOT NULL DEFAULT 0,
  `type` varchar(255) NOT NULL,
  `content` text NOT NULL,
  `add_time` int(11) UNSIGNED NOT NULL,
  `view` tinyint(1) UNSIGNED NOT NULL DEFAULT 0
) ENGINE=MyISAM DEFAULT CHARSET=utf8mb4 COLLATE=utf8mb4_unicode_ci;

-- --------------------------------------------------------

--
-- Table structure for table `nv4_plugin`
--

CREATE TABLE `nv4_plugin` (
  `pid` tinyint(4) NOT NULL,
  `plugin_file` varchar(50) NOT NULL,
  `plugin_area` tinyint(4) NOT NULL,
  `weight` tinyint(4) NOT NULL
) ENGINE=MyISAM DEFAULT CHARSET=utf8mb4 COLLATE=utf8mb4_unicode_ci;

--
-- Dumping data for table `nv4_plugin`
--

INSERT INTO `nv4_plugin` (`pid`, `plugin_file`, `plugin_area`, `weight`) VALUES
(1, 'qrcode.php', 1, 1),
(2, 'cdn_js_css_image.php', 3, 1);

-- --------------------------------------------------------

--
-- Table structure for table `nv4_sessions`
--

CREATE TABLE `nv4_sessions` (
  `session_id` varchar(50) DEFAULT NULL,
  `userid` mediumint(8) UNSIGNED NOT NULL DEFAULT 0,
  `username` varchar(100) NOT NULL,
  `onl_time` int(11) UNSIGNED NOT NULL DEFAULT 0
) ENGINE=MEMORY DEFAULT CHARSET=utf8mb4 COLLATE=utf8mb4_unicode_ci;

-- --------------------------------------------------------

--
-- Table structure for table `nv4_setup_extensions`
--

CREATE TABLE `nv4_setup_extensions` (
  `id` int(11) NOT NULL DEFAULT 0,
  `type` varchar(10) NOT NULL DEFAULT 'other',
  `title` varchar(55) NOT NULL,
  `is_sys` tinyint(1) NOT NULL DEFAULT 0,
  `is_virtual` tinyint(1) NOT NULL DEFAULT 0,
  `basename` varchar(50) NOT NULL DEFAULT '',
  `table_prefix` varchar(55) NOT NULL DEFAULT '',
  `version` varchar(50) NOT NULL,
  `addtime` int(11) NOT NULL DEFAULT 0,
  `author` text NOT NULL,
  `note` varchar(255) DEFAULT ''
) ENGINE=MyISAM DEFAULT CHARSET=utf8mb4 COLLATE=utf8mb4_unicode_ci;

--
-- Dumping data for table `nv4_setup_extensions`
--

INSERT INTO `nv4_setup_extensions` (`id`, `type`, `title`, `is_sys`, `is_virtual`, `basename`, `table_prefix`, `version`, `addtime`, `author`, `note`) VALUES
(0, 'module', 'about', 0, 0, 'page', 'about', '4.5.06 1721466000', 1724657086, 'VINADES <contact@vinades.vn>', ''),
(0, 'module', 'siteterms', 0, 0, 'page', 'siteterms', '4.5.06 1721466000', 1724657086, 'VINADES <contact@vinades.vn>', ''),
(19, 'module', 'banners', 1, 0, 'banners', 'banners', '4.5.06 1721466000', 1724657086, 'VINADES <contact@vinades.vn>', ''),
(20, 'module', 'contact', 0, 1, 'contact', 'contact', '4.5.06 1721466000', 1724657086, 'VINADES <contact@vinades.vn>', ''),
(1, 'module', 'news', 0, 1, 'news', 'news', '4.5.06 1721466000', 1724657086, 'VINADES <contact@vinades.vn>', ''),
(21, 'module', 'voting', 0, 0, 'voting', 'voting', '4.5.06 1721466000', 1724657086, 'VINADES <contact@vinades.vn>', ''),
(284, 'module', 'seek', 1, 0, 'seek', 'seek', '4.5.06 1721466000', 1724657086, 'VINADES <contact@vinades.vn>', ''),
(24, 'module', 'users', 1, 1, 'users', 'users', '4.5.06 1721466000', 1724657086, 'VINADES <contact@vinades.vn>', ''),
(27, 'module', 'statistics', 0, 0, 'statistics', 'statistics', '4.5.06 1721466000', 1724657086, 'VINADES <contact@vinades.vn>', ''),
(29, 'module', 'menu', 0, 0, 'menu', 'menu', '4.5.06 1721466000', 1724657086, 'VINADES <contact@vinades.vn>', ''),
(283, 'module', 'feeds', 1, 0, 'feeds', 'feeds', '4.5.06 1721466000', 1724657086, 'VINADES <contact@vinades.vn>', ''),
(282, 'module', 'page', 1, 1, 'page', 'page', '4.5.06 1721466000', 1724657086, 'VINADES <contact@vinades.vn>', ''),
(281, 'module', 'comment', 1, 0, 'comment', 'comment', '4.5.06 1721466000', 1724657086, 'VINADES <contact@vinades.vn>', ''),
(312, 'module', 'freecontent', 0, 1, 'freecontent', 'freecontent', '4.5.06 1721466000', 1724657086, 'VINADES <contact@vinades.vn>', ''),
(327, 'module', 'two-step-verification', 1, 0, 'two-step-verification', 'two_step_verification', '4.5.06 1721466000', 1724657086, 'VINADES <contact@vinades.vn>', ''),
(307, 'theme', 'default', 0, 0, 'default', 'default', '4.5.06 1721466000', 1724657086, 'VINADES <contact@vinades.vn>', ''),
(311, 'theme', 'mobile_default', 0, 0, 'mobile_default', 'mobile_default', '4.5.06 1721466000', 1724657086, 'VINADES <contact@vinades.vn>', ''),
(0, 'module', 'music', 0, 1, 'music', 'music', '4.5.06 1721466000', 1724663088, 'VINADES.,JSC <contact@vinades.vn>', ''),
(0, 'theme', 'home', 0, 0, 'home', 'home', '4.5.06 1726923279', 1726923279, '', ''),
(0, 'module', 'room', 0, 1, 'room', 'room', '4.5.06 1707411600', 1725415288, 'tuyen', '');

-- --------------------------------------------------------

--
-- Table structure for table `nv4_setup_language`
--

CREATE TABLE `nv4_setup_language` (
  `lang` char(2) NOT NULL,
  `setup` tinyint(1) NOT NULL DEFAULT 0,
  `weight` smallint(4) UNSIGNED NOT NULL DEFAULT 0
) ENGINE=MyISAM DEFAULT CHARSET=utf8mb4 COLLATE=utf8mb4_unicode_ci;

--
-- Dumping data for table `nv4_setup_language`
--

INSERT INTO `nv4_setup_language` (`lang`, `setup`, `weight`) VALUES
('vi', 1, 1);

-- --------------------------------------------------------

--
-- Table structure for table `nv4_upload_dir`
--

CREATE TABLE `nv4_upload_dir` (
  `did` mediumint(8) NOT NULL,
  `dirname` varchar(250) DEFAULT NULL,
  `time` int(11) NOT NULL DEFAULT 0,
  `total_size` double UNSIGNED NOT NULL DEFAULT 0 COMMENT 'Dung lượng thư mục',
  `thumb_type` tinyint(4) NOT NULL DEFAULT 0,
  `thumb_width` smallint(6) NOT NULL DEFAULT 0,
  `thumb_height` smallint(6) NOT NULL DEFAULT 0,
  `thumb_quality` tinyint(4) NOT NULL DEFAULT 0
) ENGINE=MyISAM DEFAULT CHARSET=utf8mb4 COLLATE=utf8mb4_unicode_ci;

--
-- Dumping data for table `nv4_upload_dir`
--

INSERT INTO `nv4_upload_dir` (`did`, `dirname`, `time`, `total_size`, `thumb_type`, `thumb_width`, `thumb_height`, `thumb_quality`) VALUES
(0, '', 0, 0, 3, 100, 150, 90),
(1, 'uploads', 1724657116, 1426237, 0, 0, 0, 0),
(2, 'uploads/about', 1724657116, 242102, 0, 0, 0, 0),
(3, 'uploads/banners', 1724657116, 179287, 0, 0, 0, 0),
(4, 'uploads/banners/files', 1724657116, 0, 0, 0, 0, 0),
(5, 'uploads/comment', 1724657116, 0, 0, 0, 0, 0),
(6, 'uploads/contact', 1724657116, 0, 0, 0, 0, 0),
(7, 'uploads/freecontent', 1724657116, 138096, 0, 0, 0, 0),
(8, 'uploads/menu', 1724657116, 0, 0, 0, 0, 0),
(9, 'uploads/news', 1724657116, 866752, 0, 0, 0, 0),
(10, 'uploads/news/authors', 1724657116, 0, 0, 0, 0, 0),
(11, 'uploads/news/source', 1724657116, 0, 0, 0, 0, 0),
(12, 'uploads/news/temp_pic', 1724657116, 0, 0, 0, 0, 0),
(13, 'uploads/news/topics', 1724657116, 0, 0, 0, 0, 0),
(14, 'uploads/page', 1724657116, 0, 0, 0, 0, 0),
(15, 'uploads/siteterms', 1724657116, 0, 0, 0, 0, 0),
(16, 'uploads/users', 1724657116, 0, 0, 0, 0, 0),
(17, 'uploads/users/groups', 1724657116, 0, 0, 0, 0, 0),
(22, 'uploads/news/2024_08', 0, 0, 0, 0, 0, 0),
(23, 'uploads/room', 1725459915, 0, 0, 0, 0, 0),
(25, 'uploads/room/images', 1725462470, 0, 0, 0, 0, 0),
(26, 'uploads/room/facilities', 1725462493, 0, 0, 0, 0, 0),
(27, 'uploads/room/carousel', 1725959914, 0, 0, 0, 0, 0),
(28, 'uploads/news/2024_09', 0, 0, 0, 0, 0, 0);

-- --------------------------------------------------------

--
-- Table structure for table `nv4_upload_file`
--

CREATE TABLE `nv4_upload_file` (
  `name` varchar(245) NOT NULL,
  `ext` varchar(10) NOT NULL DEFAULT '',
  `type` varchar(5) NOT NULL DEFAULT '',
  `filesize` double NOT NULL DEFAULT 0,
  `src` varchar(255) NOT NULL DEFAULT '',
  `srcwidth` int(11) NOT NULL DEFAULT 0,
  `srcheight` int(11) NOT NULL DEFAULT 0,
  `sizes` varchar(50) NOT NULL DEFAULT '',
  `userid` mediumint(8) UNSIGNED NOT NULL DEFAULT 0,
  `mtime` int(11) NOT NULL DEFAULT 0,
  `did` int(11) NOT NULL DEFAULT 0,
  `title` varchar(245) NOT NULL DEFAULT '',
  `alt` varchar(255) NOT NULL DEFAULT ''
) ENGINE=MyISAM DEFAULT CHARSET=utf8mb4 COLLATE=utf8mb4_unicode_ci;

--
-- Dumping data for table `nv4_upload_file`
--

INSERT INTO `nv4_upload_file` (`name`, `ext`, `type`, `filesize`, `src`, `srcwidth`, `srcheight`, `sizes`, `userid`, `mtime`, `did`, `title`, `alt`) VALUES
('logo-nukev...png', 'png', 'image', 13223, 'assets/about/logo-nukeviet3-flag-180x75.png', 80, 34, '180|75', 1, 1724160949, 2, 'logo-nukeviet3-flag-180x75.png', 'logo nukeviet3 flag 180x75'),
('nukevietcm...png', 'png', 'image', 11974, 'assets/about/nukevietcms-180x84.png', 80, 38, '180|84', 1, 1724160949, 2, 'nukevietcms-180x84.png', 'nukevietcms 180x84'),
('nukevietcms.png', 'png', 'image', 85684, 'assets/about/nukevietcms.png', 80, 38, '1500|700', 1, 1724160949, 2, 'nukevietcms.png', 'nukevietcms'),
('nukevietcm...png', 'png', 'image', 13125, 'assets/about/nukevietcms_laco_180x57.png', 80, 26, '180|57', 1, 1724160950, 2, 'nukevietcms_laco_180x57.png', 'nukevietcms laco 180x57'),
('nukevietcm...png', 'png', 'image', 13319, 'assets/about/nukevietcms_mu_noel_180x84.png', 80, 38, '180|84', 1, 1724160950, 2, 'nukevietcms_mu_noel_180x84.png', 'nukevietcms mu noel 180x84'),
('nukevietvn.png', 'png', 'image', 81035, 'assets/about/nukevietvn.png', 80, 38, '1500|700', 1, 1724160950, 2, 'nukevietvn.png', 'nukevietvn'),
('nukevietvn...png', 'png', 'image', 11586, 'assets/about/nukevietvn_180x84.png', 80, 38, '180|84', 1, 1724160950, 2, 'nukevietvn_180x84.png', 'nukevietvn 180x84'),
('w.png', 'png', 'image', 12156, 'assets/about/w.png', 80, 40, '288|143', 1, 1724160950, 2, 'w.png', 'w'),
('vinades.jpg', 'jpg', 'image', 104940, 'assets/banners/vinades.jpg', 43, 80, '212|400', 1, 1724160950, 3, 'vinades.jpg', 'vinades'),
('webnhanh.jpg', 'jpg', 'image', 74347, 'assets/banners/webnhanh.jpg', 80, 10, '572|72', 1, 1724160950, 3, 'webnhanh.jpg', 'webnhanh'),
('cms.jpg', 'jpg', 'image', 29026, 'assets/freecontent/cms.jpg', 80, 44, '130|71', 1, 1724160950, 7, 'cms.jpg', 'cms'),
('edugate.jpg', 'jpg', 'image', 28008, 'assets/freecontent/edugate.jpg', 80, 44, '130|71', 1, 1724160950, 7, 'edugate.jpg', 'edugate'),
('portal.jpg', 'jpg', 'image', 25973, 'assets/freecontent/portal.jpg', 80, 44, '130|71', 1, 1724160950, 7, 'portal.jpg', 'portal'),
('shop.jpg', 'jpg', 'image', 26352, 'assets/freecontent/shop.jpg', 80, 44, '130|71', 1, 1724160950, 7, 'shop.jpg', 'shop'),
('toa-soan-d...jpg', 'jpg', 'image', 28737, 'assets/freecontent/toa-soan-dien-tu.jpg', 80, 44, '130|71', 1, 1724160950, 7, 'toa-soan-dien-tu.jpg', 'toa soan dien tu'),
('chuc-mung-...jpg', 'jpg', 'image', 130708, 'assets/news/chuc-mung-nukeviet-thong-tu-20-bo-tttt.jpg', 80, 62, '461|360', 1, 1724160950, 9, 'chuc-mung-nukeviet-thong-tu-20-bo-tttt.jpg', 'chuc mung nukeviet thong tu 20 bo tttt'),
('hoc-viec-t...jpg', 'jpg', 'image', 167193, 'assets/news/hoc-viec-tai-cong-ty-vinades.jpg', 80, 63, '460|360', 1, 1724160950, 9, 'hoc-viec-tai-cong-ty-vinades.jpg', 'hoc viec tai cong ty vinades'),
('hoptac 6.jpg', 'jpg', 'image', 12871, 'uploads/news/hoptac 6.jpg', 80, 66, '382|314', 1, 1724160950, 9, 'hoptac 6.jpg', 'hoptac 6'),
('hoptac.jpg', 'jpg', 'image', 12871, 'assets/news/hoptac.jpg', 80, 66, '382|314', 1, 1724160950, 9, 'hoptac.jpg', 'hoptac'),
('nangly.jpg', 'jpg', 'image', 34802, 'assets/news/nangly.jpg', 80, 53, '500|332', 1, 1724160950, 9, 'nangly.jpg', 'nangly'),
('nukeviet-cms.jpg', 'jpg', 'image', 83489, 'assets/news/nukeviet-cms.jpg', 80, 55, '500|345', 1, 1724160950, 9, 'nukeviet-cms.jpg', 'nukeviet cms'),
('nukeviet-n...jpg', 'jpg', 'image', 18611, 'assets/news/nukeviet-nhantaidatviet2011.jpg', 80, 54, '400|268', 1, 1724160950, 9, 'nukeviet-nhantaidatviet2011.jpg', 'nukeviet nhantaidatviet2011'),
('tap-huan-p...jpg', 'jpg', 'image', 132379, 'assets/news/tap-huan-pgd-ha-dong-2015.jpg', 80, 52, '460|295', 1, 1724160950, 9, 'tap-huan-pgd-ha-dong-2015.jpg', 'tap huan pgd ha dong 2015'),
('thuc-tap-sinh.jpg', 'jpg', 'image', 71135, 'assets/news/thuc-tap-sinh.jpg', 80, 63, '460|360', 1, 1724160950, 9, 'thuc-tap-sinh.jpg', 'thuc tap sinh'),
('tuyen-dung...png', 'png', 'image', 118910, 'assets/news/tuyen-dung-nvkd.png', 80, 56, '400|279', 1, 1724160950, 9, 'tuyen-dung-nvkd.png', 'tuyen dung nvkd'),
('tuyendung-...jpg', 'jpg', 'image', 83783, 'assets/news/tuyendung-kythuat.jpg', 80, 80, '300|300', 1, 1724160950, 9, 'tuyendung-kythuat.jpg', 'tuyendung kythuat'),
('img_999.svg', 'svg', 'image', 2421, 'uploads/room/img_999.svg', 80, 80, '800|800', 1, 1725459933, 23, 'img_999.svg', 'IMG 999'),
('img_27079.svg', 'svg', 'image', 3693, 'uploads/room/img_27079.svg', 80, 80, '512|512', 1, 1725459933, 23, 'img_27079.svg', 'IMG 27079'),
('img_41622.svg', 'svg', 'image', 4080, 'uploads/room/img_41622.svg', 80, 80, '256|256', 1, 1725459933, 23, 'img_41622.svg', 'IMG 41622'),
('img_43553.svg', 'svg', 'image', 1430, 'uploads/room/img_43553.svg', 80, 80, '494|494', 1, 1725459933, 23, 'img_43553.svg', 'IMG 43553'),
('img_47816.svg', 'svg', 'image', 4911, 'uploads/room/img_47816.svg', 80, 80, '512|512', 1, 1725459934, 23, 'img_47816.svg', 'IMG 47816'),
('img_49949.svg', 'svg', 'image', 2649, 'uploads/room/img_49949.svg', 80, 80, '455|455', 1, 1725459934, 23, 'img_49949.svg', 'IMG 49949'),
('img_96423.svg', 'svg', 'image', 3059, 'uploads/room/img_96423.svg', 80, 80, '421|421', 1, 1725459934, 23, 'img_96423.svg', 'IMG 96423'),
('img_999.svg', 'svg', 'image', 2421, 'uploads/room/facilities/img_999.svg', 80, 80, '800|800', 1, 1725462503, 26, 'img_999.svg', 'IMG 999'),
('img_27079.svg', 'svg', 'image', 3693, 'uploads/room/facilities/img_27079.svg', 80, 80, '512|512', 1, 1725462503, 26, 'img_27079.svg', 'IMG 27079'),
('img_41622.svg', 'svg', 'image', 4080, 'uploads/room/facilities/img_41622.svg', 80, 80, '256|256', 1, 1725462503, 26, 'img_41622.svg', 'IMG 41622'),
('img_43553.svg', 'svg', 'image', 1430, 'uploads/room/facilities/img_43553.svg', 80, 80, '494|494', 1, 1725462503, 26, 'img_43553.svg', 'IMG 43553'),
('img_47816.svg', 'svg', 'image', 4911, 'uploads/room/facilities/img_47816.svg', 80, 80, '512|512', 1, 1725462503, 26, 'img_47816.svg', 'IMG 47816'),
('img_49949.svg', 'svg', 'image', 2649, 'uploads/room/facilities/img_49949.svg', 80, 80, '455|455', 1, 1725462503, 26, 'img_49949.svg', 'IMG 49949'),
('img_96423.svg', 'svg', 'image', 3059, 'uploads/room/facilities/img_96423.svg', 80, 80, '421|421', 1, 1725462503, 26, 'img_96423.svg', 'IMG 96423'),
('img_17474.png', 'png', 'image', 1916980, 'assets/room/images/img_17474.png', 80, 46, '1500|844', 1, 1725503479, 25, 'img_17474.png', 'IMG 17474'),
('img_39782.png', 'png', 'image', 2131046, 'assets/room/images/img_39782.png', 80, 46, '1500|844', 1, 1725503480, 25, 'img_39782.png', 'IMG 39782'),
('img_42663.png', 'png', 'image', 2297360, 'assets/room/images/img_42663.png', 80, 46, '1500|844', 1, 1725503481, 25, 'img_42663.png', 'IMG 42663'),
('img_44867.png', 'png', 'image', 1760111, 'assets/room/images/img_44867.png', 80, 46, '1500|844', 1, 1725503482, 25, 'img_44867.png', 'IMG 44867'),
('img_65019.png', 'png', 'image', 1760111, 'assets/room/images/img_65019.png', 80, 46, '1500|844', 1, 1725503484, 25, 'img_65019.png', 'IMG 65019'),
('img_67761.png', 'png', 'image', 2023795, 'assets/room/images/img_67761.png', 80, 46, '1500|844', 1, 1725503485, 25, 'img_67761.png', 'IMG 67761'),
('img_69824.png', 'png', 'image', 1916980, 'assets/room/images/img_69824.png', 80, 46, '1500|844', 1, 1725503486, 25, 'img_69824.png', 'IMG 69824'),
('img_70583.png', 'png', 'image', 2258038, 'assets/room/images/img_70583.png', 80, 46, '1500|844', 1, 1725503487, 25, 'img_70583.png', 'IMG 70583'),
('img_78809.png', 'png', 'image', 2029104, 'assets/room/images/img_78809.png', 80, 46, '1500|844', 1, 1725503489, 25, 'img_78809.png', 'IMG 78809'),
('thumbnail.jpg', 'jpg', 'image', 69522, 'assets/room/images/thumbnail.jpg', 80, 46, '1500|844', 1, 1725503490, 25, 'thumbnail.jpg', 'thumbnail'),
('1.jpg', 'jpg', 'image', 263880, 'assets/room/images/1.jpg', 80, 46, '1500|844', 1, 1725503490, 25, '1.jpg', '1'),
('img_11892.png', 'png', 'image', 1916980, 'assets/room/images/img_11892.png', 80, 46, '1500|844', 1, 1725503491, 25, 'img_11892.png', 'IMG 11892'),
('logo.png', 'png', 'image', 52107, 'assets/logo.png', 80, 60, '1500|1125', 1, 1725850080, 1, 'logo.png', 'logo'),
('header1.jpg', 'jpg', 'image', 1066, 'assets/header1.jpg', 80, 38, '328|154', 1, 1726474130, 1, 'header1.jpg', 'header1'),
('img_15372.png', 'png', 'image', 1479436, 'assets/room/carousel/img_15372.png', 80, 25, '1500|461', 1, 1725977343, 27, 'img_15372.png', ''),
('img_40905.png', 'png', 'image', 1221793, 'assets/room/carousel/img_40905.png', 80, 25, '1500|461', 1, 1725977343, 27, 'img_40905.png', ''),
('img_55677.png', 'png', 'image', 1336064, 'assets/room/carousel/img_55677.png', 80, 25, '1500|461', 1, 1725977342, 27, 'img_55677.png', ''),
('img_99736.png', 'png', 'image', 1330239, 'assets/room/carousel/img_99736.png', 80, 25, '1500|461', 1, 1725977342, 27, 'img_99736.png', ''),
('img_62045.png', 'png', 'image', 1042009, 'assets/room/carousel/img_62045.png', 80, 25, '1500|461', 1, 1725977342, 27, 'img_62045.png', ''),
('img_93127.png', 'png', 'image', 971159, 'assets/room/carousel/img_93127.png', 80, 25, '1500|461', 1, 1725977342, 27, 'img_93127.png', ''),
('hairdryer.svg', 'svg', 'image', 4964, 'uploads/room/facilities/hairdryer.svg', 80, 80, '800|800', 1, 1727099574, 26, 'hairdryer.svg', 'hairdryer'),
('img_15372.png', 'png', 'image', 1479436, 'assets/about/img_15372.png', 80, 25, '1500|461', 1, 1728152492, 2, 'img_15372.png', 'img 15372'),
('img_40905.png', 'png', 'image', 1221793, 'assets/about/img_40905.png', 80, 25, '1500|461', 1, 1728152492, 2, 'img_40905.png', 'img 40905'),
('img_55677.png', 'png', 'image', 1336064, 'assets/about/img_55677.png', 80, 25, '1500|461', 1, 1728152493, 2, 'img_55677.png', 'img 55677'),
('img_62045.png', 'png', 'image', 1042009, 'assets/about/img_62045.png', 80, 25, '1500|461', 1, 1728152493, 2, 'img_62045.png', 'img 62045'),
('1_1.jpg', 'jpg', 'image', 263880, 'assets/about/1_1.jpg', 80, 46, '1500|844', 1, 1728176739, 2, '1_1.jpg', '1 1'),
('img_42663_1.png', 'png', 'image', 2297360, 'assets/about/img_42663_1.png', 80, 46, '1500|844', 1, 1728176740, 2, 'img_42663_1.png', 'img 42663 1'),
('qr_1.jpg', 'jpg', 'image', 119407, 'assets/room/qr_1.jpg', 62, 80, '1050|1368', 1, 1728181933, 23, 'qr_1.jpg', 'qr'),
('home-hotel...jpg', 'jpg', 'image', 240803, 'assets/room/carousel/home-hotel-home-16_1.jpg', 80, 80, '600|600', 1, 1728204340, 27, 'home-hotel-home-16_1.jpg', 'home hotel home 16'),
('home-hotel...jpg', 'jpg', 'image', 400095, 'assets/room/carousel/home-hotel-home-17_1.jpg', 80, 80, '600|600', 1, 1728204340, 27, 'home-hotel-home-17_1.jpg', 'home hotel home 17'),
('home-hotel...jpg', 'jpg', 'image', 383183, 'assets/room/carousel/home-hotel-home-18_1.jpg', 80, 80, '600|600', 1, 1728204340, 27, 'home-hotel-home-18_1.jpg', 'home hotel home 18'),
('home-hotel...jpg', 'jpg', 'image', 412359, 'assets/room/carousel/home-hotel-home-19_1.jpg', 80, 80, '600|600', 1, 1728204340, 27, 'home-hotel-home-19_1.jpg', 'home hotel home 19'),
('img_2480-c...jpg', 'jpg', 'image', 426739, 'assets/room/carousel/img_2480-copy-scaled_1.jpg', 80, 45, '1500|828', 1, 1728204341, 27, 'img_2480-copy-scaled_1.jpg', 'IMG 2480 Copy scaled'),
('img_4876-s...jpg', 'jpg', 'image', 254064, 'assets/room/carousel/img_4876-scaled_1.jpg', 80, 54, '1500|1001', 1, 1728204341, 27, 'img_4876-scaled_1.jpg', 'IMG 4876 scaled'),
('snapedit_1...jpg', 'jpg', 'image', 409491, 'assets/room/carousel/snapedit_1691136068103-1_1.jpg', 80, 54, '1500|1000', 1, 1728204342, 27, 'snapedit_1691136068103-1_1.jpg', 'snapedit 1691136068103 1'),
('deluxe1_1.jpg', 'jpg', 'image', 16323, 'assets/room/images/deluxe1_1.jpg', 80, 80, '300|300', 1, 1728204375, 25, 'deluxe1_1.jpg', 'deluxe1'),
('deluxe2_1.jpg', 'jpg', 'image', 13547, 'assets/room/images/deluxe2_1.jpg', 80, 80, '300|300', 1, 1728204375, 25, 'deluxe2_1.jpg', 'deluxe2'),
('deluxe3_1.jpg', 'jpg', 'image', 13601, 'assets/room/images/deluxe3_1.jpg', 80, 80, '300|300', 1, 1728204375, 25, 'deluxe3_1.jpg', 'deluxe3'),
('deluxe4_1.jpg', 'jpg', 'image', 13101, 'assets/room/images/deluxe4_1.jpg', 80, 80, '300|300', 1, 1728204376, 25, 'deluxe4_1.jpg', 'deluxe4'),
('deluxe5_1.jpg', 'jpg', 'image', 13764, 'assets/room/images/deluxe5_1.jpg', 80, 80, '300|300', 1, 1728204376, 25, 'deluxe5_1.jpg', 'deluxe5'),
('homesign1_1.jpg', 'jpg', 'image', 16463, 'assets/room/images/homesign1_1.jpg', 80, 80, '300|300', 1, 1728204376, 25, 'homesign1_1.jpg', 'homesign1'),
('homesign2_1.jpg', 'jpg', 'image', 21679, 'assets/room/images/homesign2_1.jpg', 80, 80, '300|300', 1, 1728204376, 25, 'homesign2_1.jpg', 'homesign2'),
('homesign3_1.jpg', 'jpg', 'image', 13823, 'assets/room/images/homesign3_1.jpg', 80, 80, '300|300', 1, 1728204376, 25, 'homesign3_1.jpg', 'homesign3'),
('homesign4_1.jpg', 'jpg', 'image', 15708, 'assets/room/images/homesign4_1.jpg', 80, 80, '300|300', 1, 1728204376, 25, 'homesign4_1.jpg', 'homesign4'),
('homesign5_1.jpg', 'jpg', 'image', 15705, 'assets/room/images/homesign5_1.jpg', 80, 80, '300|300', 1, 1728204376, 25, 'homesign5_1.jpg', 'homesign5'),
('img_39782_1.png', 'png', 'image', 2131046, 'assets/room/images/img_39782_1.png', 80, 46, '1500|844', 1, 1728204376, 25, 'img_39782_1.png', 'img 39782'),
('img_42663_2.png', 'png', 'image', 2297360, 'assets/room/images/img_42663_2.png', 80, 46, '1500|844', 1, 1728204376, 25, 'img_42663_2.png', 'img 42663'),
('img_42663_1_1.png', 'png', 'image', 2297360, 'assets/room/images/img_42663_1_1.png', 80, 46, '1500|844', 1, 1728204377, 25, 'img_42663_1_1.png', 'img 42663 1'),
('img_44867_1.png', 'png', 'image', 1760111, 'assets/room/images/img_44867_1.png', 80, 46, '1500|844', 1, 1728204377, 25, 'img_44867_1.png', 'img 44867'),
('pre1_1.jpg', 'jpg', 'image', 15002, 'assets/room/images/pre1_1.jpg', 53, 80, '200|300', 1, 1728204377, 25, 'pre1_1.jpg', 'pre1'),
('pre2_1.jpg', 'jpg', 'image', 12139, 'assets/room/images/pre2_1.jpg', 80, 54, '300|200', 1, 1728204377, 25, 'pre2_1.jpg', 'pre2'),
('pre3_1.jpg', 'jpg', 'image', 11401, 'assets/room/images/pre3_1.jpg', 80, 54, '300|200', 1, 1728204377, 25, 'pre3_1.jpg', 'pre3'),
('pre4_1.jpg', 'jpg', 'image', 13286, 'assets/room/images/pre4_1.jpg', 80, 56, '300|209', 1, 1728204377, 25, 'pre4_1.jpg', 'pre4'),
('suite1_1.jpg', 'jpg', 'image', 10194, 'assets/room/images/suite1_1.jpg', 80, 80, '300|300', 1, 1728204377, 25, 'suite1_1.jpg', 'suite1'),
('suite2_1.jpg', 'jpg', 'image', 11884, 'assets/room/images/suite2_1.jpg', 80, 80, '300|300', 1, 1728204377, 25, 'suite2_1.jpg', 'suite2'),
('suite3_1.jpg', 'jpg', 'image', 14637, 'assets/room/images/suite3_1.jpg', 80, 80, '300|300', 1, 1728204377, 25, 'suite3_1.jpg', 'suite3'),
('superior1_1.jpg', 'jpg', 'image', 125873, 'assets/room/images/superior1_1.jpg', 80, 80, '800|800', 1, 1728204378, 25, 'superior1_1.jpg', 'superior1'),
('superior2_1.jpg', 'jpg', 'image', 11884, 'assets/room/images/superior2_1.jpg', 80, 80, '300|300', 1, 1728204378, 25, 'superior2_1.jpg', 'superior2'),
('superior3_1.jpg', 'jpg', 'image', 14637, 'assets/room/images/superior3_1.jpg', 80, 80, '300|300', 1, 1728204378, 25, 'superior3_1.jpg', 'superior3'),
('superior4_1.jpg', 'jpg', 'image', 16878, 'assets/room/images/superior4_1.jpg', 80, 80, '300|300', 1, 1728204378, 25, 'superior4_1.jpg', 'superior4'),
('superior5_1.jpg', 'jpg', 'image', 181395, 'assets/room/images/superior5_1.jpg', 80, 80, '800|800', 1, 1728204378, 25, 'superior5_1.jpg', 'superior5'),
('bathtub_1.svg', 'svg', 'image', 3182, 'uploads/room/facilities/bathtub_1.svg', 80, 80, '800|800', 1, 1728204395, 26, 'bathtub_1.svg', 'bathtub'),
('desk_1.svg', 'svg', 'image', 569, 'uploads/room/facilities/desk_1.svg', 80, 80, '800|800', 1, 1728204395, 26, 'desk_1.svg', 'desk'),
('desktop-ph...svg', 'svg', 'image', 1537, 'uploads/room/facilities/desktop-phone_1.svg', 80, 80, '800|800', 1, 1728204395, 26, 'desktop-phone_1.svg', 'desktop phone'),
('hairdryer_1.svg', 'svg', 'image', 4964, 'uploads/room/facilities/hairdryer_1.svg', 80, 80, '800|800', 1, 1728204395, 26, 'hairdryer_1.svg', 'hairdryer'),
('img_999_1.svg', 'svg', 'image', 2421, 'uploads/room/facilities/img_999_1.svg', 80, 80, '800|800', 1, 1728204395, 26, 'img_999_1.svg', 'img 999'),
('img_air-co...svg', 'svg', 'image', 2649, 'uploads/room/facilities/img_air-conditional_1.svg', 80, 80, '455|455', 1, 1728204396, 26, 'img_air-conditional_1.svg', 'img air conditional'),
('img_geyser_1.svg', 'svg', 'image', 3693, 'uploads/room/facilities/img_geyser_1.svg', 80, 80, '512|512', 1, 1728204396, 26, 'img_geyser_1.svg', 'img geyser'),
('img_microw...svg', 'svg', 'image', 3059, 'uploads/room/facilities/img_microwave_1.svg', 80, 80, '421|421', 1, 1728204396, 26, 'img_microwave_1.svg', 'img microwave'),
('img_spa_1.svg', 'svg', 'image', 4911, 'uploads/room/facilities/img_spa_1.svg', 80, 80, '512|512', 1, 1728204396, 26, 'img_spa_1.svg', 'img spa'),
('img_tv_1.svg', 'svg', 'image', 4080, 'uploads/room/facilities/img_tv_1.svg', 80, 80, '256|256', 1, 1728204396, 26, 'img_tv_1.svg', 'img tv'),
('img_wifi_1.svg', 'svg', 'image', 1430, 'uploads/room/facilities/img_wifi_1.svg', 80, 80, '494|494', 1, 1728204396, 26, 'img_wifi_1.svg', 'img wifi'),
('mirror_1.svg', 'svg', 'image', 2446, 'uploads/room/facilities/mirror_1.svg', 80, 80, '800|800', 1, 1728204396, 26, 'mirror_1.svg', 'mirror'),
('safe_1.svg', 'svg', 'image', 2921, 'uploads/room/facilities/safe_1.svg', 80, 80, '800|800', 1, 1728204396, 26, 'safe_1.svg', 'safe');

-- --------------------------------------------------------

--
-- Table structure for table `nv4_users`
--

CREATE TABLE `nv4_users` (
  `userid` mediumint(8) UNSIGNED NOT NULL,
  `group_id` smallint(5) UNSIGNED NOT NULL DEFAULT 0,
  `username` varchar(100) NOT NULL DEFAULT '',
  `md5username` char(32) NOT NULL DEFAULT '',
  `password` varchar(150) NOT NULL DEFAULT '',
  `email` varchar(100) NOT NULL DEFAULT '',
  `first_name` varchar(100) NOT NULL DEFAULT '',
  `last_name` varchar(100) NOT NULL DEFAULT '',
  `gender` char(1) DEFAULT '',
  `photo` varchar(255) DEFAULT '',
  `birthday` int(11) NOT NULL,
  `sig` text DEFAULT NULL,
  `regdate` int(11) NOT NULL DEFAULT 0,
  `question` varchar(255) NOT NULL,
  `answer` varchar(255) NOT NULL DEFAULT '',
  `passlostkey` varchar(50) DEFAULT '',
  `view_mail` tinyint(1) UNSIGNED NOT NULL DEFAULT 0,
  `remember` tinyint(1) UNSIGNED NOT NULL DEFAULT 0,
  `in_groups` varchar(255) DEFAULT '',
  `active` tinyint(1) UNSIGNED NOT NULL DEFAULT 0,
  `active2step` tinyint(1) UNSIGNED NOT NULL DEFAULT 0,
  `secretkey` varchar(20) DEFAULT '',
  `checknum` varchar(40) DEFAULT '',
  `last_login` int(11) UNSIGNED NOT NULL DEFAULT 0,
  `last_ip` varchar(45) DEFAULT '',
  `last_agent` varchar(255) DEFAULT '',
  `last_openid` varchar(255) DEFAULT '',
  `last_update` int(11) UNSIGNED NOT NULL DEFAULT 0 COMMENT 'Thời điểm cập nhật thông tin lần cuối',
  `idsite` int(11) NOT NULL DEFAULT 0,
  `safemode` tinyint(1) UNSIGNED NOT NULL DEFAULT 0,
  `safekey` varchar(40) DEFAULT '',
  `email_verification_time` int(11) NOT NULL DEFAULT -1 COMMENT '-3: Tài khoản sys, -2: Admin kích hoạt, -1 không cần kích hoạt, 0: Chưa xác minh, > 0 thời gian xác minh',
  `active_obj` varchar(50) NOT NULL DEFAULT 'SYSTEM' COMMENT 'SYSTEM, EMAIL, OAUTH:xxxx, quản trị kích hoạt thì lưu userid'
) ENGINE=MyISAM DEFAULT CHARSET=utf8mb4 COLLATE=utf8mb4_unicode_ci;

--
-- Dumping data for table `nv4_users`
--

INSERT INTO `nv4_users` (`userid`, `group_id`, `username`, `md5username`, `password`, `email`, `first_name`, `last_name`, `gender`, `photo`, `birthday`, `sig`, `regdate`, `question`, `answer`, `passlostkey`, `view_mail`, `remember`, `in_groups`, `active`, `active2step`, `secretkey`, `checknum`, `last_login`, `last_ip`, `last_agent`, `last_openid`, `last_update`, `idsite`, `safemode`, `safekey`, `email_verification_time`, `active_obj`) VALUES
(1, 1, 'admin', '21232f297a57a5a743894a0e4a801fc3', '{SSHA512}FjVvsw4+mFYxjXQAm7JNcJJWuanwzjHa7ruplNKVbkNZt9k298bXGn5476TCM44BXt/2emhFE3X8lq/zXFsXRzBkYTM=', 'tuyenhoang2442002@gmail.com', 'admin', '', '', 'uploads/users/avata1_w6u2nvct_1.jpg', 0, '', 1724657116, '123', '123', '', 0, 1, '1,4', 1, 0, '', 'ffcc22fdc4996bb6955aeb3a23d3af20', 1728285516, '127.0.0.1', 'Mozilla/5.0 (Windows NT 10.0; Win64; x64) AppleWebKit/537.36 (KHTML, like Gecko) Chrome/129.0.0.0 Safari/537.36', '', 1726802930, 0, 0, '', -3, 'SYSTEM'),
(5, 2, 'Tuyen', 'Tuyen', 'bb6a9e21421f96317267438f781d8fb5', 'tuyen@gmail.com', 'Tuyen', 'Tuyen', '', '', 0, '', 1728224761, '', '', '', 1, 1, '', 1, 0, '', '', 0, '', '', '', 1728224761, 0, 0, '', 0, ''),
(6, 4, 'admin1', 'e00cf25ad42683b3df678c61f42c6bda', '{SSHA512}WNqbsZJwQZ1MHK52INk0GV5dBwUgZXhfuM9yYGTMWQuTmyrdGkeTvMWETX9fDv8FeAX/u3WbDXKRmaQzFPHloTJlZTE=', 'hoangtuyen2442002@gmail.com', 'admin1', '', 'M', '', 1019581200, '', 1729737418, 'abc', 'abc', '', 0, 1, '4', 1, 0, '', '', 0, '', '', '', 0, 0, 0, '', -1, 'SYSTEM'),
(4, 4, 'tuyenhoang2002', 'fb169784d0ce4c185edaa01935502b38', '{SSHA512}FVZs8wrPD2HY3GNn+3OGBZ1dophLylPrAOXd25ibATSq55z8ByIYs82YJG6+5itbXqCyzqAizpRxaOydKa5gHGY1Yzk=', 'hoangvantuyen2442002@gmail.com', 'van', 'hoang', 'M', 'uploads/users/deluxe1_f1jphnq5_4.jpg', 718995600, 'Tuyen', 1727875302, 'Bạn thích môn thể thao nào nhất', 'abc', '', 0, 1, '', 1, 0, '', '381c8e3ab0f083378213672bc0b6728a', 1728285546, '127.0.0.1', 'Mozilla/5.0 (Windows NT 10.0; Win64; x64) AppleWebKit/537.36 (KHTML, like Gecko) Chrome/129.0.0.0 Safari/537.36', '', 1728235421, 0, 0, '', -2, '1');

-- --------------------------------------------------------

--
-- Table structure for table `nv4_users_backupcodes`
--

CREATE TABLE `nv4_users_backupcodes` (
  `userid` mediumint(8) UNSIGNED NOT NULL,
  `code` varchar(20) NOT NULL,
  `is_used` tinyint(1) UNSIGNED NOT NULL DEFAULT 0,
  `time_used` int(11) UNSIGNED NOT NULL DEFAULT 0,
  `time_creat` int(11) UNSIGNED NOT NULL DEFAULT 0
) ENGINE=MyISAM DEFAULT CHARSET=utf8mb4 COLLATE=utf8mb4_unicode_ci;

-- --------------------------------------------------------

--
-- Table structure for table `nv4_users_config`
--

CREATE TABLE `nv4_users_config` (
  `config` varchar(100) NOT NULL,
  `content` text DEFAULT NULL,
  `edit_time` int(11) UNSIGNED NOT NULL DEFAULT 0
) ENGINE=MyISAM DEFAULT CHARSET=utf8mb4 COLLATE=utf8mb4_unicode_ci;

--
-- Dumping data for table `nv4_users_config`
--

INSERT INTO `nv4_users_config` (`config`, `content`, `edit_time`) VALUES
('access_admin', 'a:8:{s:15:\"access_viewlist\";a:3:{i:1;b:1;i:2;b:1;i:3;b:1;}s:12:\"access_addus\";a:3:{i:1;b:1;i:2;b:1;i:3;b:1;}s:14:\"access_waiting\";a:3:{i:1;b:1;i:2;b:1;i:3;b:1;}s:17:\"access_editcensor\";a:3:{i:1;b:1;i:2;b:1;i:3;b:1;}s:13:\"access_editus\";a:3:{i:1;b:1;i:2;b:1;i:3;b:1;}s:12:\"access_delus\";a:3:{i:1;b:1;i:2;b:1;i:3;b:1;}s:13:\"access_passus\";a:3:{i:1;b:1;i:2;b:1;i:3;b:1;}s:13:\"access_groups\";a:3:{i:1;b:1;i:2;b:1;i:3;b:1;}}', 1352873462),
('password_simple', '000000|1234|2000|12345|111111|123123|123456|11223344|654321|696969|1234567|12345678|87654321|123456789|23456789|1234567890|66666666|68686868|66668888|88888888|99999999|999999999|1234569|12345679|aaaaaa|abc123|abc123@|abc@123|admin123|admin123@|admin@123|nuke123|nuke123@|nuke@123|adobe1|adobe123|azerty|baseball|dragon|football|harley|iloveyou|jennifer|jordan|letmein|macromedia|master|michael|monkey|mustang|password|photoshop|pussy|qwerty|shadow|superman|hoilamgi|khongbiet|khongco|khongcopass', 1724657086),
('deny_email', 'yoursite.com|mysite.com|localhost|xxx', 1724657086),
('deny_name', 'anonimo|anonymous|god|linux|nobody|operator|root', 1724657086),
('avatar_width', '80', 1724657086),
('avatar_height', '80', 1724657086),
('active_group_newusers', '0', 1724657086),
('active_editinfo_censor', '0', 1724657086),
('active_user_logs', '1', 1724657086),
('min_old_user', '16', 1724657086),
('register_active_time', '86400', 1724657086),
('auto_assign_oauthuser', '0', 1724657086),
('admin_email', '0', 1724657086),
('siteterms_vi', '<p> Để trở thành thành viên, bạn phải cam kết đồng ý với các điều khoản dưới đây. Chúng tôi có thể thay đổi lại những điều khoản này vào bất cứ lúc nào và chúng tôi sẽ cố gắng thông báo đến bạn kịp thời.<br /> <br /> Bạn cam kết không gửi bất cứ bài viết có nội dung lừa đảo, thô tục, thiếu văn hoá; vu khống, khiêu khích, đe doạ người khác; liên quan đến các vấn đề tình dục hay bất cứ nội dung nào vi phạm luật pháp của quốc gia mà bạn đang sống, luật pháp của quốc gia nơi đặt máy chủ của website này hay luật pháp quốc tế. Nếu vẫn cố tình vi phạm, ngay lập tức bạn sẽ bị cấm tham gia vào website. Địa chỉ IP của tất cả các bài viết đều được ghi nhận lại để bảo vệ các điều khoản cam kết này trong trường hợp bạn không tuân thủ.<br /> <br /> Bạn đồng ý rằng website có quyền gỡ bỏ, sửa, di chuyển hoặc khoá bất kỳ bài viết nào trong website vào bất cứ lúc nào tuỳ theo nhu cầu công việc.<br /> <br /> Đăng ký làm thành viên của chúng tôi, bạn cũng phải đồng ý rằng, bất kỳ thông tin cá nhân nào mà bạn cung cấp đều được lưu trữ trong cơ sở dữ liệu của hệ thống. Mặc dù những thông tin này sẽ không được cung cấp cho bất kỳ người thứ ba nào khác mà không được sự đồng ý của bạn, chúng tôi không chịu trách nhiệm về việc những thông tin cá nhân này của bạn bị lộ ra bên ngoài từ những kẻ phá hoại có ý đồ xấu tấn công vào cơ sở dữ liệu của hệ thống.</p>', 1274757129);

-- --------------------------------------------------------

--
-- Table structure for table `nv4_users_edit`
--

CREATE TABLE `nv4_users_edit` (
  `userid` mediumint(8) UNSIGNED NOT NULL,
  `lastedit` int(11) UNSIGNED NOT NULL DEFAULT 0,
  `info_basic` text NOT NULL,
  `info_custom` text NOT NULL
) ENGINE=MyISAM DEFAULT CHARSET=utf8mb4 COLLATE=utf8mb4_unicode_ci;

-- --------------------------------------------------------

--
-- Table structure for table `nv4_users_field`
--

CREATE TABLE `nv4_users_field` (
  `fid` mediumint(8) NOT NULL,
  `field` varchar(25) NOT NULL,
  `weight` int(10) UNSIGNED NOT NULL DEFAULT 1,
  `field_type` enum('number','date','textbox','textarea','editor','select','radio','checkbox','multiselect') NOT NULL DEFAULT 'textbox',
  `field_choices` text NOT NULL,
  `sql_choices` text NOT NULL,
  `match_type` enum('none','alphanumeric','unicodename','email','url','regex','callback') NOT NULL DEFAULT 'none',
  `match_regex` varchar(250) NOT NULL DEFAULT '',
  `func_callback` varchar(75) NOT NULL DEFAULT '',
  `min_length` int(11) NOT NULL DEFAULT 0,
  `max_length` bigint(20) UNSIGNED NOT NULL DEFAULT 0,
  `required` tinyint(3) UNSIGNED NOT NULL DEFAULT 0,
  `show_register` tinyint(3) UNSIGNED NOT NULL DEFAULT 0,
  `user_editable` tinyint(3) UNSIGNED NOT NULL DEFAULT 0,
  `show_profile` tinyint(4) NOT NULL DEFAULT 1,
  `class` varchar(50) NOT NULL,
  `language` text NOT NULL,
  `default_value` varchar(255) NOT NULL DEFAULT '',
  `is_system` tinyint(1) UNSIGNED NOT NULL DEFAULT 0
) ENGINE=MyISAM DEFAULT CHARSET=utf8mb4 COLLATE=utf8mb4_unicode_ci;

--
-- Dumping data for table `nv4_users_field`
--

INSERT INTO `nv4_users_field` (`fid`, `field`, `weight`, `field_type`, `field_choices`, `sql_choices`, `match_type`, `match_regex`, `func_callback`, `min_length`, `max_length`, `required`, `show_register`, `user_editable`, `show_profile`, `class`, `language`, `default_value`, `is_system`) VALUES
(1, 'first_name', 1, 'textbox', '', '', 'none', '', '', 0, 100, 1, 1, 1, 1, 'input', 'a:1:{s:2:\"vi\";a:2:{i:0;s:4:\"Tên\";i:1;s:0:\"\";}}', '', 1),
(2, 'last_name', 2, 'textbox', '', '', 'none', '', '', 0, 100, 0, 1, 1, 1, 'input', 'a:1:{s:2:\"vi\";a:2:{i:0;s:20:\"Họ và tên đệm\";i:1;s:0:\"\";}}', '', 1),
(3, 'gender', 3, 'select', 'a:3:{s:1:\"N\";s:0:\"\";s:1:\"M\";s:0:\"\";s:1:\"F\";s:0:\"\";}', '', 'none', '', '', 0, 1, 0, 1, 1, 1, 'input', 'a:1:{s:2:\"vi\";a:2:{i:0;s:12:\"Giới tính\";i:1;s:0:\"\";}}', '2', 1),
(4, 'birthday', 4, 'date', 'a:1:{s:12:\"current_date\";i:0;}', '', 'none', '', '', 0, 0, 1, 1, 1, 1, 'input', 'a:1:{s:2:\"vi\";a:2:{i:0;s:22:\"Ngày tháng năm sinh\";i:1;s:0:\"\";}}', '0', 1),
(5, 'sig', 5, 'textarea', '', '', 'none', '', '', 0, 1000, 0, 1, 1, 1, 'input', 'a:1:{s:2:\"vi\";a:2:{i:0;s:9:\"Chữ ký\";i:1;s:0:\"\";}}', '', 1),
(6, 'question', 6, 'textbox', '', '', 'none', '', '', 3, 255, 1, 1, 1, 1, 'input', 'a:1:{s:2:\"vi\";a:2:{i:0;s:22:\"Câu hỏi bảo mật\";i:1;s:0:\"\";}}', '', 1),
(7, 'answer', 7, 'textbox', '', '', 'none', '', '', 3, 255, 1, 1, 1, 1, 'input', 'a:1:{s:2:\"vi\";a:2:{i:0;s:22:\"Trả lời câu hỏi\";i:1;s:0:\"\";}}', '', 1);

-- --------------------------------------------------------

--
-- Table structure for table `nv4_users_groups`
--

CREATE TABLE `nv4_users_groups` (
  `group_id` smallint(5) UNSIGNED NOT NULL,
  `alias` varchar(240) NOT NULL,
  `email` varchar(100) DEFAULT '',
  `group_type` tinyint(4) UNSIGNED NOT NULL DEFAULT 0 COMMENT '0:Sys, 1:approval, 2:public',
  `group_color` varchar(10) NOT NULL,
  `group_avatar` varchar(255) NOT NULL,
  `require_2step_admin` tinyint(1) UNSIGNED NOT NULL DEFAULT 0,
  `require_2step_site` tinyint(1) UNSIGNED NOT NULL DEFAULT 0,
  `is_default` tinyint(1) UNSIGNED NOT NULL DEFAULT 0,
  `add_time` int(11) NOT NULL,
  `exp_time` int(11) NOT NULL,
  `weight` int(11) UNSIGNED NOT NULL DEFAULT 0,
  `act` tinyint(1) UNSIGNED NOT NULL,
  `idsite` int(11) UNSIGNED NOT NULL DEFAULT 0,
  `numbers` mediumint(9) UNSIGNED NOT NULL DEFAULT 0,
  `siteus` tinyint(4) UNSIGNED NOT NULL DEFAULT 0,
  `config` varchar(250) DEFAULT ''
) ENGINE=MyISAM DEFAULT CHARSET=utf8mb4 COLLATE=utf8mb4_unicode_ci;

--
-- Dumping data for table `nv4_users_groups`
--

INSERT INTO `nv4_users_groups` (`group_id`, `alias`, `email`, `group_type`, `group_color`, `group_avatar`, `require_2step_admin`, `require_2step_site`, `is_default`, `add_time`, `exp_time`, `weight`, `act`, `idsite`, `numbers`, `siteus`, `config`) VALUES
(1, 'Super-Admin', '', 0, '', '', 0, 0, 0, 1724657086, 0, 1, 1, 0, 1, 0, 'a:7:{s:17:\"access_groups_add\";i:1;s:17:\"access_groups_del\";i:1;s:12:\"access_addus\";i:0;s:14:\"access_waiting\";i:0;s:13:\"access_editus\";i:0;s:12:\"access_delus\";i:0;s:13:\"access_passus\";i:0;}'),
(2, 'General-Admin', '', 0, '', '', 0, 0, 0, 1724657086, 0, 2, 1, 0, 0, 0, 'a:7:{s:17:\"access_groups_add\";i:1;s:17:\"access_groups_del\";i:1;s:12:\"access_addus\";i:0;s:14:\"access_waiting\";i:0;s:13:\"access_editus\";i:0;s:12:\"access_delus\";i:0;s:13:\"access_passus\";i:0;}'),
(3, 'Module-Admin', '', 0, '', '', 0, 0, 0, 1724657086, 0, 3, 1, 0, 0, 0, 'a:7:{s:17:\"access_groups_add\";i:1;s:17:\"access_groups_del\";i:1;s:12:\"access_addus\";i:0;s:14:\"access_waiting\";i:0;s:13:\"access_editus\";i:0;s:12:\"access_delus\";i:0;s:13:\"access_passus\";i:0;}'),
(4, 'Users', '', 0, '', '', 0, 0, 0, 1724657086, 0, 4, 1, 0, 3, 0, 'a:7:{s:17:\"access_groups_add\";i:1;s:17:\"access_groups_del\";i:1;s:12:\"access_addus\";i:0;s:14:\"access_waiting\";i:0;s:13:\"access_editus\";i:0;s:12:\"access_delus\";i:0;s:13:\"access_passus\";i:0;}'),
(7, 'New-Users', '', 0, '', '', 0, 0, 0, 1724657086, 0, 5, 1, 0, 0, 0, 'a:7:{s:17:\"access_groups_add\";i:1;s:17:\"access_groups_del\";i:1;s:12:\"access_addus\";i:0;s:14:\"access_waiting\";i:0;s:13:\"access_editus\";i:0;s:12:\"access_delus\";i:0;s:13:\"access_passus\";i:0;}'),
(5, 'Guest', '', 0, '', '', 0, 0, 0, 1724657086, 0, 6, 1, 0, 0, 0, 'a:7:{s:17:\"access_groups_add\";i:1;s:17:\"access_groups_del\";i:1;s:12:\"access_addus\";i:0;s:14:\"access_waiting\";i:0;s:13:\"access_editus\";i:0;s:12:\"access_delus\";i:0;s:13:\"access_passus\";i:0;}'),
(6, 'All', '', 0, '', '', 0, 0, 0, 1724657086, 0, 7, 1, 0, 0, 0, 'a:7:{s:17:\"access_groups_add\";i:1;s:17:\"access_groups_del\";i:1;s:12:\"access_addus\";i:0;s:14:\"access_waiting\";i:0;s:13:\"access_editus\";i:0;s:12:\"access_delus\";i:0;s:13:\"access_passus\";i:0;}'),
(10, 'NukeViet-Fans', '', 2, '', '', 0, 0, 1, 1724657086, 0, 8, 1, 0, 0, 0, 'a:7:{s:17:\"access_groups_add\";i:1;s:17:\"access_groups_del\";i:1;s:12:\"access_addus\";i:0;s:14:\"access_waiting\";i:0;s:13:\"access_editus\";i:0;s:12:\"access_delus\";i:0;s:13:\"access_passus\";i:0;}'),
(11, 'NukeViet-Admins', '', 2, '', '', 0, 0, 0, 1724657086, 0, 9, 1, 0, 0, 0, 'a:7:{s:17:\"access_groups_add\";i:1;s:17:\"access_groups_del\";i:1;s:12:\"access_addus\";i:0;s:14:\"access_waiting\";i:0;s:13:\"access_editus\";i:0;s:12:\"access_delus\";i:0;s:13:\"access_passus\";i:0;}'),
(12, 'NukeViet-Programmers', '', 1, '', '', 0, 0, 0, 1724657086, 0, 10, 1, 0, 0, 0, 'a:7:{s:17:\"access_groups_add\";i:1;s:17:\"access_groups_del\";i:1;s:12:\"access_addus\";i:0;s:14:\"access_waiting\";i:0;s:13:\"access_editus\";i:0;s:12:\"access_delus\";i:0;s:13:\"access_passus\";i:0;}');

-- --------------------------------------------------------

--
-- Table structure for table `nv4_users_groups_detail`
--

CREATE TABLE `nv4_users_groups_detail` (
  `group_id` smallint(5) UNSIGNED NOT NULL DEFAULT 0,
  `lang` char(2) NOT NULL DEFAULT '',
  `title` varchar(240) NOT NULL,
  `description` varchar(240) NOT NULL DEFAULT '',
  `content` text DEFAULT NULL
) ENGINE=MyISAM DEFAULT CHARSET=utf8mb4 COLLATE=utf8mb4_unicode_ci;

--
-- Dumping data for table `nv4_users_groups_detail`
--

INSERT INTO `nv4_users_groups_detail` (`group_id`, `lang`, `title`, `description`, `content`) VALUES
(1, 'vi', 'Super Admin', '', ''),
(2, 'vi', 'General Admin', '', ''),
(3, 'vi', 'Module Admin', '', ''),
(4, 'vi', 'Users', '', ''),
(7, 'vi', 'New Users', '', ''),
(5, 'vi', 'Guest', '', ''),
(6, 'vi', 'All', '', ''),
(10, 'vi', 'Người hâm mộ', 'Nhóm những người hâm mộ hệ thống NukeViet', ''),
(11, 'vi', 'Người quản lý', 'Nhóm những người quản lý website xây dựng bằng hệ thống NukeViet', ''),
(12, 'vi', 'Lập trình viên', 'Nhóm Lập trình viên hệ thống NukeViet', '');

-- --------------------------------------------------------

--
-- Table structure for table `nv4_users_groups_users`
--

CREATE TABLE `nv4_users_groups_users` (
  `group_id` smallint(5) UNSIGNED NOT NULL DEFAULT 0,
  `userid` mediumint(8) UNSIGNED NOT NULL DEFAULT 0,
  `is_leader` tinyint(1) UNSIGNED NOT NULL DEFAULT 0,
  `approved` tinyint(1) UNSIGNED NOT NULL DEFAULT 0,
  `data` text NOT NULL,
  `time_requested` int(11) UNSIGNED NOT NULL DEFAULT 0 COMMENT 'Thời gian yêu cầu tham gia',
  `time_approved` int(11) UNSIGNED NOT NULL DEFAULT 0 COMMENT 'Thời gian duyệt yêu cầu tham gia'
) ENGINE=MyISAM DEFAULT CHARSET=utf8mb4 COLLATE=utf8mb4_unicode_ci;

--
-- Dumping data for table `nv4_users_groups_users`
--

INSERT INTO `nv4_users_groups_users` (`group_id`, `userid`, `is_leader`, `approved`, `data`, `time_requested`, `time_approved`) VALUES
(1, 1, 1, 1, '0', 1724657116, 1724657116);

-- --------------------------------------------------------

--
-- Table structure for table `nv4_users_info`
--

CREATE TABLE `nv4_users_info` (
  `userid` mediumint(8) UNSIGNED NOT NULL
) ENGINE=MyISAM DEFAULT CHARSET=utf8mb4 COLLATE=utf8mb4_unicode_ci;

--
-- Dumping data for table `nv4_users_info`
--

INSERT INTO `nv4_users_info` (`userid`) VALUES
(1),
(4),
(6);

-- --------------------------------------------------------

--
-- Table structure for table `nv4_users_openid`
--

CREATE TABLE `nv4_users_openid` (
  `userid` mediumint(8) UNSIGNED NOT NULL DEFAULT 0,
  `openid` char(50) NOT NULL DEFAULT '',
  `opid` char(50) NOT NULL DEFAULT '',
  `id` char(50) NOT NULL DEFAULT '',
  `email` varchar(100) NOT NULL DEFAULT ''
) ENGINE=MyISAM DEFAULT CHARSET=utf8mb4 COLLATE=utf8mb4_unicode_ci;

-- --------------------------------------------------------

--
-- Table structure for table `nv4_users_question`
--

CREATE TABLE `nv4_users_question` (
  `qid` smallint(5) UNSIGNED NOT NULL,
  `title` varchar(240) NOT NULL DEFAULT '',
  `lang` char(2) NOT NULL DEFAULT '',
  `weight` mediumint(8) UNSIGNED NOT NULL DEFAULT 0,
  `add_time` int(11) UNSIGNED NOT NULL DEFAULT 0,
  `edit_time` int(11) UNSIGNED NOT NULL DEFAULT 0
) ENGINE=MyISAM DEFAULT CHARSET=utf8mb4 COLLATE=utf8mb4_unicode_ci;

--
-- Dumping data for table `nv4_users_question`
--

INSERT INTO `nv4_users_question` (`qid`, `title`, `lang`, `weight`, `add_time`, `edit_time`) VALUES
(1, 'Bạn thích môn thể thao nào nhất', 'vi', 1, 1274840238, 1274840238),
(2, 'Món ăn mà bạn yêu thích', 'vi', 2, 1274840250, 1274840250),
(3, 'Thần tượng điện ảnh của bạn', 'vi', 3, 1274840257, 1274840257),
(4, 'Bạn thích nhạc sỹ nào nhất', 'vi', 4, 1274840264, 1274840264),
(5, 'Quê ngoại của bạn ở đâu', 'vi', 5, 1274840270, 1274840270),
(6, 'Tên cuốn sách &quot;gối đầu giường&quot;', 'vi', 6, 1274840278, 1274840278),
(7, 'Ngày lễ mà bạn luôn mong đợi', 'vi', 7, 1274840285, 1274840285);

-- --------------------------------------------------------

--
-- Table structure for table `nv4_users_reg`
--

CREATE TABLE `nv4_users_reg` (
  `userid` mediumint(8) UNSIGNED NOT NULL,
  `username` varchar(100) NOT NULL DEFAULT '',
  `md5username` char(32) NOT NULL DEFAULT '',
  `password` varchar(150) NOT NULL DEFAULT '',
  `email` varchar(100) NOT NULL DEFAULT '',
  `first_name` varchar(255) NOT NULL DEFAULT '',
  `last_name` varchar(255) NOT NULL DEFAULT '',
  `gender` char(1) NOT NULL DEFAULT '',
  `birthday` int(11) NOT NULL,
  `sig` text DEFAULT NULL,
  `regdate` int(11) UNSIGNED NOT NULL DEFAULT 0,
  `question` varchar(255) NOT NULL,
  `answer` varchar(255) NOT NULL DEFAULT '',
  `checknum` varchar(50) NOT NULL DEFAULT '',
  `users_info` text DEFAULT NULL,
  `openid_info` text DEFAULT NULL,
  `idsite` mediumint(8) UNSIGNED NOT NULL DEFAULT 0
) ENGINE=MyISAM DEFAULT CHARSET=utf8mb4 COLLATE=utf8mb4_unicode_ci;

-- --------------------------------------------------------

--
-- Table structure for table `nv4_vi_about`
--

CREATE TABLE `nv4_vi_about` (
  `id` mediumint(8) UNSIGNED NOT NULL,
  `title` varchar(250) NOT NULL,
  `alias` varchar(250) NOT NULL,
  `image` varchar(255) DEFAULT '',
  `imagealt` varchar(255) DEFAULT '',
  `imageposition` tinyint(1) UNSIGNED NOT NULL DEFAULT 0,
  `description` text DEFAULT NULL,
  `bodytext` mediumtext NOT NULL,
  `keywords` text DEFAULT NULL,
  `socialbutton` tinyint(4) NOT NULL DEFAULT 0,
  `activecomm` varchar(255) DEFAULT '',
  `layout_func` varchar(100) DEFAULT '',
  `weight` smallint(4) NOT NULL DEFAULT 0,
  `admin_id` mediumint(8) UNSIGNED NOT NULL DEFAULT 0,
  `add_time` int(11) NOT NULL DEFAULT 0,
  `edit_time` int(11) NOT NULL DEFAULT 0,
  `status` tinyint(1) UNSIGNED NOT NULL DEFAULT 0,
  `hitstotal` mediumint(8) UNSIGNED NOT NULL DEFAULT 0,
  `hot_post` tinyint(1) UNSIGNED NOT NULL DEFAULT 0
) ENGINE=MyISAM DEFAULT CHARSET=utf8mb4 COLLATE=utf8mb4_unicode_ci;

-- --------------------------------------------------------

--
-- Table structure for table `nv4_vi_about_config`
--

CREATE TABLE `nv4_vi_about_config` (
  `config_name` varchar(30) NOT NULL,
  `config_value` varchar(255) NOT NULL
) ENGINE=MyISAM DEFAULT CHARSET=utf8mb4 COLLATE=utf8mb4_unicode_ci;

--
-- Dumping data for table `nv4_vi_about_config`
--

INSERT INTO `nv4_vi_about_config` (`config_name`, `config_value`) VALUES
('viewtype', '0'),
('facebookapi', ''),
('per_page', '20'),
('news_first', '0'),
('related_articles', '5'),
('copy_page', '0'),
('alias_lower', '1'),
('socialbutton', 'facebook,twitter');

-- --------------------------------------------------------

--
-- Table structure for table `nv4_vi_blocks_groups`
--

CREATE TABLE `nv4_vi_blocks_groups` (
  `bid` mediumint(8) UNSIGNED NOT NULL,
  `theme` varchar(55) NOT NULL,
  `module` varchar(55) NOT NULL,
  `file_name` varchar(55) DEFAULT NULL,
  `title` varchar(255) DEFAULT NULL,
  `link` varchar(255) DEFAULT NULL,
  `template` varchar(55) DEFAULT NULL,
  `position` varchar(55) DEFAULT NULL,
  `exp_time` int(11) DEFAULT 0,
  `active` varchar(10) DEFAULT '1',
  `act` tinyint(1) UNSIGNED NOT NULL DEFAULT 1,
  `groups_view` varchar(255) DEFAULT '',
  `all_func` tinyint(4) NOT NULL DEFAULT 0,
  `weight` int(11) NOT NULL DEFAULT 0,
  `config` text DEFAULT NULL
) ENGINE=MyISAM DEFAULT CHARSET=utf8mb4 COLLATE=utf8mb4_unicode_ci;

--
-- Dumping data for table `nv4_vi_blocks_groups`
--

INSERT INTO `nv4_vi_blocks_groups` (`bid`, `theme`, `module`, `file_name`, `title`, `link`, `template`, `position`, `exp_time`, `active`, `act`, `groups_view`, `all_func`, `weight`, `config`) VALUES
(4, 'default', 'theme', 'global.module_menu.php', 'Module Menu', '', 'no_title', '[LEFT]', 0, '1', 1, '6', 0, 1, ''),
(22, 'mobile_default', 'menu', 'global.metismenu.php', 'Menu Site', '', 'no_title', '[MENU_SITE]', 0, '1', 1, '6', 1, 1, 'a:2:{s:6:\"menuid\";i:1;s:12:\"title_length\";i:0;}'),
(23, 'mobile_default', 'users', 'global.user_button.php', 'Sign In', '', 'no_title', '[MENU_SITE]', 0, '1', 1, '6', 1, 2, ''),
(28, 'mobile_default', 'theme', 'global.copyright.php', 'Copyright', '', 'no_title', '[FOOTER_SITE]', 0, '1', 1, '6', 1, 1, 'a:5:{s:12:\"copyright_by\";s:0:\"\";s:13:\"copyright_url\";s:0:\"\";s:9:\"design_by\";s:12:\"VINADES.,JSC\";s:10:\"design_url\";s:18:\"http://vinades.vn/\";s:13:\"siteterms_url\";s:39:\"/index.php?language=vi&amp;nv=siteterms\";}'),
(29, 'mobile_default', 'theme', 'global.menu_footer.php', 'Các chuyên mục chính', '', 'primary', '[MENU_FOOTER]', 0, '1', 1, '6', 1, 1, 'a:1:{s:14:\"module_in_menu\";a:9:{i:0;s:5:\"about\";i:1;s:4:\"news\";i:2;s:5:\"users\";i:3;s:7:\"contact\";i:4;s:6:\"voting\";i:5;s:7:\"banners\";i:6;s:4:\"seek\";i:7;s:5:\"feeds\";i:8;s:9:\"siteterms\";}}'),
(30, 'mobile_default', 'theme', 'global.company_info.php', 'Công ty chủ quản', '', 'primary', '[COMPANY_INFO]', 0, '1', 1, '6', 1, 1, 'a:13:{s:12:\"company_name\";s:58:\"Công ty cổ phần phát triển nguồn mở Việt Nam\";s:15:\"company_address\";s:82:\"Tầng 6, tòa nhà Sông Đà, 131 Trần Phú, Văn Quán, Hà Đông, Hà Nội\";s:16:\"company_sortname\";s:12:\"VINADES.,JSC\";s:15:\"company_regcode\";s:0:\"\";s:16:\"company_regplace\";s:0:\"\";s:21:\"company_licensenumber\";s:0:\"\";s:22:\"company_responsibility\";s:0:\"\";s:15:\"company_showmap\";i:1;s:14:\"company_mapurl\";s:312:\"https://www.google.com/maps/embed?pb=!1m14!1m8!1m3!1d427.01613794022035!2d105.78849184070538!3d20.979995366268337!3m2!1i1024!2i768!4f13.1!3m3!1m2!1s0x3135ac93055e2f2f%3A0x91f4b423089193dd!2zQ8O0bmcgdHkgQ-G7lSBwaOG6p24gUGjDoXQgdHJp4buDbiBOZ3Xhu5NuIG3hu58gVmnhu4d0IE5hbQ!5e0!3m2!1svi!2s!4v1701239622249!5m2!1svi!2s\";s:13:\"company_phone\";s:30:\"+84-24-85872007[+842485872007]\";s:11:\"company_fax\";s:15:\"+84-24-35500914\";s:13:\"company_email\";s:18:\"contact@vinades.vn\";s:15:\"company_website\";s:17:\"http://vinades.vn\";}'),
(31, 'de1', 'theme', 'global.company_info.php', 'Công ty chủ quản', '', 'simple', '[COMPANY_INFO]', 0, '1', 1, '6', 1, 1, 'a:13:{s:12:\"company_name\";s:58:\"Công ty cổ phần phát triển nguồn mở Việt Nam\";s:16:\"company_sortname\";s:12:\"VINADES.,JSC\";s:15:\"company_regcode\";s:0:\"\";s:16:\"company_regplace\";s:0:\"\";s:21:\"company_licensenumber\";s:0:\"\";s:22:\"company_responsibility\";s:0:\"\";s:15:\"company_address\";s:82:\"Tầng 6, tòa nhà Sông Đà, 131 Trần Phú, Văn Quán, Hà Đông, Hà Nội\";s:15:\"company_showmap\";i:1;s:14:\"company_mapurl\";s:312:\"https://www.google.com/maps/embed?pb=!1m14!1m8!1m3!1d427.01613794022035!2d105.78849184070538!3d20.979995366268337!3m2!1i1024!2i768!4f13.1!3m3!1m2!1s0x3135ac93055e2f2f%3A0x91f4b423089193dd!2zQ8O0bmcgdHkgQ-G7lSBwaOG6p24gUGjDoXQgdHJp4buDbiBOZ3Xhu5NuIG3hu58gVmnhu4d0IE5hbQ!5e0!3m2!1svi!2s!4v1701239622249!5m2!1svi!2s\";s:13:\"company_phone\";s:38:\"+84-24-85872007[+842485872007]\";s:11:\"company_fax\";s:15:\"+84-24-35500914\";s:13:\"company_email\";s:18:\"contact@vinades.vn\";s:15:\"company_website\";s:17:\"http://vinades.vn\";}'),
(32, 'de1', 'contact', 'global.contact_default.php', 'Contact Default', '', 'no_title', '[CONTACT_DEFAULT]', 0, '1', 1, '6', 1, 1, ''),
(33, 'de1', 'freecontent', 'global.free_content.php', 'Sản phẩm', '', 'no_title', '[FEATURED_PRODUCT]', 0, '1', 1, '6', 1, 1, 'a:2:{s:7:\"blockid\";i:1;s:7:\"numrows\";i:2;}'),
(34, 'de1', 'theme', 'global.copyright.php', 'Copyright', '', 'no_title', '[FOOTER_SITE]', 0, '1', 1, '6', 1, 1, 'a:5:{s:12:\"copyright_by\";s:0:\"\";s:13:\"copyright_url\";s:0:\"\";s:9:\"design_by\";s:12:\"VINADES.,JSC\";s:10:\"design_url\";s:18:\"http://vinades.vn/\";s:13:\"siteterms_url\";s:39:\"/index.php?language=vi&amp;nv=siteterms\";}'),
(35, 'de1', 'contact', 'global.contact_form.php', 'Feedback', '', 'no_title', '[FOOTER_SITE]', 0, '1', 1, '6', 1, 2, ''),
(36, 'de1', 'news', 'global.block_category.php', 'Chủ đề', '', 'no_title', '[LEFT]', 0, '1', 1, '6', 0, 1, 'a:2:{s:5:\"catid\";i:0;s:12:\"title_length\";i:0;}'),
(37, 'de1', 'theme', 'global.module_menu.php', 'Module Menu', '', 'no_title', '[LEFT]', 0, '1', 1, '6', 0, 2, ''),
(38, 'de1', 'banners', 'global.banners.php', 'Quảng cáo cột trái', '', 'no_title', '[LEFT]', 0, '1', 1, '6', 1, 3, 'a:1:{s:12:\"idplanbanner\";i:2;}'),
(39, 'de1', 'statistics', 'global.counter.php', 'Thống kê', '', 'primary', '[LEFT]', 0, '1', 1, '6', 1, 4, ''),
(40, 'de1', 'theme', 'global.menu_footer.php', 'Các chuyên mục chính', '', 'simple', '[MENU_FOOTER]', 0, '1', 1, '6', 1, 1, 'a:1:{s:14:\"module_in_menu\";a:8:{i:0;s:5:\"about\";i:1;s:4:\"news\";i:2;s:5:\"users\";i:3;s:7:\"contact\";i:4;s:6:\"voting\";i:5;s:7:\"banners\";i:6;s:4:\"seek\";i:7;s:5:\"feeds\";}}'),
(41, 'de1', 'menu', 'global.bootstrap.php', 'Menu Site', '', 'no_title', '[MENU_SITE]', 0, '1', 1, '6', 1, 1, 'a:2:{s:6:\"menuid\";i:1;s:12:\"title_length\";i:0;}'),
(42, 'de1', 'users', 'global.user_button.php', 'Đăng nhập thành viên', '', 'no_title', '[PERSONALAREA]', 0, '1', 1, '6', 1, 1, ''),
(43, 'de1', 'theme', 'global.QR_code.php', 'QR code', '', 'no_title', '[QR_CODE]', 0, '1', 1, '6', 1, 1, ''),
(44, 'de1', 'statistics', 'global.counter_button.php', 'Online button', '', 'no_title', '[QR_CODE]', 0, '1', 1, '6', 1, 2, ''),
(45, 'de1', 'about', 'global.about.php', 'Giới thiệu', '', 'border', '[RIGHT]', 0, '1', 1, '6', 1, 1, ''),
(46, 'de1', 'banners', 'global.banners.php', 'Quảng cáo cột phải', '', 'no_title', '[RIGHT]', 0, '1', 1, '6', 1, 2, 'a:1:{s:12:\"idplanbanner\";i:3;}'),
(47, 'de1', 'voting', 'global.voting_random.php', 'Thăm dò ý kiến', '', 'primary', '[RIGHT]', 0, '1', 1, '6', 1, 3, ''),
(48, 'de1', 'news', 'global.block_tophits.php', 'Tin xem nhiều', '', 'primary', '[RIGHT]', 0, '1', 1, '6', 1, 4, 'a:6:{s:10:\"number_day\";i:3650;s:6:\"numrow\";i:10;s:11:\"showtooltip\";i:1;s:16:\"tooltip_position\";s:6:\"bottom\";s:14:\"tooltip_length\";s:3:\"150\";s:7:\"nocatid\";a:2:{i:0;i:10;i:1;i:11;}}'),
(49, 'de1', 'theme', 'global.social.php', 'Social icon', '', 'no_title', '[SOCIAL_ICONS]', 0, '1', 1, '6', 1, 1, 'a:4:{s:8:\"facebook\";s:32:\"http://www.facebook.com/nukeviet\";s:11:\"google_plus\";s:32:\"https://www.google.com/+nukeviet\";s:7:\"youtube\";s:37:\"https://www.youtube.com/user/nukeviet\";s:7:\"twitter\";s:28:\"https://twitter.com/nukeviet\";}'),
(50, 'de1', 'news', 'module.block_newscenter.php', 'Tin mới nhất', '', 'no_title', '[TOP]', 0, '1', 1, '6', 0, 1, 'a:10:{s:6:\"numrow\";i:6;s:11:\"showtooltip\";i:1;s:16:\"tooltip_position\";s:6:\"bottom\";s:14:\"tooltip_length\";s:3:\"150\";s:12:\"length_title\";i:0;s:15:\"length_hometext\";i:0;s:17:\"length_othertitle\";i:60;s:5:\"width\";i:500;s:6:\"height\";i:0;s:7:\"nocatid\";a:0:{}}'),
(51, 'de1', 'banners', 'global.banners.php', 'Quảng cáo giữa trang', '', 'no_title', '[TOP]', 0, '1', 1, '6', 0, 2, 'a:1:{s:12:\"idplanbanner\";i:1;}'),
(54, 'default', 'menu', 'global.bootstrap.php', 'global metismenu', '', 'no_title', '[HEAD_RIGHT]', 0, '1', 1, '6', 0, 1, 'a:2:{s:6:\"menuid\";i:1;s:12:\"title_length\";i:0;}'),
(55, 'web_hotel', 'theme', 'global.company_info.php', 'Công ty chủ quản', '', 'simple', '[COMPANY_INFO]', 0, '1', 1, '6', 1, 1, 'a:13:{s:12:\"company_name\";s:58:\"Công ty cổ phần phát triển nguồn mở Việt Nam\";s:16:\"company_sortname\";s:12:\"VINADES.,JSC\";s:15:\"company_regcode\";s:0:\"\";s:16:\"company_regplace\";s:0:\"\";s:21:\"company_licensenumber\";s:0:\"\";s:22:\"company_responsibility\";s:0:\"\";s:15:\"company_address\";s:82:\"Tầng 6, tòa nhà Sông Đà, 131 Trần Phú, Văn Quán, Hà Đông, Hà Nội\";s:15:\"company_showmap\";i:1;s:14:\"company_mapurl\";s:312:\"https://www.google.com/maps/embed?pb=!1m14!1m8!1m3!1d427.01613794022035!2d105.78849184070538!3d20.979995366268337!3m2!1i1024!2i768!4f13.1!3m3!1m2!1s0x3135ac93055e2f2f%3A0x91f4b423089193dd!2zQ8O0bmcgdHkgQ-G7lSBwaOG6p24gUGjDoXQgdHJp4buDbiBOZ3Xhu5NuIG3hu58gVmnhu4d0IE5hbQ!5e0!3m2!1svi!2s!4v1701239622249!5m2!1svi!2s\";s:13:\"company_phone\";s:38:\"+84-24-85872007[+842485872007]\";s:11:\"company_fax\";s:15:\"+84-24-35500914\";s:13:\"company_email\";s:18:\"contact@vinades.vn\";s:15:\"company_website\";s:17:\"http://vinades.vn\";}'),
(57, 'web_hotel', 'freecontent', 'global.free_content.php', 'Sản phẩm', '', 'no_title', '[FEATURED_PRODUCT]', 0, '1', 1, '6', 1, 1, 'a:2:{s:7:\"blockid\";i:1;s:7:\"numrows\";i:2;}'),
(58, 'web_hotel', 'theme', 'global.copyright.php', 'Copyright', '', 'no_title', '[FOOTER_SITE]', 0, '1', 1, '6', 1, 1, 'a:5:{s:12:\"copyright_by\";s:0:\"\";s:13:\"copyright_url\";s:0:\"\";s:9:\"design_by\";s:12:\"VINADES.,JSC\";s:10:\"design_url\";s:18:\"http://vinades.vn/\";s:13:\"siteterms_url\";s:39:\"/index.php?language=vi&amp;nv=siteterms\";}'),
(59, 'web_hotel', 'contact', 'global.contact_form.php', 'Feedback', '', 'no_title', '[FOOTER_SITE]', 0, '1', 1, '6', 1, 2, ''),
(60, 'web_hotel', 'news', 'global.block_category.php', 'Chủ đề', '', 'no_title', '[LEFT]', 0, '1', 1, '6', 0, 1, 'a:2:{s:5:\"catid\";i:0;s:12:\"title_length\";i:0;}'),
(61, 'web_hotel', 'theme', 'global.module_menu.php', 'Module Menu', '', 'no_title', '[LEFT]', 0, '1', 1, '6', 0, 2, ''),
(62, 'web_hotel', 'theme', 'global.menu_footer.php', 'Các chuyên mục chính', '', 'simple', '[MENU_FOOTER]', 0, '1', 1, '6', 1, 1, 'a:1:{s:14:\"module_in_menu\";a:8:{i:0;s:5:\"about\";i:1;s:4:\"news\";i:2;s:5:\"users\";i:3;s:7:\"contact\";i:4;s:6:\"voting\";i:5;s:7:\"banners\";i:6;s:4:\"seek\";i:7;s:5:\"feeds\";}}'),
(63, 'web_hotel', 'menu', 'global.bootstrap.php', 'Menu Site', '', 'no_title', '[MENU_SITE]', 0, '1', 1, '6', 1, 1, 'a:2:{s:6:\"menuid\";i:1;s:12:\"title_length\";i:0;}'),
(64, 'web_hotel', 'users', 'global.user_button.php', 'Đăng nhập thành viên', '', 'no_title', '[PERSONALAREA]', 0, '1', 1, '6', 1, 1, ''),
(65, 'web_hotel', 'theme', 'global.QR_code.php', 'QR code', '', 'no_title', '[QR_CODE]', 0, '1', 1, '6', 1, 1, ''),
(66, 'web_hotel', 'about', 'global.about.php', 'Giới thiệu', '', 'border', '[RIGHT]', 0, '1', 1, '6', 1, 1, ''),
(67, 'web_hotel', 'voting', 'global.voting_random.php', 'Thăm dò ý kiến', '', 'primary', '[RIGHT]', 0, '1', 1, '6', 1, 2, ''),
(68, 'web_hotel', 'news', 'global.block_tophits.php', 'Tin xem nhiều', '', 'primary', '[RIGHT]', 0, '1', 1, '6', 1, 3, 'a:6:{s:10:\"number_day\";i:3650;s:6:\"numrow\";i:10;s:11:\"showtooltip\";i:1;s:16:\"tooltip_position\";s:6:\"bottom\";s:14:\"tooltip_length\";s:3:\"150\";s:7:\"nocatid\";a:2:{i:0;i:10;i:1;i:11;}}'),
(69, 'web_hotel', 'theme', 'global.social.php', 'Social icon', '', 'no_title', '[SOCIAL_ICONS]', 0, '1', 1, '6', 1, 1, 'a:4:{s:8:\"facebook\";s:32:\"http://www.facebook.com/nukeviet\";s:11:\"google_plus\";s:32:\"https://www.google.com/+nukeviet\";s:7:\"youtube\";s:37:\"https://www.youtube.com/user/nukeviet\";s:7:\"twitter\";s:28:\"https://twitter.com/nukeviet\";}'),
(70, 'web_hotel', 'news', 'module.block_newscenter.php', 'Tin mới nhất', '', 'no_title', '[TOP]', 0, '1', 1, '6', 0, 1, 'a:10:{s:6:\"numrow\";i:6;s:11:\"showtooltip\";i:1;s:16:\"tooltip_position\";s:6:\"bottom\";s:14:\"tooltip_length\";s:3:\"150\";s:12:\"length_title\";i:0;s:15:\"length_hometext\";i:0;s:17:\"length_othertitle\";i:60;s:5:\"width\";i:500;s:6:\"height\";i:0;s:7:\"nocatid\";a:0:{}}'),
(71, 'web_hotel', 'contact', 'global.contact_default.php', 'global contact default', '', '', '[CONTACT_DEFAULT]', 0, '1', 1, '6', 1, 1, ''),
(73, 'default', 'about', 'global.html.php', 'global about', '', 'no_title', '[MENU_FOOTER]', 0, '1', 1, '6', 0, 1, 'a:1:{s:11:\"htmlcontent\";s:121:\"<figure class=\"image\"><img style=\"aspect-ratio:1500/1125;\" src=\"/uploads/logo.png\" width=\"1500\" height=\"1125\" /></figure>\";}'),
(125, 'default', 'theme', 'global.carousel.php', 'global carousel', '', 'no_title', '[CAROUSEL]', 0, '1', 1, '6', 0, 1, ''),
(129, 'default', 'menu', 'global.bootstrap.php', 'global bootstrap', '', 'no_title', '[MENU_SITE]', 0, '1', 1, '6', 0, 1, 'a:2:{s:6:\"menuid\";i:1;s:12:\"title_length\";i:0;}'),
(131, 'default', 'theme', 'global.search.php', 'global search', '', 'no_title', '[HEADER]', 0, '1', 1, '6', 0, 1, ''),
(132, 'default', 'theme', 'global.search.php', 'global search', '', 'no_title', '[HEADER]', 0, '1', 1, '6', 0, 2, ''),
(173, 'default', 'contact', 'global.contact_default.php', 'global contact default', '', 'no_title', '[CONTACT_DEFAULT]', 0, '1', 1, '6', 0, 1, ''),
(174, 'default', 'users', 'global.user_button.php', 'global contact form', '', 'no_title', '[SOCIAL_ICONS]', 0, '1', 1, '6', 0, 1, ''),
(180, 'home', 'news', 'global.block_category.php', 'Chủ đề', '', 'no_title', '[LEFT]', 0, '1', 1, '6', 0, 1, 'a:2:{s:5:\"catid\";i:0;s:12:\"title_length\";i:0;}'),
(181, 'home', 'theme', 'global.module_menu.php', 'Module Menu', '', 'no_title', '[LEFT]', 0, '1', 1, '6', 0, 2, ''),
(185, 'home', 'menu', 'global.bootstrap.php', 'Menu Site', '', 'no_title', '[HEAD_RIGHT]', 0, '1', 1, '6', 1, 1, 'a:2:{s:6:\"menuid\";i:1;s:12:\"title_length\";i:0;}'),
(189, 'home', 'about', 'global.about.php', 'Giới thiệu', '', 'border', '[RIGHT]', 0, '1', 1, '6', 1, 1, ''),
(190, 'home', 'banners', 'global.banners.php', 'Quảng cáo cột phải', '', 'no_title', '[RIGHT]', 0, '1', 1, '6', 1, 2, 'a:1:{s:12:\"idplanbanner\";i:3;}'),
(191, 'home', 'voting', 'global.voting_random.php', 'Thăm dò ý kiến', '', 'primary', '[RIGHT]', 0, '1', 1, '6', 1, 3, ''),
(192, 'home', 'news', 'global.block_tophits.php', 'Tin xem nhiều', '', 'primary', '[RIGHT]', 0, '1', 1, '6', 1, 4, 'a:6:{s:10:\"number_day\";i:3650;s:6:\"numrow\";i:10;s:11:\"showtooltip\";i:1;s:16:\"tooltip_position\";s:6:\"bottom\";s:14:\"tooltip_length\";s:3:\"150\";s:7:\"nocatid\";a:2:{i:0;i:10;i:1;i:11;}}'),
(198, 'home', 'menu', 'global.slimmenu.php', 'global bootstrap', '', 'no_title', '[MENU_SITE]', 0, '1', 1, '6', 0, 1, 'a:2:{s:6:\"menuid\";i:1;s:12:\"title_length\";i:0;}'),
(200, 'home', 'theme', 'global.search.php', 'global search', '', 'no_title', '[SEARCH]', 0, '1', 1, '6', 0, 1, ''),
(212, 'home', 'theme', 'global.carousel.php', 'global carousel', '', 'no_title', '[CAROUSEL]', 0, '1', 1, '6', 0, 1, ''),
(213, 'home', 'theme', 'global.room.php', 'global room', '', 'no_title', '[ROOM1]', 0, '1', 1, '6', 0, 1, 'a:1:{s:7:\"room_id\";s:1:\"3\";}'),
(215, 'home', 'theme', 'global.room.php', 'global room', '', 'no_title', '[ROOM2]', 0, '1', 1, '6', 0, 1, 'a:1:{s:7:\"room_id\";s:1:\"4\";}'),
(216, 'home', 'theme', 'global.room.php', 'global room', '', 'no_title', '[ROOM3]', 0, '1', 1, '6', 0, 1, 'a:1:{s:7:\"room_id\";s:1:\"5\";}'),
(217, 'home', 'theme', 'global.room.php', 'global room', '', 'no_title', '[ROOM4]', 0, '1', 1, '6', 0, 1, 'a:1:{s:7:\"room_id\";s:1:\"6\";}'),
(218, 'home', 'theme', 'global.facilities.php', 'global facilities', '', 'no_title', '[FACILITIES]', 0, '1', 1, '6', 0, 1, 'a:1:{s:9:\"config_id\";s:1:\"6\";}'),
(219, 'home', 'theme', 'global.facilities.php', 'global facilities', '', 'no_title', '[FACILITIES2]', 0, '1', 1, '6', 0, 1, 'a:1:{s:9:\"config_id\";s:1:\"1\";}'),
(220, 'home', 'theme', 'global.facilities.php', 'global facilities', '', 'no_title', '[FACILITIES3]', 0, '1', 1, '6', 0, 1, 'a:1:{s:9:\"config_id\";s:1:\"2\";}'),
(221, 'home', 'theme', 'global.facilities.php', 'global facilities', '', 'no_title', '[FACILITIES1]', 0, '1', 1, '6', 0, 1, 'a:1:{s:9:\"config_id\";s:1:\"6\";}'),
(222, 'home', 'theme', 'global.facilities.php', 'global facilities', '', 'no_title', '[FACILITIES4]', 0, '1', 1, '6', 0, 1, 'a:1:{s:9:\"config_id\";s:1:\"4\";}'),
(223, 'home', 'theme', 'global.facilities.php', 'global facilities', '', 'no_title', '[FACILITIES5]', 0, '1', 1, '6', 0, 1, 'a:1:{s:9:\"config_id\";s:1:\"5\";}'),
(230, 'home', 'contact', 'global.contact.php', 'global contact', '', 'no_title', '[CONTACT]', 0, '1', 1, '6', 0, 1, 'a:6:{s:8:\"link_map\";s:275:\"https://www.google.com/maps/embed?pb=!1m18!1m12!1m3!1d59587.94638113387!2d105.7957637817717!3d21.0228147596524!2m3!1f0!2f0!3f0!3m2!1i1024!2i768!4f13.1!3m3!1m2!1s0x3135ab9bd9861ca1%3A0xe7887f7b72ca17a9!2zSMOgIE7hu5lpLCBWaeG7h3QgTmFt!5e0!3m2!1svi!2s!4v1726752149660!5m2!1svi!2s\";s:7:\"hotline\";s:16:\"(+84) 0123456789\";s:16:\"telephone_number\";s:16:\"(+84) 0987654321\";s:7:\"youtube\";s:11:\"youtube.com\";s:7:\"link_fb\";s:12:\"facebook.com\";s:8:\"link_ins\";s:13:\"instagram.com\";}'),
(233, 'home', 'users', 'global.user_button.php', 'global user button', '', 'no_title', '[PERSONALAREA]', 0, '1', 1, '6', 0, 1, ''),
(240, 'home', 'about', 'global.html.php', 'global html', '', 'no_title', '[DESCRIPTION]', 0, '1', 1, '6', 0, 1, 'a:1:{s:11:\"htmlcontent\";s:202:\"<p><span style=\"background-color:rgb(248,247,247);color:rgb(36,77,102);\"><i>Home Hotel là sự kết hợp giữa kiến trúc hiện đại pha trộn phong cách Tropical độc đáo.</i></span></p>\";}'),
(241, 'home', 'theme', 'global.room.php', 'global room', '', 'no_title', '[CAROUSEL]', 0, '1', 1, '6', 0, 2, 'a:1:{s:7:\"room_id\";s:1:\"1\";}'),
(242, 'home', 'menu', 'global.bootstrap.php', 'global bootstrap', '', 'no_title', '[MENU_FOOTER]', 0, '1', 1, '6', 0, 1, 'a:2:{s:6:\"menuid\";i:1;s:12:\"title_length\";i:0;}'),
(243, 'home', 'theme', 'global.social.php', 'global social', '', 'no_title', '[SOCIAL_ICONS]', 0, '1', 1, '6', 0, 1, 'a:3:{s:8:\"facebook\";s:24:\"https://www.facebook.com\";s:7:\"youtube\";s:23:\"https://www.youtube.com\";s:9:\"instagram\";s:21:\"https://instagram.com\";}'),
(247, 'home', 'theme', 'global.filter.php', 'global filter', '', 'no_title', '[FILTER]', 0, '1', 1, '6', 0, 1, ''),
(248, 'home', 'theme', 'global.search.php', 'global search', '', 'no_title', '[SEARCH]', 0, '1', 1, '6', 0, 2, ''),
(249, 'home', 'theme', 'global.summary.php', 'global summary', '', 'no_title', '[SUMMARY]', 0, '1', 1, '6', 0, 1, ''),
(250, 'home', 'menu', 'global.slimmenu.php', 'global slimmenu', '', 'no_title', '[MENU_SITE]', 0, '1', 1, '6', 0, 2, 'a:2:{s:6:\"menuid\";i:1;s:12:\"title_length\";i:0;}'),
(251, 'home', 'users', 'global.user_button.php', 'global user button', '', 'no_title', '[PERSONALAREA]', 0, '1', 1, '6', 0, 2, ''),
(252, 'home', 'menu', 'global.bootstrap.php', 'global bootstrap', '', 'no_title', '[MENU_FOOTER]', 0, '1', 1, '6', 0, 2, 'a:2:{s:6:\"menuid\";i:1;s:12:\"title_length\";i:0;}'),
(253, 'home', 'theme', 'global.social.php', 'global social', '', 'no_title', '[SOCIAL_ICONS]', 0, '1', 1, '6', 0, 2, 'a:3:{s:8:\"facebook\";s:24:\"https://www.facebook.com\";s:7:\"youtube\";s:23:\"https://www.youtube.com\";s:9:\"instagram\";s:21:\"https://instagram.com\";}'),
(254, 'home', 'contact', 'global.contact.php', 'global contact', '', 'no_title', '[CONTACT]', 0, '1', 1, '6', 0, 2, 'a:6:{s:8:\"link_map\";s:275:\"https://www.google.com/maps/embed?pb=!1m18!1m12!1m3!1d59587.94638113387!2d105.7957637817717!3d21.0228147596524!2m3!1f0!2f0!3f0!3m2!1i1024!2i768!4f13.1!3m3!1m2!1s0x3135ab9bd9861ca1%3A0xe7887f7b72ca17a9!2zSMOgIE7hu5lpLCBWaeG7h3QgTmFt!5e0!3m2!1svi!2s!4v1726752149660!5m2!1svi!2s\";s:7:\"hotline\";s:16:\"(+84) 0123456789\";s:16:\"telephone_number\";s:16:\"(+84) 0987654321\";s:7:\"youtube\";s:11:\"youtube.com\";s:7:\"link_fb\";s:12:\"facebook.com\";s:8:\"link_ins\";s:13:\"instagram.com\";}'),
(255, 'home', 'theme', 'global.carousel.php', 'global carousel', '', 'no_title', '[CAROUSEL]', 0, '1', 1, '6', 0, 3, '');

-- --------------------------------------------------------

--
-- Table structure for table `nv4_vi_blocks_weight`
--

CREATE TABLE `nv4_vi_blocks_weight` (
  `bid` mediumint(8) NOT NULL DEFAULT 0,
  `func_id` mediumint(8) NOT NULL DEFAULT 0,
  `weight` mediumint(8) NOT NULL DEFAULT 0
) ENGINE=MyISAM DEFAULT CHARSET=utf8mb4 COLLATE=utf8mb4_unicode_ci;

--
-- Dumping data for table `nv4_vi_blocks_weight`
--

INSERT INTO `nv4_vi_blocks_weight` (`bid`, `func_id`, `weight`) VALUES
(4, 20, 1),
(4, 21, 1),
(4, 22, 1),
(4, 23, 1),
(4, 24, 1),
(4, 25, 1),
(4, 26, 1),
(4, 27, 1),
(4, 28, 1),
(4, 29, 1),
(4, 30, 1),
(4, 33, 1),
(4, 34, 1),
(4, 35, 1),
(4, 36, 1),
(4, 37, 1),
(4, 38, 1),
(4, 39, 1),
(22, 1, 1),
(22, 2, 1),
(22, 3, 1),
(22, 4, 1),
(22, 5, 1),
(22, 6, 1),
(22, 7, 1),
(22, 8, 1),
(22, 9, 1),
(22, 10, 1),
(22, 11, 1),
(22, 12, 1),
(22, 13, 1),
(22, 14, 1),
(22, 15, 1),
(22, 16, 1),
(22, 17, 1),
(22, 18, 1),
(22, 19, 1),
(22, 20, 1),
(22, 21, 1),
(22, 22, 1),
(22, 23, 1),
(22, 24, 1),
(22, 25, 1),
(22, 26, 1),
(22, 27, 1),
(22, 28, 1),
(22, 29, 1),
(22, 30, 1),
(22, 31, 1),
(22, 32, 1),
(22, 33, 1),
(22, 34, 1),
(22, 35, 1),
(22, 36, 1),
(22, 37, 1),
(22, 38, 1),
(22, 39, 1),
(22, 40, 1),
(22, 41, 1),
(22, 42, 1),
(22, 43, 1),
(22, 44, 1),
(22, 45, 1),
(22, 46, 1),
(22, 47, 1),
(22, 48, 1),
(22, 49, 1),
(22, 50, 1),
(22, 51, 1),
(22, 52, 1),
(22, 53, 1),
(22, 54, 1),
(22, 55, 1),
(22, 56, 1),
(22, 57, 1),
(22, 58, 1),
(22, 59, 1),
(22, 60, 1),
(22, 61, 1),
(22, 62, 1),
(22, 63, 1),
(22, 64, 1),
(22, 65, 1),
(23, 1, 2),
(23, 2, 2),
(23, 3, 2),
(23, 4, 2),
(23, 5, 2),
(23, 6, 2),
(23, 7, 2),
(23, 8, 2),
(23, 9, 2),
(23, 10, 2),
(23, 11, 2),
(23, 12, 2),
(23, 13, 2),
(23, 14, 2),
(23, 15, 2),
(23, 16, 2),
(23, 17, 2),
(23, 18, 2),
(23, 19, 2),
(23, 20, 2),
(23, 21, 2),
(23, 22, 2),
(23, 23, 2),
(23, 24, 2),
(23, 25, 2),
(23, 26, 2),
(23, 27, 2),
(23, 28, 2),
(23, 29, 2),
(23, 30, 2),
(23, 31, 2),
(23, 32, 2),
(23, 33, 2),
(23, 34, 2),
(23, 35, 2),
(23, 36, 2),
(23, 37, 2),
(23, 38, 2),
(23, 39, 2),
(23, 40, 2),
(23, 41, 2),
(23, 42, 2),
(23, 43, 2),
(23, 44, 2),
(23, 45, 2),
(23, 46, 2),
(23, 47, 2),
(23, 48, 2),
(23, 49, 2),
(23, 50, 2),
(23, 51, 2),
(23, 52, 2),
(23, 53, 2),
(23, 54, 2),
(23, 55, 2),
(23, 56, 2),
(23, 57, 2),
(23, 58, 2),
(23, 59, 2),
(23, 60, 2),
(23, 61, 2),
(23, 62, 2),
(23, 63, 2),
(23, 64, 2),
(23, 65, 2),
(28, 1, 1),
(28, 2, 1),
(28, 3, 1),
(28, 4, 1),
(28, 5, 1),
(28, 6, 1),
(28, 7, 1),
(28, 8, 1),
(28, 9, 1),
(28, 10, 1),
(28, 11, 1),
(28, 12, 1),
(28, 13, 1),
(28, 14, 1),
(28, 15, 1),
(28, 16, 1),
(28, 17, 1),
(28, 18, 1),
(28, 19, 1),
(28, 20, 1),
(28, 21, 1),
(28, 22, 1),
(28, 23, 1),
(28, 24, 1),
(28, 25, 1),
(28, 26, 1),
(28, 27, 1),
(28, 28, 1),
(28, 29, 1),
(28, 30, 1),
(28, 31, 1),
(28, 32, 1),
(28, 33, 1),
(28, 34, 1),
(28, 35, 1),
(28, 36, 1),
(28, 37, 1),
(28, 38, 1),
(28, 39, 1),
(28, 40, 1),
(28, 41, 1),
(28, 42, 1),
(28, 43, 1),
(28, 44, 1),
(28, 45, 1),
(28, 46, 1),
(28, 47, 1),
(28, 48, 1),
(28, 49, 1),
(28, 50, 1),
(28, 51, 1),
(28, 52, 1),
(28, 53, 1),
(28, 54, 1),
(28, 55, 1),
(28, 56, 1),
(28, 57, 1),
(28, 58, 1),
(28, 59, 1),
(28, 60, 1),
(28, 61, 1),
(28, 62, 1),
(28, 63, 1),
(28, 64, 1),
(28, 65, 1),
(29, 1, 1),
(29, 2, 1),
(29, 3, 1),
(29, 4, 1),
(29, 5, 1),
(29, 6, 1),
(29, 7, 1),
(29, 8, 1),
(29, 9, 1),
(29, 10, 1),
(29, 11, 1),
(29, 12, 1),
(29, 13, 1),
(29, 14, 1),
(29, 15, 1),
(29, 16, 1),
(29, 17, 1),
(29, 18, 1),
(29, 19, 1),
(29, 20, 1),
(29, 21, 1),
(29, 22, 1),
(29, 23, 1),
(29, 24, 1),
(29, 25, 1),
(29, 26, 1),
(29, 27, 1),
(29, 28, 1),
(29, 29, 1),
(29, 30, 1),
(29, 31, 1),
(29, 32, 1),
(29, 33, 1),
(29, 34, 1),
(29, 35, 1),
(29, 36, 1),
(29, 37, 1),
(29, 38, 1),
(29, 39, 1),
(29, 40, 1),
(29, 41, 1),
(29, 42, 1),
(29, 43, 1),
(29, 44, 1),
(29, 45, 1),
(29, 46, 1),
(29, 47, 1),
(29, 48, 1),
(29, 49, 1),
(29, 50, 1),
(29, 51, 1),
(29, 52, 1),
(29, 53, 1),
(29, 54, 1),
(29, 55, 1),
(29, 56, 1),
(29, 57, 1),
(29, 58, 1),
(29, 59, 1),
(29, 60, 1),
(29, 61, 1),
(29, 62, 1),
(29, 63, 1),
(29, 64, 1),
(29, 65, 1),
(30, 1, 1),
(30, 2, 1),
(30, 3, 1),
(30, 4, 1),
(30, 5, 1),
(30, 6, 1),
(30, 7, 1),
(30, 8, 1),
(30, 9, 1),
(30, 10, 1),
(30, 11, 1),
(30, 12, 1),
(30, 13, 1),
(30, 14, 1),
(30, 15, 1),
(30, 16, 1),
(30, 17, 1),
(30, 18, 1),
(30, 19, 1),
(30, 20, 1),
(30, 21, 1),
(30, 22, 1),
(30, 23, 1),
(30, 24, 1),
(30, 25, 1),
(30, 26, 1),
(30, 27, 1),
(30, 28, 1),
(30, 29, 1),
(30, 30, 1),
(30, 31, 1),
(30, 32, 1),
(30, 33, 1),
(30, 34, 1),
(30, 35, 1),
(30, 36, 1),
(30, 37, 1),
(30, 38, 1),
(30, 39, 1),
(30, 40, 1),
(30, 41, 1),
(30, 42, 1),
(30, 43, 1),
(30, 44, 1),
(30, 45, 1),
(30, 46, 1),
(30, 47, 1),
(30, 48, 1),
(30, 49, 1),
(30, 50, 1),
(30, 51, 1),
(30, 52, 1),
(30, 53, 1),
(30, 54, 1),
(30, 55, 1),
(30, 56, 1),
(30, 57, 1),
(30, 58, 1),
(30, 59, 1),
(30, 60, 1),
(30, 61, 1),
(30, 62, 1),
(30, 63, 1),
(30, 64, 1),
(30, 65, 1),
(30, 67, 1),
(30, 66, 1),
(28, 67, 1),
(28, 66, 1),
(29, 67, 1),
(29, 66, 1),
(22, 67, 1),
(22, 66, 1),
(23, 67, 2),
(23, 66, 2),
(30, 71, 1),
(30, 70, 1),
(28, 71, 1),
(28, 70, 1),
(29, 71, 1),
(29, 70, 1),
(22, 71, 1),
(22, 70, 1),
(23, 71, 2),
(23, 70, 2),
(30, 73, 1),
(30, 72, 1),
(28, 73, 1),
(28, 72, 1),
(29, 73, 1),
(29, 72, 1),
(22, 73, 1),
(22, 72, 1),
(23, 73, 2),
(23, 72, 2),
(31, 1, 1),
(31, 3, 1),
(31, 41, 1),
(31, 42, 1),
(31, 43, 1),
(31, 44, 1),
(31, 55, 1),
(31, 56, 1),
(31, 57, 1),
(31, 58, 1),
(31, 59, 1),
(31, 32, 1),
(31, 51, 1),
(31, 71, 1),
(31, 70, 1),
(31, 4, 1),
(31, 5, 1),
(31, 6, 1),
(31, 7, 1),
(31, 8, 1),
(31, 9, 1),
(31, 10, 1),
(31, 11, 1),
(31, 12, 1),
(31, 13, 1),
(31, 52, 1),
(31, 50, 1),
(31, 60, 1),
(31, 61, 1),
(31, 33, 1),
(31, 34, 1),
(31, 35, 1),
(31, 36, 1),
(31, 37, 1),
(31, 38, 1),
(31, 39, 1),
(31, 63, 1),
(31, 64, 1),
(31, 65, 1),
(31, 20, 1),
(31, 21, 1),
(31, 22, 1),
(31, 23, 1),
(31, 24, 1),
(31, 25, 1),
(31, 26, 1),
(31, 27, 1),
(31, 28, 1),
(31, 29, 1),
(31, 30, 1),
(31, 40, 1),
(32, 1, 1),
(32, 3, 1),
(32, 41, 1),
(32, 42, 1),
(32, 43, 1),
(32, 44, 1),
(32, 55, 1),
(32, 56, 1),
(32, 57, 1),
(32, 58, 1),
(32, 59, 1),
(32, 32, 1),
(32, 51, 1),
(32, 71, 1),
(32, 70, 1),
(32, 4, 1),
(32, 5, 1),
(32, 6, 1),
(32, 7, 1),
(32, 8, 1),
(32, 9, 1),
(32, 10, 1),
(32, 11, 1),
(32, 12, 1),
(32, 13, 1),
(32, 52, 1),
(32, 50, 1),
(32, 60, 1),
(32, 61, 1),
(32, 33, 1),
(32, 34, 1),
(32, 35, 1),
(32, 36, 1),
(32, 37, 1),
(32, 38, 1),
(32, 39, 1),
(32, 63, 1),
(32, 64, 1),
(32, 65, 1),
(32, 20, 1),
(32, 21, 1),
(32, 22, 1),
(32, 23, 1),
(32, 24, 1),
(32, 25, 1),
(32, 26, 1),
(32, 27, 1),
(32, 28, 1),
(32, 29, 1),
(32, 30, 1),
(32, 40, 1),
(33, 1, 1),
(33, 3, 1),
(33, 41, 1),
(33, 42, 1),
(33, 43, 1),
(33, 44, 1),
(33, 55, 1),
(33, 56, 1),
(33, 57, 1),
(33, 58, 1),
(33, 59, 1),
(33, 32, 1),
(33, 51, 1),
(33, 71, 1),
(33, 70, 1),
(33, 4, 1),
(33, 5, 1),
(33, 6, 1),
(33, 7, 1),
(33, 8, 1),
(33, 9, 1),
(33, 10, 1),
(33, 11, 1),
(33, 12, 1),
(33, 13, 1),
(33, 52, 1),
(33, 50, 1),
(33, 60, 1),
(33, 61, 1),
(33, 33, 1),
(33, 34, 1),
(33, 35, 1),
(33, 36, 1),
(33, 37, 1),
(33, 38, 1),
(33, 39, 1),
(33, 63, 1),
(33, 64, 1),
(33, 65, 1),
(33, 20, 1),
(33, 21, 1),
(33, 22, 1),
(33, 23, 1),
(33, 24, 1),
(33, 25, 1),
(33, 26, 1),
(33, 27, 1),
(33, 28, 1),
(33, 29, 1),
(33, 30, 1),
(33, 40, 1),
(34, 1, 1),
(34, 3, 1),
(34, 41, 1),
(34, 42, 1),
(34, 43, 1),
(34, 44, 1),
(34, 55, 1),
(34, 56, 1),
(34, 57, 1),
(34, 58, 1),
(34, 59, 1),
(34, 32, 1),
(34, 51, 1),
(34, 71, 1),
(34, 70, 1),
(34, 4, 1),
(34, 5, 1),
(34, 6, 1),
(34, 7, 1),
(34, 8, 1),
(34, 9, 1),
(34, 10, 1),
(34, 11, 1),
(34, 12, 1),
(34, 13, 1),
(34, 52, 1),
(34, 50, 1),
(34, 60, 1),
(34, 61, 1),
(34, 33, 1),
(34, 34, 1),
(34, 35, 1),
(34, 36, 1),
(34, 37, 1),
(34, 38, 1),
(34, 39, 1),
(34, 63, 1),
(34, 64, 1),
(34, 65, 1),
(34, 20, 1),
(34, 21, 1),
(34, 22, 1),
(34, 23, 1),
(34, 24, 1),
(34, 25, 1),
(34, 26, 1),
(34, 27, 1),
(34, 28, 1),
(34, 29, 1),
(34, 30, 1),
(34, 40, 1),
(35, 1, 2),
(35, 3, 2),
(35, 41, 2),
(35, 42, 2),
(35, 43, 2),
(35, 44, 2),
(35, 55, 2),
(35, 56, 2),
(35, 57, 2),
(35, 58, 2),
(35, 59, 2),
(35, 32, 2),
(35, 51, 2),
(35, 71, 2),
(35, 70, 2),
(35, 4, 2),
(35, 5, 2),
(35, 6, 2),
(35, 7, 2),
(35, 8, 2),
(35, 9, 2),
(35, 10, 2),
(35, 11, 2),
(35, 12, 2),
(35, 13, 2),
(35, 52, 2),
(35, 50, 2),
(35, 60, 2),
(35, 61, 2),
(35, 33, 2),
(35, 34, 2),
(35, 35, 2),
(35, 36, 2),
(35, 37, 2),
(35, 38, 2),
(35, 39, 2),
(35, 63, 2),
(35, 64, 2),
(35, 65, 2),
(35, 20, 2),
(35, 21, 2),
(35, 22, 2),
(35, 23, 2),
(35, 24, 2),
(35, 25, 2),
(35, 26, 2),
(35, 27, 2),
(35, 28, 2),
(35, 29, 2),
(35, 30, 2),
(35, 40, 2),
(36, 4, 1),
(36, 5, 1),
(36, 6, 1),
(36, 7, 1),
(36, 8, 1),
(36, 9, 1),
(36, 10, 1),
(36, 11, 1),
(36, 12, 1),
(37, 20, 1),
(37, 21, 1),
(37, 22, 1),
(37, 23, 1),
(37, 24, 1),
(37, 25, 1),
(37, 26, 1),
(37, 27, 1),
(37, 28, 1),
(37, 29, 1),
(37, 30, 1),
(37, 33, 1),
(37, 34, 1),
(37, 35, 1),
(37, 36, 1),
(37, 37, 1),
(37, 38, 1),
(37, 39, 1),
(38, 1, 1),
(38, 3, 1),
(38, 41, 1),
(38, 42, 1),
(38, 43, 1),
(38, 44, 1),
(38, 55, 1),
(38, 56, 1),
(38, 57, 1),
(38, 58, 1),
(38, 59, 1),
(38, 32, 1),
(38, 51, 1),
(38, 71, 1),
(38, 70, 1),
(38, 4, 2),
(38, 5, 2),
(38, 6, 2),
(38, 7, 2),
(38, 8, 2),
(38, 9, 2),
(38, 10, 2),
(38, 11, 2),
(38, 12, 2),
(38, 13, 1),
(38, 52, 1),
(38, 50, 1),
(38, 60, 1),
(38, 61, 1),
(38, 33, 2),
(38, 34, 2),
(38, 35, 2),
(38, 36, 2),
(38, 37, 2),
(38, 38, 2),
(38, 39, 2),
(38, 63, 1),
(38, 64, 1),
(38, 65, 1),
(38, 20, 2),
(38, 21, 2),
(38, 22, 2),
(38, 23, 2),
(38, 24, 2),
(38, 25, 2),
(38, 26, 2),
(38, 27, 2),
(38, 28, 2),
(38, 29, 2),
(38, 30, 2),
(38, 40, 1),
(39, 1, 2),
(39, 3, 2),
(39, 41, 2),
(39, 42, 2),
(39, 43, 2),
(39, 44, 2),
(39, 55, 2),
(39, 56, 2),
(39, 57, 2),
(39, 58, 2),
(39, 59, 2),
(39, 32, 2),
(39, 51, 2),
(39, 71, 2),
(39, 70, 2),
(39, 4, 3),
(39, 5, 3),
(39, 6, 3),
(39, 7, 3),
(39, 8, 3),
(39, 9, 3),
(39, 10, 3),
(39, 11, 3),
(39, 12, 3),
(39, 13, 2),
(39, 52, 2),
(39, 50, 2),
(39, 60, 2),
(39, 61, 2),
(39, 33, 3),
(39, 34, 3),
(39, 35, 3),
(39, 36, 3),
(39, 37, 3),
(39, 38, 3),
(39, 39, 3),
(39, 63, 2),
(39, 64, 2),
(39, 65, 2),
(39, 20, 3),
(39, 21, 3),
(39, 22, 3),
(39, 23, 3),
(39, 24, 3),
(39, 25, 3),
(39, 26, 3),
(39, 27, 3),
(39, 28, 3),
(39, 29, 3),
(39, 30, 3),
(39, 40, 2),
(40, 1, 1),
(40, 3, 1),
(40, 41, 1),
(40, 42, 1),
(40, 43, 1),
(40, 44, 1),
(40, 55, 1),
(40, 56, 1),
(40, 57, 1),
(40, 58, 1),
(40, 59, 1),
(40, 32, 1),
(40, 51, 1),
(40, 71, 1),
(40, 70, 1),
(40, 4, 1),
(40, 5, 1),
(40, 6, 1),
(40, 7, 1),
(40, 8, 1),
(40, 9, 1),
(40, 10, 1),
(40, 11, 1),
(40, 12, 1),
(40, 13, 1),
(40, 52, 1),
(40, 50, 1),
(40, 60, 1),
(40, 61, 1),
(40, 33, 1),
(40, 34, 1),
(40, 35, 1),
(40, 36, 1),
(40, 37, 1),
(40, 38, 1),
(40, 39, 1),
(40, 63, 1),
(40, 64, 1),
(40, 65, 1),
(40, 20, 1),
(40, 21, 1),
(40, 22, 1),
(40, 23, 1),
(40, 24, 1),
(40, 25, 1),
(40, 26, 1),
(40, 27, 1),
(40, 28, 1),
(40, 29, 1),
(40, 30, 1),
(40, 40, 1),
(41, 1, 1),
(41, 3, 1),
(41, 41, 1),
(41, 42, 1),
(41, 43, 1),
(41, 44, 1),
(41, 55, 1),
(41, 56, 1),
(41, 57, 1),
(41, 58, 1),
(41, 59, 1),
(41, 32, 1),
(41, 51, 1),
(41, 71, 1),
(41, 70, 1),
(41, 4, 1),
(41, 5, 1),
(41, 6, 1),
(41, 7, 1),
(41, 8, 1),
(41, 9, 1),
(41, 10, 1),
(41, 11, 1),
(41, 12, 1),
(41, 13, 1),
(41, 52, 1),
(41, 50, 1),
(41, 60, 1),
(41, 61, 1),
(41, 33, 1),
(41, 34, 1),
(41, 35, 1),
(41, 36, 1),
(41, 37, 1),
(41, 38, 1),
(41, 39, 1),
(41, 63, 1),
(41, 64, 1),
(41, 65, 1),
(41, 20, 1),
(41, 21, 1),
(41, 22, 1),
(41, 23, 1),
(41, 24, 1),
(41, 25, 1),
(41, 26, 1),
(41, 27, 1),
(41, 28, 1),
(41, 29, 1),
(41, 30, 1),
(41, 40, 1),
(42, 1, 1),
(42, 3, 1),
(42, 41, 1),
(42, 42, 1),
(42, 43, 1),
(42, 44, 1),
(42, 55, 1),
(42, 56, 1),
(42, 57, 1),
(42, 58, 1),
(42, 59, 1),
(42, 32, 1),
(42, 51, 1),
(42, 71, 1),
(42, 70, 1),
(42, 4, 1),
(42, 5, 1),
(42, 6, 1),
(42, 7, 1),
(42, 8, 1),
(42, 9, 1),
(42, 10, 1),
(42, 11, 1),
(42, 12, 1),
(42, 13, 1),
(42, 52, 1),
(42, 50, 1),
(42, 60, 1),
(42, 61, 1),
(42, 33, 1),
(42, 34, 1),
(42, 35, 1),
(42, 36, 1),
(42, 37, 1),
(42, 38, 1),
(42, 39, 1),
(42, 63, 1),
(42, 64, 1),
(42, 65, 1),
(42, 20, 1),
(42, 21, 1),
(42, 22, 1),
(42, 23, 1),
(42, 24, 1),
(42, 25, 1),
(42, 26, 1),
(42, 27, 1),
(42, 28, 1),
(42, 29, 1),
(42, 30, 1),
(42, 40, 1),
(43, 1, 1),
(43, 3, 1),
(43, 41, 1),
(43, 42, 1),
(43, 43, 1),
(43, 44, 1),
(43, 55, 1),
(43, 56, 1),
(43, 57, 1),
(43, 58, 1),
(43, 59, 1),
(43, 32, 1),
(43, 51, 1),
(43, 71, 1),
(43, 70, 1),
(43, 4, 1),
(43, 5, 1),
(43, 6, 1),
(43, 7, 1),
(43, 8, 1),
(43, 9, 1),
(43, 10, 1),
(43, 11, 1),
(43, 12, 1),
(43, 13, 1),
(43, 52, 1),
(43, 50, 1),
(43, 60, 1),
(43, 61, 1),
(43, 33, 1),
(43, 34, 1),
(43, 35, 1),
(43, 36, 1),
(43, 37, 1),
(43, 38, 1),
(43, 39, 1),
(43, 63, 1),
(43, 64, 1),
(43, 65, 1),
(43, 20, 1),
(43, 21, 1),
(43, 22, 1),
(43, 23, 1),
(43, 24, 1),
(43, 25, 1),
(43, 26, 1),
(43, 27, 1),
(43, 28, 1),
(43, 29, 1),
(43, 30, 1),
(43, 40, 1),
(44, 1, 2),
(44, 3, 2),
(44, 41, 2),
(44, 42, 2),
(44, 43, 2),
(44, 44, 2),
(44, 55, 2),
(44, 56, 2),
(44, 57, 2),
(44, 58, 2),
(44, 59, 2),
(44, 32, 2),
(44, 51, 2),
(44, 71, 2),
(44, 70, 2),
(44, 4, 2),
(44, 5, 2),
(44, 6, 2),
(44, 7, 2),
(44, 8, 2),
(44, 9, 2),
(44, 10, 2),
(44, 11, 2),
(44, 12, 2),
(44, 13, 2),
(44, 52, 2),
(44, 50, 2),
(44, 60, 2),
(44, 61, 2),
(44, 33, 2),
(44, 34, 2),
(44, 35, 2),
(44, 36, 2),
(44, 37, 2),
(44, 38, 2),
(44, 39, 2),
(44, 63, 2),
(44, 64, 2),
(44, 65, 2),
(44, 20, 2),
(44, 21, 2),
(44, 22, 2),
(44, 23, 2),
(44, 24, 2),
(44, 25, 2),
(44, 26, 2),
(44, 27, 2),
(44, 28, 2),
(44, 29, 2),
(44, 30, 2),
(44, 40, 2),
(45, 1, 1),
(45, 3, 1),
(45, 41, 1),
(45, 42, 1),
(45, 43, 1),
(45, 44, 1),
(45, 55, 1),
(45, 56, 1),
(45, 57, 1),
(45, 58, 1),
(45, 59, 1),
(45, 32, 1),
(45, 51, 1),
(45, 71, 1),
(45, 70, 1),
(45, 4, 1),
(45, 5, 1),
(45, 6, 1),
(45, 7, 1),
(45, 8, 1),
(45, 9, 1),
(45, 10, 1),
(45, 11, 1),
(45, 12, 1),
(45, 13, 1),
(45, 52, 1),
(45, 50, 1),
(45, 60, 1),
(45, 61, 1),
(45, 33, 1),
(45, 34, 1),
(45, 35, 1),
(45, 36, 1),
(45, 37, 1),
(45, 38, 1),
(45, 39, 1),
(45, 63, 1),
(45, 64, 1),
(45, 65, 1),
(45, 20, 1),
(45, 21, 1),
(45, 22, 1),
(45, 23, 1),
(45, 24, 1),
(45, 25, 1),
(45, 26, 1),
(45, 27, 1),
(45, 28, 1),
(45, 29, 1),
(45, 30, 1),
(45, 40, 1),
(46, 1, 2),
(46, 3, 2),
(46, 41, 2),
(46, 42, 2),
(46, 43, 2),
(46, 44, 2),
(46, 55, 2),
(46, 56, 2),
(46, 57, 2),
(46, 58, 2),
(46, 59, 2),
(46, 32, 2),
(46, 51, 2),
(46, 71, 2),
(46, 70, 2),
(46, 4, 2),
(46, 5, 2),
(46, 6, 2),
(46, 7, 2),
(46, 8, 2),
(46, 9, 2),
(46, 10, 2),
(46, 11, 2),
(46, 12, 2),
(46, 13, 2),
(46, 52, 2),
(46, 50, 2),
(46, 60, 2),
(46, 61, 2),
(46, 33, 2),
(46, 34, 2),
(46, 35, 2),
(46, 36, 2),
(46, 37, 2),
(46, 38, 2),
(46, 39, 2),
(46, 63, 2),
(46, 64, 2),
(46, 65, 2),
(46, 20, 2),
(46, 21, 2),
(46, 22, 2),
(46, 23, 2),
(46, 24, 2),
(46, 25, 2),
(46, 26, 2),
(46, 27, 2),
(46, 28, 2),
(46, 29, 2),
(46, 30, 2),
(46, 40, 2),
(47, 1, 3),
(47, 3, 3),
(47, 41, 3),
(47, 42, 3),
(47, 43, 3),
(47, 44, 3),
(47, 55, 3),
(47, 56, 3),
(47, 57, 3),
(47, 58, 3),
(47, 59, 3),
(47, 32, 3),
(47, 51, 3),
(47, 71, 3),
(47, 70, 3),
(47, 4, 3),
(47, 5, 3),
(47, 6, 3),
(47, 7, 3),
(47, 8, 3),
(47, 9, 3),
(47, 10, 3),
(47, 11, 3),
(47, 12, 3),
(47, 13, 3),
(47, 52, 3),
(47, 50, 3),
(47, 60, 3),
(47, 61, 3),
(47, 33, 3),
(47, 34, 3),
(47, 35, 3),
(47, 36, 3),
(47, 37, 3),
(47, 38, 3),
(47, 39, 3),
(47, 63, 3),
(47, 64, 3),
(47, 65, 3),
(47, 20, 3),
(47, 21, 3),
(47, 22, 3),
(47, 23, 3),
(47, 24, 3),
(47, 25, 3),
(47, 26, 3),
(47, 27, 3),
(47, 28, 3),
(47, 29, 3),
(47, 30, 3),
(47, 40, 3),
(48, 1, 4),
(48, 3, 4),
(48, 41, 4),
(48, 42, 4),
(48, 43, 4),
(48, 44, 4),
(48, 55, 4),
(48, 56, 4),
(48, 57, 4),
(48, 58, 4),
(48, 59, 4),
(48, 32, 4),
(48, 51, 4),
(48, 71, 4),
(48, 70, 4),
(48, 4, 4),
(48, 5, 4),
(48, 6, 4),
(48, 7, 4),
(48, 8, 4),
(48, 9, 4),
(48, 10, 4),
(48, 11, 4),
(48, 12, 4),
(48, 13, 4),
(48, 52, 4),
(48, 50, 4),
(48, 60, 4),
(48, 61, 4),
(48, 33, 4),
(48, 34, 4),
(48, 35, 4),
(48, 36, 4),
(48, 37, 4),
(48, 38, 4),
(48, 39, 4),
(48, 63, 4),
(48, 64, 4),
(48, 65, 4),
(48, 20, 4),
(48, 21, 4),
(48, 22, 4),
(48, 23, 4),
(48, 24, 4),
(48, 25, 4),
(48, 26, 4),
(48, 27, 4),
(48, 28, 4),
(48, 29, 4),
(48, 30, 4),
(48, 40, 4),
(49, 1, 1),
(49, 3, 1),
(49, 41, 1),
(49, 42, 1),
(49, 43, 1),
(49, 44, 1),
(49, 55, 1),
(49, 56, 1),
(49, 57, 1),
(49, 58, 1),
(49, 59, 1),
(49, 32, 1),
(49, 51, 1),
(49, 71, 1),
(49, 70, 1),
(49, 4, 1),
(49, 5, 1),
(49, 6, 1),
(49, 7, 1),
(49, 8, 1),
(49, 9, 1),
(49, 10, 1),
(49, 11, 1),
(49, 12, 1),
(49, 13, 1),
(49, 52, 1),
(49, 50, 1),
(49, 60, 1),
(49, 61, 1),
(49, 33, 1),
(49, 34, 1),
(49, 35, 1),
(49, 36, 1),
(49, 37, 1),
(49, 38, 1),
(49, 39, 1),
(49, 63, 1),
(49, 64, 1),
(49, 65, 1),
(49, 20, 1),
(49, 21, 1),
(49, 22, 1),
(49, 23, 1),
(49, 24, 1),
(49, 25, 1),
(49, 26, 1),
(49, 27, 1),
(49, 28, 1),
(49, 29, 1),
(49, 30, 1),
(49, 40, 1),
(50, 4, 1),
(51, 4, 2),
(54, 78, 1),
(55, 1, 1),
(55, 3, 1),
(55, 41, 1),
(55, 42, 1),
(55, 43, 1),
(55, 44, 1),
(55, 55, 1),
(55, 56, 1),
(55, 57, 1),
(55, 58, 1),
(55, 59, 1),
(55, 32, 1),
(55, 51, 1),
(55, 71, 1),
(55, 70, 1),
(55, 4, 1),
(55, 5, 1),
(55, 6, 1),
(55, 7, 1),
(55, 8, 1),
(55, 9, 1),
(55, 10, 1),
(55, 11, 1),
(55, 12, 1),
(55, 13, 1),
(55, 52, 1),
(55, 50, 1),
(55, 60, 1),
(55, 61, 1),
(55, 33, 1),
(55, 34, 1),
(55, 35, 1),
(55, 36, 1),
(55, 37, 1),
(55, 38, 1),
(55, 39, 1),
(55, 63, 1),
(55, 64, 1),
(55, 65, 1),
(55, 20, 1),
(55, 21, 1),
(55, 22, 1),
(55, 23, 1),
(55, 24, 1),
(55, 25, 1),
(55, 26, 1),
(55, 27, 1),
(55, 28, 1),
(55, 29, 1),
(55, 30, 1),
(55, 40, 1),
(57, 1, 1),
(57, 3, 1),
(57, 41, 1),
(57, 42, 1),
(57, 43, 1),
(57, 44, 1),
(57, 55, 1),
(57, 56, 1),
(57, 57, 1),
(57, 58, 1),
(57, 59, 1),
(57, 32, 1),
(57, 51, 1),
(57, 71, 1),
(57, 70, 1),
(57, 4, 1),
(57, 5, 1),
(57, 6, 1),
(57, 7, 1),
(57, 8, 1),
(57, 9, 1),
(57, 10, 1),
(57, 11, 1),
(57, 12, 1),
(57, 13, 1),
(57, 52, 1),
(57, 50, 1),
(57, 60, 1),
(57, 61, 1),
(57, 33, 1),
(57, 34, 1),
(57, 35, 1),
(57, 36, 1),
(57, 37, 1),
(57, 38, 1),
(57, 39, 1),
(57, 63, 1),
(57, 64, 1),
(57, 65, 1),
(57, 20, 1),
(57, 21, 1),
(57, 22, 1),
(57, 23, 1),
(57, 24, 1),
(57, 25, 1),
(57, 26, 1),
(57, 27, 1),
(57, 28, 1),
(57, 29, 1),
(57, 30, 1),
(57, 40, 1),
(58, 1, 1),
(58, 3, 1),
(58, 41, 1),
(58, 42, 1),
(58, 43, 1),
(58, 44, 1),
(58, 55, 1),
(58, 56, 1),
(58, 57, 1),
(58, 58, 1),
(58, 59, 1),
(58, 32, 1),
(58, 51, 1),
(58, 71, 1),
(58, 70, 1),
(58, 4, 1),
(58, 5, 1),
(58, 6, 1),
(58, 7, 1),
(58, 8, 1),
(58, 9, 1),
(58, 10, 1),
(58, 11, 1),
(58, 12, 1),
(58, 13, 1),
(58, 52, 1),
(58, 50, 1),
(58, 60, 1),
(58, 61, 1),
(58, 33, 1),
(58, 34, 1),
(58, 35, 1),
(58, 36, 1),
(58, 37, 1),
(58, 38, 1),
(58, 39, 1),
(58, 63, 1),
(58, 64, 1),
(58, 65, 1),
(58, 20, 1),
(58, 21, 1),
(58, 22, 1),
(58, 23, 1),
(58, 24, 1),
(58, 25, 1),
(58, 26, 1),
(58, 27, 1),
(58, 28, 1),
(58, 29, 1),
(58, 30, 1),
(58, 40, 1),
(59, 1, 2),
(59, 3, 2),
(59, 41, 2),
(59, 42, 2),
(59, 43, 2),
(59, 44, 2),
(59, 55, 2),
(59, 56, 2),
(59, 57, 2),
(59, 58, 2),
(59, 59, 2),
(59, 32, 2),
(59, 51, 2),
(59, 71, 2),
(59, 70, 2),
(59, 4, 2),
(59, 5, 2),
(59, 6, 2),
(59, 7, 2),
(59, 8, 2),
(59, 9, 2),
(59, 10, 2),
(59, 11, 2),
(59, 12, 2),
(59, 13, 2),
(59, 52, 2),
(59, 50, 2),
(59, 60, 2),
(59, 61, 2),
(59, 33, 2),
(59, 34, 2),
(59, 35, 2),
(59, 36, 2),
(59, 37, 2),
(59, 38, 2),
(59, 39, 2),
(59, 63, 2),
(59, 64, 2),
(59, 65, 2),
(59, 20, 2),
(59, 21, 2),
(59, 22, 2),
(59, 23, 2),
(59, 24, 2),
(59, 25, 2),
(59, 26, 2),
(59, 27, 2),
(59, 28, 2),
(59, 29, 2),
(59, 30, 2),
(59, 40, 2),
(60, 4, 1),
(60, 5, 1),
(60, 6, 1),
(60, 7, 1),
(60, 8, 1),
(60, 9, 1),
(60, 10, 1),
(60, 11, 1),
(60, 12, 1),
(61, 20, 1),
(61, 21, 1),
(61, 22, 1),
(61, 23, 1),
(61, 24, 1),
(61, 25, 1),
(61, 26, 1),
(61, 27, 1),
(61, 28, 1),
(61, 29, 1),
(61, 30, 1),
(62, 1, 1),
(62, 3, 1),
(62, 41, 1),
(62, 42, 1),
(62, 43, 1),
(62, 44, 1),
(62, 55, 1),
(62, 56, 1),
(62, 57, 1),
(62, 58, 1),
(62, 59, 1),
(62, 32, 1),
(62, 51, 1),
(62, 71, 1),
(62, 70, 1),
(62, 4, 1),
(62, 5, 1),
(62, 6, 1),
(62, 7, 1),
(62, 8, 1),
(62, 9, 1),
(62, 10, 1),
(62, 11, 1),
(62, 12, 1),
(62, 13, 1),
(62, 52, 1),
(62, 50, 1),
(62, 60, 1),
(62, 61, 1),
(62, 33, 1),
(62, 34, 1),
(62, 35, 1),
(62, 36, 1),
(62, 37, 1),
(62, 38, 1),
(62, 39, 1),
(62, 63, 1),
(62, 64, 1),
(62, 65, 1),
(62, 20, 1),
(62, 21, 1),
(62, 22, 1),
(62, 23, 1),
(62, 24, 1),
(62, 25, 1),
(62, 26, 1),
(62, 27, 1),
(62, 28, 1),
(62, 29, 1),
(62, 30, 1),
(62, 40, 1),
(63, 1, 1),
(63, 3, 1),
(63, 41, 1),
(63, 42, 1),
(63, 43, 1),
(63, 44, 1),
(63, 55, 1),
(63, 56, 1),
(63, 57, 1),
(63, 58, 1),
(63, 59, 1),
(63, 32, 1),
(63, 51, 1),
(63, 71, 1),
(63, 70, 1),
(63, 4, 1),
(63, 5, 1),
(63, 6, 1),
(63, 7, 1),
(63, 8, 1),
(63, 9, 1),
(63, 10, 1),
(63, 11, 1),
(63, 12, 1),
(63, 13, 1),
(63, 52, 1),
(63, 50, 1),
(63, 60, 1),
(63, 61, 1),
(63, 33, 1),
(63, 34, 1),
(63, 35, 1),
(63, 36, 1),
(63, 37, 1),
(63, 38, 1),
(63, 39, 1),
(63, 63, 1),
(63, 64, 1),
(63, 65, 1),
(63, 20, 1),
(63, 21, 1),
(63, 22, 1),
(63, 23, 1),
(63, 24, 1),
(63, 25, 1),
(63, 26, 1),
(63, 27, 1),
(63, 28, 1),
(63, 29, 1),
(63, 30, 1),
(63, 40, 1),
(64, 1, 1),
(64, 3, 1),
(64, 41, 1),
(64, 42, 1),
(64, 43, 1),
(64, 44, 1),
(64, 55, 1),
(64, 56, 1),
(64, 57, 1),
(64, 58, 1),
(64, 59, 1),
(64, 32, 1),
(64, 51, 1),
(64, 71, 1),
(64, 70, 1),
(64, 4, 1),
(64, 5, 1),
(64, 6, 1),
(64, 7, 1),
(64, 8, 1),
(64, 9, 1),
(64, 10, 1),
(64, 11, 1),
(64, 12, 1),
(64, 13, 1),
(64, 52, 1),
(64, 50, 1),
(64, 60, 1),
(64, 61, 1),
(64, 33, 1),
(64, 34, 1),
(64, 35, 1),
(64, 36, 1),
(64, 37, 1),
(64, 38, 1),
(64, 39, 1),
(64, 63, 1),
(64, 64, 1),
(64, 65, 1),
(64, 20, 1),
(64, 21, 1),
(64, 22, 1),
(64, 23, 1),
(64, 24, 1),
(64, 25, 1),
(64, 26, 1),
(64, 27, 1),
(64, 28, 1),
(64, 29, 1),
(64, 30, 1),
(64, 40, 1),
(65, 1, 1),
(65, 3, 1),
(65, 41, 1),
(65, 42, 1),
(65, 43, 1),
(65, 44, 1),
(65, 55, 1),
(65, 56, 1),
(65, 57, 1),
(65, 58, 1),
(65, 59, 1),
(65, 32, 1),
(65, 51, 1),
(65, 71, 1),
(65, 70, 1),
(65, 4, 1),
(65, 5, 1),
(65, 6, 1),
(65, 7, 1),
(65, 8, 1),
(65, 9, 1),
(65, 10, 1),
(65, 11, 1),
(65, 12, 1),
(65, 13, 1),
(65, 52, 1),
(65, 50, 1),
(65, 60, 1),
(65, 61, 1),
(65, 33, 1),
(65, 34, 1),
(65, 35, 1),
(65, 36, 1),
(65, 37, 1),
(65, 38, 1),
(65, 39, 1),
(65, 63, 1),
(65, 64, 1),
(65, 65, 1),
(65, 20, 1),
(65, 21, 1),
(65, 22, 1),
(65, 23, 1),
(65, 24, 1),
(65, 25, 1),
(65, 26, 1),
(65, 27, 1),
(65, 28, 1),
(65, 29, 1),
(65, 30, 1),
(65, 40, 1),
(66, 1, 1),
(66, 3, 1),
(66, 41, 1),
(66, 42, 1),
(66, 43, 1),
(66, 44, 1),
(66, 55, 1),
(66, 56, 1),
(66, 57, 1),
(66, 58, 1),
(66, 59, 1),
(66, 32, 1),
(66, 51, 1),
(66, 71, 1),
(66, 70, 1),
(66, 4, 1),
(66, 5, 1),
(66, 6, 1),
(66, 7, 1),
(66, 8, 1),
(66, 9, 1),
(66, 10, 1),
(66, 11, 1),
(66, 12, 1),
(66, 13, 1),
(66, 52, 1),
(66, 50, 1),
(66, 60, 1),
(66, 61, 1),
(66, 33, 1),
(66, 34, 1),
(66, 35, 1),
(66, 36, 1),
(66, 37, 1),
(66, 38, 1),
(66, 39, 1),
(66, 63, 1),
(66, 64, 1),
(66, 65, 1),
(66, 20, 1),
(66, 21, 1),
(66, 22, 1),
(66, 23, 1),
(66, 24, 1),
(66, 25, 1),
(66, 26, 1),
(66, 27, 1),
(66, 28, 1),
(66, 29, 1),
(66, 30, 1),
(66, 40, 1),
(67, 1, 2),
(67, 3, 2),
(67, 41, 2),
(67, 42, 2),
(67, 43, 2),
(67, 44, 2),
(67, 55, 2),
(67, 56, 2),
(67, 57, 2),
(67, 58, 2),
(67, 59, 2),
(67, 32, 2),
(67, 51, 2),
(67, 71, 2),
(67, 70, 2),
(67, 4, 2),
(67, 5, 2),
(67, 6, 2),
(67, 7, 2),
(67, 8, 2),
(67, 9, 2),
(67, 10, 2),
(67, 11, 2),
(67, 12, 2),
(67, 13, 2),
(67, 52, 2),
(67, 50, 2),
(67, 60, 2),
(67, 61, 2),
(67, 33, 2),
(67, 34, 2),
(67, 35, 2),
(67, 36, 2),
(67, 37, 2),
(67, 38, 2),
(67, 39, 2),
(67, 63, 2),
(67, 64, 2),
(67, 65, 2),
(67, 20, 2),
(67, 21, 2),
(67, 22, 2),
(67, 23, 2),
(67, 24, 2),
(67, 25, 2),
(67, 26, 2),
(67, 27, 2),
(67, 28, 2),
(67, 29, 2),
(67, 30, 2),
(67, 40, 2),
(68, 1, 3),
(68, 3, 3),
(68, 41, 3),
(68, 42, 3),
(68, 43, 3),
(68, 44, 3),
(68, 55, 3),
(68, 56, 3),
(68, 57, 3),
(68, 58, 3),
(68, 59, 3),
(68, 32, 3),
(68, 51, 3),
(68, 71, 3),
(68, 70, 3),
(68, 4, 3),
(68, 5, 3),
(68, 6, 3),
(68, 7, 3),
(68, 8, 3),
(68, 9, 3),
(68, 10, 3),
(68, 11, 3),
(68, 12, 3),
(68, 13, 3),
(68, 52, 3),
(68, 50, 3),
(68, 60, 3),
(68, 61, 3),
(68, 33, 3),
(68, 34, 3),
(68, 35, 3),
(68, 36, 3),
(68, 37, 3),
(68, 38, 3),
(68, 39, 3),
(68, 63, 3),
(68, 64, 3),
(68, 65, 3),
(68, 20, 3),
(68, 21, 3),
(68, 22, 3),
(68, 23, 3),
(68, 24, 3),
(68, 25, 3),
(68, 26, 3),
(68, 27, 3),
(68, 28, 3),
(68, 29, 3),
(68, 30, 3),
(68, 40, 3),
(69, 1, 1),
(69, 3, 1),
(69, 41, 1),
(69, 42, 1),
(69, 43, 1),
(69, 44, 1),
(69, 55, 1),
(69, 56, 1),
(69, 57, 1),
(69, 58, 1),
(69, 59, 1),
(69, 32, 1),
(69, 51, 1),
(69, 71, 1),
(69, 70, 1),
(69, 4, 1),
(69, 5, 1),
(69, 6, 1),
(69, 7, 1),
(69, 8, 1),
(69, 9, 1),
(69, 10, 1),
(69, 11, 1),
(69, 12, 1),
(69, 13, 1),
(69, 52, 1),
(69, 50, 1),
(69, 60, 1),
(69, 61, 1),
(69, 33, 1),
(69, 34, 1),
(69, 35, 1),
(69, 36, 1),
(69, 37, 1),
(69, 38, 1),
(69, 39, 1),
(69, 63, 1),
(69, 64, 1),
(69, 65, 1),
(69, 20, 1),
(69, 21, 1),
(69, 22, 1),
(69, 23, 1),
(69, 24, 1),
(69, 25, 1),
(69, 26, 1),
(69, 27, 1),
(69, 28, 1),
(69, 29, 1),
(69, 30, 1),
(69, 40, 1),
(70, 4, 1),
(71, 71, 1),
(71, 70, 1),
(71, 1, 1),
(71, 3, 1),
(71, 4, 1),
(71, 5, 1),
(71, 6, 1),
(71, 7, 1),
(71, 8, 1),
(71, 9, 1),
(71, 10, 1),
(71, 11, 1),
(71, 12, 1),
(71, 13, 1),
(71, 20, 1),
(71, 21, 1),
(71, 22, 1),
(71, 23, 1),
(71, 24, 1),
(71, 25, 1),
(71, 26, 1),
(71, 27, 1),
(71, 28, 1),
(71, 29, 1),
(71, 30, 1),
(71, 32, 1),
(71, 40, 1),
(71, 50, 1),
(71, 52, 1),
(71, 55, 1),
(71, 56, 1),
(71, 57, 1),
(71, 58, 1),
(71, 59, 1),
(71, 60, 1),
(71, 61, 1),
(71, 63, 1),
(71, 64, 1),
(71, 65, 1),
(69, 74, 1),
(68, 74, 3),
(67, 74, 2),
(66, 74, 1),
(65, 74, 1),
(64, 74, 1),
(63, 74, 1),
(62, 74, 1),
(59, 74, 2),
(58, 74, 1),
(57, 74, 1),
(71, 74, 1),
(55, 74, 1),
(23, 74, 2),
(22, 74, 1),
(29, 74, 1),
(28, 74, 1),
(30, 74, 1),
(49, 74, 1),
(48, 74, 4),
(47, 74, 3),
(46, 74, 2),
(45, 74, 1),
(44, 74, 2),
(43, 74, 1),
(42, 74, 1),
(41, 74, 1),
(40, 74, 1),
(39, 74, 2),
(38, 74, 1),
(35, 74, 2),
(34, 74, 1),
(33, 74, 1),
(32, 74, 1),
(31, 74, 1),
(31, 76, 1),
(31, 75, 1),
(32, 76, 1),
(32, 75, 1),
(33, 76, 1),
(33, 75, 1),
(34, 76, 1),
(34, 75, 1),
(35, 76, 2),
(35, 75, 2),
(38, 76, 1),
(38, 75, 1),
(39, 76, 2),
(39, 75, 2),
(40, 76, 1),
(40, 75, 1),
(41, 76, 1),
(41, 75, 1),
(42, 76, 1),
(42, 75, 1),
(43, 76, 1),
(43, 75, 1),
(44, 76, 2),
(44, 75, 2),
(45, 76, 1),
(45, 75, 1),
(46, 76, 2),
(46, 75, 2),
(47, 76, 3),
(47, 75, 3),
(48, 76, 4),
(48, 75, 4),
(49, 76, 1),
(49, 75, 1),
(30, 76, 1),
(30, 75, 1),
(28, 76, 1),
(28, 75, 1),
(29, 76, 1),
(29, 75, 1),
(22, 76, 1),
(22, 75, 1),
(23, 76, 2),
(23, 75, 2),
(55, 76, 1),
(55, 75, 1),
(71, 76, 1),
(71, 75, 1),
(57, 76, 1),
(57, 75, 1),
(58, 76, 1),
(58, 75, 1),
(59, 76, 2),
(59, 75, 2),
(62, 76, 1),
(62, 75, 1),
(63, 76, 1),
(63, 75, 1),
(64, 76, 1),
(64, 75, 1),
(65, 76, 1),
(65, 75, 1),
(66, 76, 1),
(66, 75, 1),
(67, 76, 2),
(67, 75, 2),
(68, 76, 3),
(68, 75, 3),
(69, 76, 1),
(69, 75, 1),
(31, 78, 1),
(32, 78, 1),
(33, 78, 1),
(34, 78, 1),
(35, 78, 2),
(38, 78, 1),
(39, 78, 2),
(40, 78, 1),
(41, 78, 1),
(42, 78, 1),
(43, 78, 1),
(44, 78, 2),
(45, 78, 1),
(46, 78, 2),
(47, 78, 3),
(48, 78, 4),
(49, 78, 1),
(30, 78, 1),
(28, 78, 1),
(29, 78, 1),
(22, 78, 1),
(23, 78, 2),
(55, 78, 1),
(71, 78, 1),
(57, 78, 1),
(58, 78, 1),
(59, 78, 2),
(62, 78, 1),
(63, 78, 1),
(64, 78, 1),
(65, 78, 1),
(66, 78, 1),
(67, 78, 2),
(68, 78, 3),
(69, 78, 1),
(73, 78, 1),
(73, 1, 1),
(73, 3, 1),
(73, 4, 1),
(73, 5, 1),
(73, 6, 1),
(73, 7, 1),
(73, 8, 1),
(73, 9, 1),
(73, 10, 1),
(73, 11, 1),
(73, 12, 1),
(73, 13, 1),
(73, 20, 1),
(73, 21, 1),
(73, 22, 1),
(73, 23, 1),
(73, 24, 1),
(73, 25, 1),
(73, 26, 1),
(73, 27, 1),
(73, 28, 1),
(73, 29, 1),
(73, 30, 1),
(73, 32, 1),
(73, 33, 1),
(73, 34, 1),
(73, 35, 1),
(73, 36, 1),
(73, 37, 1),
(73, 38, 1),
(73, 39, 1),
(73, 40, 1),
(73, 41, 1),
(73, 42, 1),
(73, 43, 1),
(73, 44, 1),
(73, 50, 1),
(73, 51, 1),
(73, 52, 1),
(73, 55, 1),
(73, 56, 1),
(73, 57, 1),
(73, 58, 1),
(73, 59, 1),
(73, 60, 1),
(73, 61, 1),
(73, 63, 1),
(73, 64, 1),
(73, 65, 1),
(125, 4, 1),
(125, 5, 1),
(125, 6, 1),
(125, 7, 1),
(125, 8, 1),
(125, 9, 1),
(125, 10, 1),
(125, 11, 1),
(125, 12, 1),
(125, 13, 1),
(129, 78, 1),
(129, 1, 1),
(129, 3, 1),
(129, 4, 1),
(129, 5, 1),
(129, 6, 1),
(129, 7, 1),
(129, 8, 1),
(129, 9, 1),
(129, 10, 1),
(129, 11, 1),
(129, 12, 1),
(129, 13, 1),
(129, 20, 1),
(129, 21, 1),
(129, 22, 1),
(129, 23, 1),
(129, 24, 1),
(129, 25, 1),
(129, 26, 1),
(129, 27, 1),
(129, 28, 1),
(129, 29, 1),
(129, 30, 1),
(129, 32, 1),
(129, 33, 1),
(129, 34, 1),
(129, 35, 1),
(129, 36, 1),
(129, 37, 1),
(129, 38, 1),
(129, 39, 1),
(129, 40, 1),
(129, 41, 1),
(129, 42, 1),
(129, 43, 1),
(129, 44, 1),
(129, 50, 1),
(129, 51, 1),
(129, 52, 1),
(129, 55, 1),
(129, 56, 1),
(129, 57, 1),
(129, 58, 1),
(129, 59, 1),
(129, 60, 1),
(129, 61, 1),
(129, 63, 1),
(129, 64, 1),
(129, 65, 1),
(131, 78, 1),
(131, 1, 1),
(131, 3, 1),
(132, 78, 2),
(132, 1, 2),
(132, 3, 2),
(132, 4, 1),
(132, 5, 1),
(132, 6, 1),
(132, 7, 1),
(132, 8, 1),
(132, 9, 1),
(132, 10, 1),
(132, 11, 1),
(132, 12, 1),
(132, 13, 1),
(132, 20, 1),
(132, 21, 1),
(132, 22, 1),
(132, 23, 1),
(132, 24, 1),
(132, 25, 1),
(132, 26, 1),
(132, 27, 1),
(132, 28, 1),
(132, 29, 1),
(132, 30, 1),
(132, 32, 1),
(132, 33, 1),
(132, 34, 1),
(132, 35, 1),
(132, 36, 1),
(132, 37, 1),
(132, 38, 1),
(132, 39, 1),
(132, 40, 1),
(132, 41, 1),
(132, 42, 1),
(132, 43, 1),
(132, 44, 1),
(132, 50, 1),
(132, 51, 1),
(132, 52, 1),
(132, 55, 1),
(132, 56, 1),
(132, 57, 1),
(132, 58, 1),
(132, 59, 1),
(132, 60, 1),
(132, 61, 1),
(132, 63, 1),
(132, 64, 1),
(132, 65, 1),
(173, 78, 1),
(173, 1, 1),
(173, 3, 1),
(173, 4, 1),
(173, 5, 1),
(173, 6, 1),
(173, 7, 1),
(173, 8, 1),
(173, 9, 1),
(173, 10, 1),
(173, 11, 1),
(173, 12, 1),
(173, 13, 1),
(173, 20, 1),
(173, 21, 1),
(173, 22, 1),
(173, 23, 1),
(173, 24, 1),
(173, 25, 1),
(173, 26, 1),
(173, 27, 1),
(173, 28, 1),
(173, 29, 1),
(173, 30, 1),
(173, 32, 1),
(173, 33, 1),
(173, 34, 1),
(173, 35, 1),
(173, 36, 1),
(173, 37, 1),
(173, 38, 1),
(173, 39, 1),
(173, 40, 1),
(173, 41, 1),
(173, 42, 1),
(173, 43, 1),
(173, 44, 1),
(173, 50, 1),
(173, 51, 1),
(173, 52, 1),
(173, 55, 1),
(173, 56, 1),
(173, 57, 1),
(173, 58, 1),
(173, 59, 1),
(173, 60, 1),
(173, 61, 1),
(173, 63, 1),
(173, 64, 1),
(173, 65, 1),
(174, 78, 1),
(174, 1, 1),
(174, 3, 1),
(174, 4, 1),
(174, 5, 1),
(174, 6, 1),
(174, 7, 1),
(174, 8, 1),
(174, 9, 1),
(174, 10, 1),
(174, 11, 1),
(174, 12, 1),
(174, 13, 1),
(174, 20, 1),
(174, 21, 1),
(174, 22, 1),
(174, 23, 1),
(174, 24, 1),
(174, 25, 1),
(174, 26, 1),
(174, 27, 1),
(174, 28, 1),
(174, 29, 1),
(174, 30, 1),
(174, 32, 1),
(174, 33, 1),
(174, 34, 1),
(174, 35, 1),
(174, 36, 1),
(174, 37, 1),
(174, 38, 1),
(174, 39, 1),
(174, 40, 1),
(174, 41, 1),
(174, 42, 1),
(174, 43, 1),
(174, 44, 1),
(174, 50, 1),
(174, 51, 1),
(174, 52, 1),
(174, 55, 1),
(174, 56, 1),
(174, 57, 1),
(174, 58, 1),
(174, 59, 1),
(174, 60, 1),
(174, 61, 1),
(174, 63, 1),
(174, 64, 1),
(174, 65, 1),
(180, 4, 1),
(180, 5, 1),
(180, 6, 1),
(180, 7, 1),
(180, 8, 1),
(180, 9, 1),
(180, 10, 1),
(180, 11, 1),
(180, 12, 1),
(181, 20, 1),
(181, 21, 1),
(181, 22, 1),
(181, 23, 1),
(181, 24, 1),
(181, 25, 1),
(181, 26, 1),
(181, 27, 1),
(181, 28, 1),
(181, 29, 1),
(181, 30, 1),
(181, 33, 1),
(181, 34, 1),
(181, 35, 1),
(181, 36, 1),
(181, 37, 1),
(181, 38, 1),
(181, 39, 1),
(185, 1, 1),
(185, 3, 1),
(185, 41, 1),
(185, 42, 1),
(185, 43, 1),
(185, 44, 1),
(185, 55, 1),
(185, 56, 1),
(185, 57, 1),
(185, 58, 1),
(185, 59, 1),
(185, 32, 1),
(185, 51, 1),
(185, 76, 1),
(185, 75, 1),
(185, 4, 1),
(185, 5, 1),
(185, 6, 1),
(185, 7, 1),
(185, 8, 1),
(185, 9, 1),
(185, 10, 1),
(185, 11, 1),
(185, 12, 1),
(185, 13, 1),
(185, 52, 1),
(185, 78, 1),
(185, 50, 1),
(185, 60, 1),
(185, 61, 1),
(185, 33, 1),
(185, 34, 1),
(185, 35, 1),
(185, 36, 1),
(185, 37, 1),
(185, 38, 1),
(185, 39, 1),
(185, 63, 1),
(185, 64, 1),
(185, 65, 1),
(185, 20, 1),
(185, 21, 1),
(185, 22, 1),
(185, 23, 1),
(185, 24, 1),
(185, 25, 1),
(185, 26, 1),
(185, 27, 1),
(185, 28, 1),
(185, 29, 1),
(185, 30, 1),
(185, 40, 1),
(189, 1, 1),
(189, 3, 1),
(189, 41, 1),
(189, 42, 1),
(189, 43, 1),
(189, 44, 1),
(189, 55, 1),
(189, 56, 1),
(189, 57, 1),
(189, 58, 1),
(189, 59, 1),
(189, 32, 1),
(189, 51, 1),
(189, 76, 1),
(189, 75, 1),
(189, 4, 1),
(189, 5, 1),
(189, 6, 1),
(189, 7, 1),
(189, 8, 1),
(189, 9, 1),
(189, 10, 1),
(189, 11, 1),
(189, 12, 1),
(189, 13, 1),
(189, 52, 1),
(189, 78, 1),
(189, 50, 1),
(189, 60, 1),
(189, 61, 1),
(189, 33, 1),
(189, 34, 1),
(189, 35, 1),
(189, 36, 1),
(189, 37, 1),
(189, 38, 1),
(189, 39, 1),
(189, 63, 1),
(189, 64, 1),
(189, 65, 1),
(189, 20, 1),
(189, 21, 1),
(189, 22, 1),
(189, 23, 1),
(189, 24, 1),
(189, 25, 1),
(189, 26, 1),
(189, 27, 1),
(189, 28, 1),
(189, 29, 1),
(189, 30, 1),
(189, 40, 1),
(190, 1, 2),
(190, 3, 2),
(190, 41, 2),
(190, 42, 2),
(190, 43, 2),
(190, 44, 2),
(190, 55, 2),
(190, 56, 2),
(190, 57, 2),
(190, 58, 2),
(190, 59, 2),
(190, 32, 2),
(190, 51, 2),
(190, 76, 2),
(190, 75, 2),
(190, 4, 2),
(190, 5, 2),
(190, 6, 2),
(190, 7, 2),
(190, 8, 2),
(190, 9, 2),
(190, 10, 2),
(190, 11, 2),
(190, 12, 2),
(190, 13, 2),
(190, 52, 2),
(190, 78, 2),
(190, 50, 2),
(190, 60, 2),
(190, 61, 2),
(190, 33, 2),
(190, 34, 2),
(190, 35, 2),
(190, 36, 2),
(190, 37, 2),
(190, 38, 2),
(190, 39, 2),
(190, 63, 2),
(190, 64, 2),
(190, 65, 2),
(190, 20, 2),
(190, 21, 2),
(190, 22, 2),
(190, 23, 2),
(190, 24, 2),
(190, 25, 2),
(190, 26, 2),
(190, 27, 2),
(190, 28, 2),
(190, 29, 2),
(190, 30, 2),
(190, 40, 2),
(191, 1, 3),
(191, 3, 3),
(191, 41, 3),
(191, 42, 3),
(191, 43, 3),
(191, 44, 3),
(191, 55, 3),
(191, 56, 3),
(191, 57, 3),
(191, 58, 3),
(191, 59, 3),
(191, 32, 3),
(191, 51, 3),
(191, 76, 3),
(191, 75, 3),
(191, 4, 3),
(191, 5, 3),
(191, 6, 3),
(191, 7, 3),
(191, 8, 3),
(191, 9, 3),
(191, 10, 3),
(191, 11, 3),
(191, 12, 3),
(191, 13, 3),
(191, 52, 3),
(191, 78, 3),
(191, 50, 3),
(191, 60, 3),
(191, 61, 3),
(191, 33, 3),
(191, 34, 3),
(191, 35, 3),
(191, 36, 3),
(191, 37, 3),
(191, 38, 3),
(191, 39, 3),
(191, 63, 3),
(191, 64, 3),
(191, 65, 3),
(191, 20, 3),
(191, 21, 3),
(191, 22, 3),
(191, 23, 3),
(191, 24, 3),
(191, 25, 3),
(191, 26, 3),
(191, 27, 3),
(191, 28, 3),
(191, 29, 3),
(191, 30, 3),
(191, 40, 3),
(192, 1, 4),
(192, 3, 4),
(192, 41, 4),
(192, 42, 4),
(192, 43, 4),
(192, 44, 4),
(192, 55, 4),
(192, 56, 4),
(192, 57, 4),
(192, 58, 4),
(192, 59, 4),
(192, 32, 4),
(192, 51, 4),
(192, 76, 4),
(192, 75, 4),
(192, 4, 4),
(192, 5, 4),
(192, 6, 4),
(192, 7, 4),
(192, 8, 4),
(192, 9, 4),
(192, 10, 4),
(192, 11, 4),
(192, 12, 4),
(192, 13, 4),
(192, 52, 4),
(192, 78, 4),
(192, 50, 4),
(192, 60, 4),
(192, 61, 4),
(192, 33, 4),
(192, 34, 4),
(192, 35, 4),
(192, 36, 4),
(192, 37, 4),
(192, 38, 4),
(192, 39, 4),
(192, 63, 4),
(192, 64, 4),
(192, 65, 4),
(192, 20, 4),
(192, 21, 4),
(192, 22, 4),
(192, 23, 4),
(192, 24, 4),
(192, 25, 4),
(192, 26, 4),
(192, 27, 4),
(192, 28, 4),
(192, 29, 4),
(192, 30, 4),
(192, 40, 4),
(198, 78, 1),
(198, 1, 1),
(198, 3, 1),
(198, 4, 1),
(198, 5, 1),
(198, 6, 1),
(198, 7, 1),
(198, 8, 1),
(198, 9, 1),
(198, 10, 1),
(198, 11, 1),
(198, 12, 1),
(198, 13, 1),
(198, 20, 1),
(198, 21, 1),
(198, 22, 1),
(198, 23, 1),
(198, 24, 1),
(198, 25, 1),
(198, 26, 1),
(198, 27, 1),
(198, 28, 1),
(198, 29, 1),
(198, 30, 1),
(198, 32, 1),
(198, 33, 1),
(198, 34, 1),
(198, 35, 1),
(198, 36, 1),
(198, 37, 1),
(198, 38, 1),
(198, 39, 1),
(198, 40, 1),
(198, 41, 1),
(198, 42, 1),
(198, 43, 1),
(198, 44, 1),
(198, 50, 1),
(198, 51, 1),
(198, 52, 1),
(198, 55, 1),
(198, 56, 1),
(198, 57, 1),
(198, 58, 1),
(198, 59, 1),
(198, 60, 1),
(198, 61, 1),
(198, 63, 1),
(198, 64, 1),
(198, 65, 1),
(200, 4, 1),
(200, 5, 1),
(200, 6, 1),
(200, 7, 1),
(200, 8, 1),
(200, 9, 1),
(200, 10, 1),
(200, 11, 1),
(200, 12, 1),
(200, 13, 1),
(212, 4, 1),
(213, 4, 1),
(215, 4, 1),
(215, 5, 1),
(215, 6, 1),
(215, 7, 1),
(215, 8, 1),
(215, 9, 1),
(215, 10, 1),
(215, 11, 1),
(215, 12, 1),
(215, 13, 1),
(216, 4, 1),
(216, 5, 1),
(216, 6, 1),
(216, 7, 1),
(216, 8, 1),
(216, 9, 1),
(216, 10, 1),
(216, 11, 1),
(216, 12, 1),
(216, 13, 1),
(217, 4, 1),
(217, 5, 1),
(217, 6, 1),
(217, 7, 1),
(217, 8, 1),
(217, 9, 1),
(217, 10, 1),
(217, 11, 1),
(217, 12, 1),
(217, 13, 1),
(218, 4, 1),
(218, 5, 1),
(218, 6, 1),
(218, 7, 1),
(218, 8, 1),
(218, 9, 1),
(218, 10, 1),
(218, 11, 1),
(218, 12, 1),
(218, 13, 1),
(219, 4, 1),
(220, 4, 1),
(221, 4, 1),
(222, 4, 1),
(223, 4, 1),
(230, 4, 1),
(233, 79, 1),
(233, 78, 1),
(233, 1, 1),
(233, 3, 1),
(233, 4, 1),
(233, 5, 1),
(233, 6, 1),
(233, 7, 1),
(233, 8, 1),
(233, 9, 1),
(233, 10, 1),
(233, 11, 1),
(233, 12, 1),
(233, 13, 1),
(233, 20, 1),
(233, 21, 1),
(233, 22, 1),
(233, 23, 1),
(233, 24, 1),
(233, 25, 1),
(233, 26, 1),
(233, 27, 1),
(233, 28, 1),
(233, 29, 1),
(233, 30, 1),
(233, 32, 1),
(233, 33, 1),
(233, 34, 1),
(233, 35, 1),
(233, 36, 1),
(233, 37, 1),
(233, 38, 1),
(233, 39, 1),
(233, 40, 1),
(233, 41, 1),
(233, 42, 1),
(233, 43, 1),
(233, 44, 1),
(233, 50, 1),
(233, 51, 1),
(233, 54, 1),
(233, 52, 1),
(233, 55, 1),
(233, 56, 1),
(233, 57, 1),
(233, 58, 1),
(233, 59, 1),
(233, 60, 1),
(233, 61, 1),
(233, 63, 1),
(233, 64, 1),
(233, 65, 1),
(240, 79, 1),
(240, 78, 1),
(240, 1, 1),
(240, 3, 1),
(240, 4, 1),
(240, 5, 1),
(240, 6, 1),
(240, 7, 1),
(240, 8, 1),
(240, 9, 1),
(240, 10, 1),
(240, 11, 1),
(240, 12, 1),
(240, 13, 1),
(240, 20, 1),
(240, 21, 1),
(240, 22, 1),
(240, 23, 1),
(240, 24, 1),
(240, 25, 1),
(240, 26, 1),
(240, 27, 1),
(240, 28, 1),
(240, 29, 1),
(240, 30, 1),
(240, 32, 1),
(240, 33, 1),
(240, 34, 1),
(240, 35, 1),
(240, 36, 1),
(240, 37, 1),
(240, 38, 1),
(240, 39, 1),
(240, 40, 1),
(240, 41, 1),
(240, 42, 1),
(240, 43, 1),
(240, 44, 1),
(240, 50, 1),
(240, 51, 1),
(240, 54, 1),
(240, 52, 1),
(240, 55, 1),
(240, 56, 1),
(240, 57, 1),
(240, 58, 1),
(240, 59, 1),
(240, 60, 1),
(240, 61, 1),
(240, 63, 1),
(240, 64, 1),
(240, 65, 1),
(241, 78, 1),
(242, 79, 1),
(242, 78, 1),
(242, 1, 1),
(242, 3, 1),
(242, 4, 1),
(242, 5, 1),
(242, 6, 1),
(242, 7, 1),
(242, 8, 1),
(242, 9, 1),
(242, 10, 1),
(242, 11, 1),
(242, 12, 1),
(242, 13, 1),
(242, 20, 1),
(242, 21, 1),
(242, 22, 1),
(242, 23, 1),
(242, 24, 1),
(242, 25, 1),
(242, 26, 1),
(242, 27, 1),
(242, 28, 1),
(242, 29, 1),
(242, 30, 1),
(242, 32, 1),
(242, 33, 1),
(242, 34, 1),
(242, 35, 1),
(242, 36, 1),
(242, 37, 1),
(242, 38, 1),
(242, 39, 1),
(242, 40, 1),
(242, 41, 1),
(242, 42, 1),
(242, 43, 1),
(242, 44, 1),
(242, 50, 1),
(242, 51, 1),
(242, 54, 1),
(242, 52, 1),
(242, 55, 1),
(242, 56, 1),
(242, 57, 1),
(242, 58, 1),
(242, 59, 1),
(242, 60, 1),
(242, 61, 1),
(242, 63, 1),
(242, 64, 1),
(242, 65, 1),
(243, 79, 1),
(243, 78, 1),
(243, 1, 1),
(243, 3, 1),
(243, 4, 1),
(243, 5, 1),
(243, 6, 1),
(243, 7, 1),
(243, 8, 1),
(243, 9, 1),
(243, 10, 1),
(243, 11, 1),
(243, 12, 1),
(243, 13, 1),
(243, 20, 1),
(243, 21, 1),
(243, 22, 1),
(243, 23, 1),
(243, 24, 1),
(243, 25, 1),
(243, 26, 1),
(243, 27, 1),
(243, 28, 1),
(243, 29, 1),
(243, 30, 1),
(243, 32, 1),
(243, 33, 1),
(243, 34, 1),
(243, 35, 1),
(243, 36, 1),
(243, 37, 1),
(243, 38, 1),
(243, 39, 1),
(243, 40, 1),
(243, 41, 1),
(243, 42, 1),
(243, 43, 1),
(243, 44, 1),
(243, 50, 1),
(243, 51, 1),
(243, 54, 1),
(243, 52, 1),
(243, 55, 1),
(243, 56, 1),
(243, 57, 1),
(243, 58, 1),
(243, 59, 1),
(243, 60, 1),
(243, 61, 1),
(243, 63, 1),
(243, 64, 1),
(243, 65, 1),
(31, 81, 1),
(32, 81, 1),
(33, 81, 1),
(34, 81, 1),
(35, 81, 2),
(38, 81, 1),
(39, 81, 2),
(40, 81, 1),
(41, 81, 1),
(42, 81, 1),
(43, 81, 1),
(44, 81, 2),
(45, 81, 1),
(46, 81, 2),
(47, 81, 3),
(48, 81, 4),
(49, 81, 1),
(185, 81, 1),
(189, 81, 1),
(190, 81, 2),
(191, 81, 3),
(192, 81, 4),
(30, 81, 1),
(28, 81, 1),
(29, 81, 1),
(22, 81, 1),
(23, 81, 2),
(55, 81, 1),
(71, 81, 1),
(57, 81, 1),
(58, 81, 1),
(59, 81, 2),
(62, 81, 1),
(63, 81, 1),
(64, 81, 1),
(65, 81, 1),
(66, 81, 1),
(67, 81, 2),
(68, 81, 3),
(69, 81, 1),
(247, 78, 1),
(248, 80, 1),
(249, 80, 1),
(31, 82, 1),
(32, 82, 1),
(33, 82, 1),
(34, 82, 1),
(35, 82, 2),
(38, 82, 1),
(39, 82, 2),
(40, 82, 1),
(41, 82, 1),
(42, 82, 1),
(43, 82, 1),
(44, 82, 2),
(45, 82, 1),
(46, 82, 2),
(47, 82, 3),
(48, 82, 4),
(49, 82, 1),
(185, 82, 1),
(189, 82, 1),
(190, 82, 2),
(191, 82, 3),
(192, 82, 4),
(30, 82, 1),
(28, 82, 1),
(29, 82, 1),
(22, 82, 1),
(23, 82, 2),
(55, 82, 1),
(71, 82, 1),
(57, 82, 1),
(58, 82, 1),
(59, 82, 2),
(62, 82, 1),
(63, 82, 1),
(64, 82, 1),
(65, 82, 1),
(66, 82, 1),
(67, 82, 2),
(68, 82, 3),
(69, 82, 1),
(250, 79, 1),
(251, 80, 1),
(250, 80, 1),
(250, 82, 1),
(250, 83, 1),
(251, 82, 1),
(251, 83, 1),
(252, 80, 1),
(252, 82, 1),
(252, 83, 1),
(253, 80, 1),
(253, 82, 1),
(253, 83, 1),
(254, 32, 1),
(255, 1, 1);

-- --------------------------------------------------------

--
-- Table structure for table `nv4_vi_comment`
--

CREATE TABLE `nv4_vi_comment` (
  `cid` mediumint(8) UNSIGNED NOT NULL,
  `module` varchar(55) NOT NULL,
  `area` int(11) NOT NULL DEFAULT 0,
  `id` mediumint(8) UNSIGNED NOT NULL DEFAULT 0,
  `pid` mediumint(8) UNSIGNED NOT NULL DEFAULT 0,
  `content` text NOT NULL,
  `attach` varchar(255) NOT NULL DEFAULT '',
  `post_time` int(11) UNSIGNED NOT NULL DEFAULT 0,
  `userid` mediumint(8) UNSIGNED NOT NULL DEFAULT 0,
  `post_name` varchar(100) NOT NULL,
  `post_email` varchar(100) NOT NULL,
  `post_ip` varchar(39) NOT NULL DEFAULT '',
  `status` tinyint(1) UNSIGNED NOT NULL DEFAULT 0,
  `likes` mediumint(9) NOT NULL DEFAULT 0,
  `dislikes` mediumint(9) NOT NULL DEFAULT 0
) ENGINE=MyISAM DEFAULT CHARSET=utf8mb4 COLLATE=utf8mb4_unicode_ci;

-- --------------------------------------------------------

--
-- Table structure for table `nv4_vi_contact_department`
--

CREATE TABLE `nv4_vi_contact_department` (
  `id` smallint(5) UNSIGNED NOT NULL,
  `full_name` varchar(250) NOT NULL,
  `alias` varchar(250) NOT NULL,
  `image` varchar(255) NOT NULL DEFAULT '',
  `phone` varchar(255) NOT NULL,
  `fax` varchar(255) NOT NULL,
  `email` varchar(100) NOT NULL,
  `address` varchar(255) NOT NULL,
  `note` text NOT NULL,
  `others` text NOT NULL,
  `cats` text NOT NULL,
  `admins` text NOT NULL,
  `act` tinyint(1) UNSIGNED NOT NULL DEFAULT 0,
  `weight` smallint(5) NOT NULL,
  `is_default` tinyint(1) UNSIGNED NOT NULL DEFAULT 0
) ENGINE=MyISAM DEFAULT CHARSET=utf8mb4 COLLATE=utf8mb4_unicode_ci;

--
-- Dumping data for table `nv4_vi_contact_department`
--

INSERT INTO `nv4_vi_contact_department` (`id`, `full_name`, `alias`, `image`, `phone`, `fax`, `email`, `address`, `note`, `others`, `cats`, `admins`, `act`, `weight`, `is_default`) VALUES
(1, 'Phòng Chăm sóc khách hàng', 'Cham-soc-khach-hang', '', '(08) 38.000.000[+84838000000]', '08 38.000.001', 'customer@mysite.com', '', 'Bộ phận tiếp nhận và giải quyết các yêu cầu, đề nghị, ý kiến liên quan đến hoạt động chính của doanh nghiệp', '{\"viber\":\"myViber\",\"skype\":\"mySkype\",\"yahoo\":\"myYahoo\"}', 'Tư vấn|Khiếu nại, phản ánh|Đề nghị hợp tác', '1/1/1/0;', 1, 1, 1),
(2, 'Phòng Kỹ thuật', 'Ky-thuat', '', '(08) 38.000.002[+84838000002]', '08 38.000.003', 'technical@mysite.com', '', 'Bộ phận tiếp nhận và giải quyết các câu hỏi liên quan đến kỹ thuật', '{\"viber\":\"myViber2\",\"skype\":\"mySkype2\",\"yahoo\":\"myYahoo2\"}', 'Thông báo lỗi|Góp ý cải tiến', '1/1/1/0;', 1, 2, 0);

-- --------------------------------------------------------

--
-- Table structure for table `nv4_vi_contact_reply`
--

CREATE TABLE `nv4_vi_contact_reply` (
  `rid` mediumint(8) UNSIGNED NOT NULL,
  `id` mediumint(8) UNSIGNED NOT NULL DEFAULT 0,
  `reply_content` text DEFAULT NULL,
  `reply_time` int(11) UNSIGNED NOT NULL DEFAULT 0,
  `reply_aid` mediumint(8) UNSIGNED NOT NULL DEFAULT 0
) ENGINE=MyISAM DEFAULT CHARSET=utf8mb4 COLLATE=utf8mb4_unicode_ci;

-- --------------------------------------------------------

--
-- Table structure for table `nv4_vi_contact_send`
--

CREATE TABLE `nv4_vi_contact_send` (
  `id` mediumint(8) UNSIGNED NOT NULL,
  `cid` smallint(5) UNSIGNED NOT NULL DEFAULT 0,
  `cat` varchar(255) NOT NULL,
  `title` varchar(255) NOT NULL,
  `content` text NOT NULL,
  `send_time` int(11) UNSIGNED NOT NULL DEFAULT 0,
  `sender_id` mediumint(8) UNSIGNED NOT NULL DEFAULT 0,
  `sender_name` varchar(100) NOT NULL,
  `sender_address` varchar(250) NOT NULL,
  `sender_email` varchar(100) NOT NULL,
  `sender_phone` varchar(20) DEFAULT '',
  `sender_ip` varchar(39) NOT NULL DEFAULT '',
  `is_read` tinyint(1) UNSIGNED NOT NULL DEFAULT 0,
  `is_reply` tinyint(1) UNSIGNED NOT NULL DEFAULT 0,
  `is_processed` tinyint(1) UNSIGNED NOT NULL DEFAULT 0,
  `processed_by` int(11) UNSIGNED NOT NULL DEFAULT 0,
  `processed_time` int(11) UNSIGNED NOT NULL DEFAULT 0
) ENGINE=MyISAM DEFAULT CHARSET=utf8mb4 COLLATE=utf8mb4_unicode_ci;

--
-- Dumping data for table `nv4_vi_contact_send`
--

INSERT INTO `nv4_vi_contact_send` (`id`, `cid`, `cat`, `title`, `content`, `send_time`, `sender_id`, `sender_name`, `sender_address`, `sender_email`, `sender_phone`, `sender_ip`, `is_read`, `is_reply`, `is_processed`, `processed_by`, `processed_time`) VALUES
(1, 1, 'Tư vấn', 'aaa', 'aa', 1728148131, 1, 'admin', 'aa', 'tuyenhoang2442002@gmail.com', 'aa', '127.0.0.1', 1, 0, 0, 0, 0);

-- --------------------------------------------------------

--
-- Table structure for table `nv4_vi_contact_supporter`
--

CREATE TABLE `nv4_vi_contact_supporter` (
  `id` smallint(5) UNSIGNED NOT NULL,
  `departmentid` smallint(5) UNSIGNED NOT NULL,
  `full_name` varchar(255) NOT NULL,
  `image` varchar(255) NOT NULL DEFAULT '',
  `phone` varchar(255) NOT NULL,
  `email` varchar(100) NOT NULL,
  `others` text NOT NULL,
  `act` tinyint(1) UNSIGNED NOT NULL DEFAULT 1,
  `weight` smallint(5) NOT NULL
) ENGINE=MyISAM DEFAULT CHARSET=utf8mb4 COLLATE=utf8mb4_unicode_ci;

-- --------------------------------------------------------

--
-- Table structure for table `nv4_vi_freecontent_blocks`
--

CREATE TABLE `nv4_vi_freecontent_blocks` (
  `bid` mediumint(8) UNSIGNED NOT NULL,
  `title` varchar(255) NOT NULL DEFAULT '',
  `description` mediumtext NOT NULL
) ENGINE=MyISAM DEFAULT CHARSET=utf8mb4 COLLATE=utf8mb4_unicode_ci;

--
-- Dumping data for table `nv4_vi_freecontent_blocks`
--

INSERT INTO `nv4_vi_freecontent_blocks` (`bid`, `title`, `description`) VALUES
(1, 'Sản phẩm', 'Sản phẩm của công ty cổ phần phát triển nguồn mở Việt Nam - VINADES.,JSC');

-- --------------------------------------------------------

--
-- Table structure for table `nv4_vi_freecontent_rows`
--

CREATE TABLE `nv4_vi_freecontent_rows` (
  `id` mediumint(8) UNSIGNED NOT NULL,
  `bid` mediumint(8) UNSIGNED NOT NULL DEFAULT 0,
  `title` varchar(255) NOT NULL DEFAULT '',
  `description` mediumtext NOT NULL,
  `link` varchar(255) NOT NULL DEFAULT '',
  `target` varchar(10) NOT NULL DEFAULT '' COMMENT '_blank|_self|_parent|_top',
  `image` varchar(255) NOT NULL DEFAULT '',
  `start_time` int(11) NOT NULL DEFAULT 0,
  `end_time` int(11) NOT NULL DEFAULT 0,
  `status` tinyint(1) UNSIGNED NOT NULL DEFAULT 0 COMMENT '0: In-Active, 1: Active, 2: Expired'
) ENGINE=MyISAM DEFAULT CHARSET=utf8mb4 COLLATE=utf8mb4_unicode_ci;

--
-- Dumping data for table `nv4_vi_freecontent_rows`
--

INSERT INTO `nv4_vi_freecontent_rows` (`id`, `bid`, `title`, `description`, `link`, `target`, `image`, `start_time`, `end_time`, `status`) VALUES
(1, 1, 'Hệ quản trị nội dung NukeViet', '<ul>\n	<li>Giải thưởng Nhân tài đất Việt 2011, 10.000+ website đang sử dụng</li>\n	<li>Được Bộ GD&amp;ĐT khuyến khích sử dụng trong các cơ sở giáo dục</li>\n	<li>Bộ TT&amp;TT quy định ưu tiên sử dụng trong cơ quan nhà nước</li>\n</ul>', 'http://vinades.vn/vi/san-pham/nukeviet/', '_blank', 'cms.jpg', 1724657086, 0, 1),
(2, 1, 'Cổng thông tin doanh nghiệp', '<ul>\n	<li>Tích hợp bán hàng trực tuyến</li>\n	<li>Tích hợp các nghiệp vụ quản lý (quản lý khách hàng, quản lý nhân sự, quản lý tài liệu)</li>\n</ul>', 'http://vinades.vn/vi/san-pham/Cong-thong-tin-doanh-nghiep-NukeViet-portal/', '_blank', 'portal.jpg', 1724657086, 0, 1),
(3, 1, 'Cổng thông tin Phòng giáo dục, Sở giáo dục', '<ul>\n	<li>Tích hợp chung website hàng trăm trường</li>\n	<li>Tích hợp các ứng dụng trực tuyến (Tra điểm SMS, Tra cứu văn bằng, Học bạ điện tử ...)</li>\n</ul>', 'http://vinades.vn/vi/san-pham/Cong-thong-tin-giao-duc-NukeViet-Edugate/', '_blank', 'edugate.jpg', 1724657086, 0, 1),
(4, 1, 'Tòa soạn báo điện tử chuyên nghiệp', '<ul>\n	<li>Bảo mật đa tầng, phân quyền linh hoạt</li>\n	<li>Hệ thống bóc tin tự động, đăng bài tự động, cùng nhiều chức năng tiên tiến khác...</li>\n</ul>', 'http://vinades.vn/vi/san-pham/Toa-soan-bao-dien-tu/', '_blank', 'toa-soan-dien-tu.jpg', 1724657086, 0, 1),
(5, 1, 'Giải pháp bán hàng trực tuyến', '<ul><li>Tích hợp các tính năng cơ bản bán hàng trực tuyến</li><li>Tích hợp với các cổng thanh toán, ví điện tử trên toàn quốc</li></ul>', 'http://vinades.vn', '_blank', 'shop.jpg', 1724657086, 0, 1);

-- --------------------------------------------------------

--
-- Table structure for table `nv4_vi_menu`
--

CREATE TABLE `nv4_vi_menu` (
  `id` smallint(5) UNSIGNED NOT NULL,
  `title` varchar(50) NOT NULL
) ENGINE=MyISAM DEFAULT CHARSET=utf8mb4 COLLATE=utf8mb4_unicode_ci;

--
-- Dumping data for table `nv4_vi_menu`
--

INSERT INTO `nv4_vi_menu` (`id`, `title`) VALUES
(1, 'Top Menu');

-- --------------------------------------------------------

--
-- Table structure for table `nv4_vi_menu_rows`
--

CREATE TABLE `nv4_vi_menu_rows` (
  `id` mediumint(5) NOT NULL,
  `parentid` mediumint(5) UNSIGNED NOT NULL,
  `mid` smallint(5) NOT NULL DEFAULT 0,
  `title` varchar(255) NOT NULL,
  `link` text NOT NULL,
  `icon` varchar(255) DEFAULT '',
  `image` varchar(255) DEFAULT '',
  `note` varchar(255) DEFAULT '',
  `weight` int(11) NOT NULL,
  `sort` int(11) NOT NULL DEFAULT 0,
  `lev` int(11) NOT NULL DEFAULT 0,
  `subitem` text DEFAULT NULL,
  `groups_view` varchar(255) DEFAULT '',
  `module_name` varchar(255) DEFAULT '',
  `op` varchar(255) DEFAULT '',
  `target` tinyint(4) DEFAULT 0,
  `css` varchar(255) DEFAULT '',
  `active_type` tinyint(1) UNSIGNED NOT NULL DEFAULT 0,
  `status` tinyint(1) UNSIGNED NOT NULL DEFAULT 0
) ENGINE=MyISAM DEFAULT CHARSET=utf8mb4 COLLATE=utf8mb4_unicode_ci;

--
-- Dumping data for table `nv4_vi_menu_rows`
--

INSERT INTO `nv4_vi_menu_rows` (`id`, `parentid`, `mid`, `title`, `link`, `icon`, `image`, `note`, `weight`, `sort`, `lev`, `subitem`, `groups_view`, `module_name`, `op`, `target`, `css`, `active_type`, `status`) VALUES
(38, 0, 1, 'Trang chủ', '/index.php', '', '', '', 1, 1, 0, '', '6', 'news', 'Tin-tuc', 1, '', 0, 1),
(34, 0, 1, 'Phòng', '/index.php?language=vi&nv=room', '', '', '', 2, 2, 0, '', '6', 'room', '', 1, '', 0, 1),
(36, 0, 1, 'Liên hệ', '/index.php?language=vi&nv=contact', '', '', '', 3, 3, 0, '', '6', 'contact', '', 1, '', 0, 1),
(37, 0, 1, 'Giới thiệu', '/index.php?language=vi&nv=about', '', '', '', 4, 4, 0, '', '6', 'about', '', 1, '', 0, 1);

-- --------------------------------------------------------

--
-- Table structure for table `nv4_vi_modfuncs`
--

CREATE TABLE `nv4_vi_modfuncs` (
  `func_id` mediumint(8) UNSIGNED NOT NULL,
  `func_name` varchar(55) NOT NULL,
  `alias` varchar(55) NOT NULL DEFAULT '',
  `func_custom_name` varchar(255) NOT NULL,
  `func_site_title` varchar(255) NOT NULL DEFAULT '',
  `in_module` varchar(50) NOT NULL,
  `show_func` tinyint(4) NOT NULL DEFAULT 0,
  `in_submenu` tinyint(1) UNSIGNED NOT NULL DEFAULT 0,
  `subweight` smallint(2) UNSIGNED NOT NULL DEFAULT 1,
  `setting` varchar(255) NOT NULL DEFAULT ''
) ENGINE=MyISAM DEFAULT CHARSET=utf8mb4 COLLATE=utf8mb4_unicode_ci;

--
-- Dumping data for table `nv4_vi_modfuncs`
--

INSERT INTO `nv4_vi_modfuncs` (`func_id`, `func_name`, `alias`, `func_custom_name`, `func_site_title`, `in_module`, `show_func`, `in_submenu`, `subweight`, `setting`) VALUES
(1, 'main', 'main', 'Main', '', 'about', 1, 0, 1, ''),
(2, 'sitemap', 'sitemap', 'Sitemap', '', 'about', 0, 0, 0, ''),
(3, 'rss', 'rss', 'Rss', '', 'about', 1, 0, 2, ''),
(4, 'main', 'main', 'Main', '', 'news', 1, 0, 1, ''),
(5, 'viewcat', 'viewcat', 'Viewcat', '', 'news', 1, 0, 2, ''),
(6, 'topic', 'topic', 'Topic', '', 'news', 1, 0, 3, ''),
(7, 'content', 'content', 'Content', '', 'news', 1, 1, 4, ''),
(8, 'detail', 'detail', 'Detail', '', 'news', 1, 0, 5, ''),
(9, 'tag', 'tag', 'Tag', '', 'news', 1, 0, 6, ''),
(10, 'rss', 'rss', 'Rss', '', 'news', 1, 1, 7, ''),
(11, 'search', 'search', 'Search', '', 'news', 1, 1, 8, ''),
(12, 'groups', 'groups', 'Groups', '', 'news', 1, 0, 9, ''),
(13, 'author', 'author', 'Author', '', 'news', 1, 0, 10, ''),
(14, 'sitemap', 'sitemap', 'Sitemap', '', 'news', 0, 0, 0, ''),
(15, 'print', 'print', 'Print', '', 'news', 0, 0, 0, ''),
(16, 'rating', 'rating', 'Rating', '', 'news', 0, 0, 0, ''),
(17, 'savefile', 'savefile', 'Savefile', '', 'news', 0, 0, 0, ''),
(18, 'sendmail', 'sendmail', 'Sendmail', '', 'news', 0, 0, 0, ''),
(19, 'instant-rss', 'instant-rss', 'Instant Articles RSS', '', 'news', 0, 0, 0, ''),
(20, 'main', 'main', 'Main', '', 'users', 1, 0, 1, ''),
(21, 'login', 'login', 'Đăng nhập', '', 'users', 1, 1, 2, ''),
(22, 'register', 'register', 'Đăng ký', '', 'users', 1, 1, 3, ''),
(23, 'lostpass', 'lostpass', 'Khôi phục mật khẩu', '', 'users', 1, 1, 4, ''),
(24, 'active', 'active', 'Kích hoạt tài khoản', '', 'users', 1, 0, 5, ''),
(25, 'lostactivelink', 'lostactivelink', 'Lostactivelink', '', 'users', 1, 0, 6, ''),
(26, 'editinfo', 'editinfo', 'Thiết lập tài khoản', '', 'users', 1, 1, 7, ''),
(27, 'memberlist', 'memberlist', 'Danh sách thành viên', '', 'users', 1, 1, 8, ''),
(28, 'groups', 'groups', 'Quản lý nhóm', '', 'users', 1, 1, 9, ''),
(29, 'avatar', 'avatar', 'Avatar', '', 'users', 1, 0, 10, ''),
(30, 'logout', 'logout', 'Thoát', '', 'users', 1, 1, 11, ''),
(31, 'oauth', 'oauth', 'Oauth', '', 'users', 0, 0, 0, ''),
(32, 'main', 'main', 'Main', '', 'contact', 1, 0, 1, ''),
(33, 'main', 'main', 'Main', '', 'statistics', 1, 0, 1, ''),
(34, 'allreferers', 'allreferers', 'Theo đường dẫn đến site', '', 'statistics', 1, 1, 2, ''),
(35, 'allcountries', 'allcountries', 'Theo quốc gia', '', 'statistics', 1, 1, 3, ''),
(36, 'allbrowsers', 'allbrowsers', 'Theo trình duyệt', '', 'statistics', 1, 1, 4, ''),
(37, 'allos', 'allos', 'Theo hệ điều hành', '', 'statistics', 1, 1, 5, ''),
(38, 'allbots', 'allbots', 'Theo máy chủ tìm kiếm', '', 'statistics', 1, 1, 6, ''),
(39, 'referer', 'referer', 'Đường dẫn đến site theo tháng', '', 'statistics', 1, 0, 7, ''),
(40, 'main', 'main', 'Main', '', 'voting', 1, 0, 1, ''),
(41, 'main', 'main', 'Main', '', 'banners', 1, 0, 1, ''),
(42, 'addads', 'addads', 'Addads', '', 'banners', 1, 0, 2, ''),
(43, 'clientinfo', 'clientinfo', 'Clientinfo', '', 'banners', 1, 0, 3, ''),
(44, 'stats', 'stats', 'Stats', '', 'banners', 1, 0, 4, ''),
(45, 'cledit', 'cledit', 'Cledit', '', 'banners', 0, 0, 0, ''),
(46, 'click', 'click', 'Click', '', 'banners', 0, 0, 0, ''),
(47, 'clinfo', 'clinfo', 'Clinfo', '', 'banners', 0, 0, 0, ''),
(48, 'logininfo', 'logininfo', 'Logininfo', '', 'banners', 0, 0, 0, ''),
(49, 'viewmap', 'viewmap', 'Viewmap', '', 'banners', 0, 0, 0, ''),
(50, 'main', 'main', 'Main', '', 'seek', 1, 0, 1, ''),
(51, 'main', 'main', 'Main', '', 'feeds', 1, 0, 1, ''),
(52, 'main', 'main', 'Main', '', 'page', 1, 0, 1, ''),
(53, 'sitemap', 'sitemap', 'Sitemap', '', 'page', 0, 0, 0, ''),
(54, 'rss', 'rss', 'Rss', '', 'page', 1, 0, 0, ''),
(55, 'main', 'main', 'Main', '', 'comment', 1, 0, 1, ''),
(56, 'post', 'post', 'Post', '', 'comment', 1, 0, 2, ''),
(57, 'like', 'like', 'Like', '', 'comment', 1, 0, 3, ''),
(58, 'delete', 'delete', 'Delete', '', 'comment', 1, 0, 4, ''),
(59, 'down', 'down', 'Down', '', 'comment', 1, 0, 5, ''),
(60, 'main', 'main', 'Main', '', 'siteterms', 1, 0, 1, ''),
(61, 'rss', 'rss', 'Rss', '', 'siteterms', 1, 0, 2, ''),
(62, 'sitemap', 'sitemap', 'Sitemap', '', 'siteterms', 0, 0, 0, ''),
(63, 'main', 'main', 'Main', '', 'two-step-verification', 1, 0, 1, ''),
(64, 'confirm', 'confirm', 'Confirm', '', 'two-step-verification', 1, 0, 2, ''),
(65, 'setup', 'setup', 'Setup', '', 'two-step-verification', 1, 0, 3, ''),
(79, 'view', 'view', 'View', '', 'room', 1, 0, 2, ''),
(78, 'main', 'main', 'Main', '', 'room', 1, 0, 1, ''),
(80, 'booking', 'booking', 'Booking', '', 'room', 1, 0, 3, ''),
(81, 'about', 'about', 'About', '', 'room', 0, 0, 0, ''),
(82, 'confirmbooking', 'confirmbooking', 'Confirmbooking', '', 'room', 1, 0, 4, ''),
(83, 'processbooking', 'processbooking', 'Processbooking', '', 'room', 1, 0, 5, '');

-- --------------------------------------------------------

--
-- Table structure for table `nv4_vi_modthemes`
--

CREATE TABLE `nv4_vi_modthemes` (
  `func_id` mediumint(8) DEFAULT NULL,
  `layout` varchar(100) DEFAULT NULL,
  `theme` varchar(100) DEFAULT NULL
) ENGINE=MyISAM DEFAULT CHARSET=utf8mb4 COLLATE=utf8mb4_unicode_ci;

--
-- Dumping data for table `nv4_vi_modthemes`
--

INSERT INTO `nv4_vi_modthemes` (`func_id`, `layout`, `theme`) VALUES
(0, 'left-main-right', 'de1'),
(0, 'left-main-right', 'default'),
(0, 'left-main-right', 'web_hotel'),
(0, 'main', 'home'),
(0, 'main', 'mobile_default'),
(1, 'gioithieu', 'home'),
(1, 'left-main-right', 'de1'),
(1, 'left-main-right', 'web_hotel'),
(1, 'main', 'default'),
(1, 'main', 'mobile_default'),
(3, 'left-main-right', 'de1'),
(3, 'left-main-right', 'web_hotel'),
(3, 'main', 'default'),
(3, 'main', 'home'),
(4, 'left-main-right', 'de1'),
(4, 'left-main-right', 'web_hotel'),
(4, 'main', 'default'),
(4, 'main', 'mobile_default'),
(4, 'trangchu', 'home'),
(5, 'left-main-right', 'de1'),
(5, 'left-main-right', 'web_hotel'),
(5, 'main', 'default'),
(5, 'main', 'home'),
(5, 'main', 'mobile_default'),
(6, 'left-main-right', 'de1'),
(6, 'left-main-right', 'web_hotel'),
(6, 'main', 'default'),
(6, 'main', 'home'),
(6, 'main', 'mobile_default'),
(7, 'left-main-right', 'de1'),
(7, 'left-main-right', 'web_hotel'),
(7, 'main', 'default'),
(7, 'main', 'home'),
(7, 'main', 'mobile_default'),
(8, 'left-main-right', 'de1'),
(8, 'left-main-right', 'web_hotel'),
(8, 'main', 'default'),
(8, 'main', 'home'),
(8, 'main', 'mobile_default'),
(9, 'left-main-right', 'de1'),
(9, 'left-main-right', 'web_hotel'),
(9, 'main', 'default'),
(9, 'main', 'home'),
(9, 'main', 'mobile_default'),
(10, 'left-main-right', 'de1'),
(10, 'left-main-right', 'web_hotel'),
(10, 'main', 'default'),
(10, 'main', 'home'),
(11, 'left-main-right', 'de1'),
(11, 'left-main-right', 'web_hotel'),
(11, 'main', 'default'),
(11, 'main', 'home'),
(11, 'main', 'mobile_default'),
(12, 'left-main-right', 'de1'),
(12, 'left-main-right', 'web_hotel'),
(12, 'main', 'default'),
(12, 'main', 'home'),
(12, 'main', 'mobile_default'),
(13, 'left-main-right', 'de1'),
(13, 'left-main-right', 'web_hotel'),
(13, 'main', 'default'),
(13, 'main', 'home'),
(13, 'main', 'mobile_default'),
(20, 'left-main-right', 'de1'),
(20, 'left-main-right', 'web_hotel'),
(20, 'main', 'default'),
(20, 'main', 'home'),
(20, 'main', 'mobile_default'),
(21, 'left-main-right', 'de1'),
(21, 'left-main-right', 'web_hotel'),
(21, 'main', 'default'),
(21, 'main', 'home'),
(21, 'main', 'mobile_default'),
(22, 'left-main-right', 'de1'),
(22, 'left-main-right', 'web_hotel'),
(22, 'main', 'default'),
(22, 'main', 'home'),
(22, 'main', 'mobile_default'),
(23, 'left-main-right', 'de1'),
(23, 'left-main-right', 'web_hotel'),
(23, 'main', 'default'),
(23, 'main', 'home'),
(23, 'main', 'mobile_default'),
(24, 'left-main-right', 'de1'),
(24, 'left-main-right', 'web_hotel'),
(24, 'main', 'default'),
(24, 'main', 'home'),
(24, 'main', 'mobile_default'),
(25, 'left-main-right', 'de1'),
(25, 'left-main-right', 'web_hotel'),
(25, 'main', 'default'),
(25, 'main', 'home'),
(25, 'main', 'mobile_default'),
(26, 'left-main', 'de1'),
(26, 'left-main', 'web_hotel'),
(26, 'main', 'default'),
(26, 'main', 'home'),
(26, 'main', 'mobile_default'),
(27, 'left-main-right', 'de1'),
(27, 'left-main-right', 'web_hotel'),
(27, 'main', 'default'),
(27, 'main', 'home'),
(27, 'main', 'mobile_default'),
(28, 'left-main', 'de1'),
(28, 'left-main', 'web_hotel'),
(28, 'main', 'default'),
(28, 'main', 'home'),
(28, 'main', 'mobile_default'),
(29, 'left-main-right', 'de1'),
(29, 'left-main-right', 'web_hotel'),
(29, 'main', 'default'),
(29, 'main', 'home'),
(30, 'left-main-right', 'de1'),
(30, 'left-main-right', 'web_hotel'),
(30, 'main', 'default'),
(30, 'main', 'home'),
(30, 'main', 'mobile_default'),
(32, 'about', 'home'),
(32, 'left-main', 'de1'),
(32, 'left-main', 'web_hotel'),
(32, 'main', 'default'),
(32, 'main', 'mobile_default'),
(33, 'left-main', 'de1'),
(33, 'left-main', 'web_hotel'),
(33, 'main', 'default'),
(33, 'main', 'home'),
(33, 'main', 'mobile_default'),
(34, 'left-main', 'de1'),
(34, 'left-main', 'web_hotel'),
(34, 'main', 'default'),
(34, 'main', 'home'),
(34, 'main', 'mobile_default'),
(35, 'left-main', 'de1'),
(35, 'left-main', 'web_hotel'),
(35, 'main', 'default'),
(35, 'main', 'home'),
(35, 'main', 'mobile_default'),
(36, 'left-main', 'de1'),
(36, 'left-main', 'web_hotel'),
(36, 'main', 'default'),
(36, 'main', 'home'),
(36, 'main', 'mobile_default'),
(37, 'left-main', 'de1'),
(37, 'left-main', 'web_hotel'),
(37, 'main', 'default'),
(37, 'main', 'home'),
(37, 'main', 'mobile_default'),
(38, 'left-main', 'de1'),
(38, 'left-main', 'web_hotel'),
(38, 'main', 'default'),
(38, 'main', 'home'),
(38, 'main', 'mobile_default'),
(39, 'left-main', 'de1'),
(39, 'left-main', 'web_hotel'),
(39, 'main', 'default'),
(39, 'main', 'home'),
(39, 'main', 'mobile_default'),
(40, 'left-main', 'de1'),
(40, 'left-main', 'web_hotel'),
(40, 'main', 'default'),
(40, 'main', 'home'),
(40, 'main', 'mobile_default'),
(41, 'left-main-right', 'de1'),
(41, 'left-main-right', 'web_hotel'),
(41, 'main', 'default'),
(41, 'main', 'home'),
(41, 'main', 'mobile_default'),
(42, 'left-main-right', 'de1'),
(42, 'left-main-right', 'web_hotel'),
(42, 'main', 'default'),
(42, 'main', 'home'),
(42, 'main', 'mobile_default'),
(43, 'left-main-right', 'de1'),
(43, 'left-main-right', 'web_hotel'),
(43, 'main', 'default'),
(43, 'main', 'home'),
(43, 'main', 'mobile_default'),
(44, 'left-main-right', 'de1'),
(44, 'left-main-right', 'web_hotel'),
(44, 'main', 'default'),
(44, 'main', 'home'),
(44, 'main', 'mobile_default'),
(50, 'left-main-right', 'de1'),
(50, 'left-main-right', 'web_hotel'),
(50, 'main', 'default'),
(50, 'main', 'home'),
(50, 'main', 'mobile_default'),
(51, 'left-main-right', 'de1'),
(51, 'left-main-right', 'web_hotel'),
(51, 'main', 'default'),
(51, 'main', 'home'),
(51, 'main', 'mobile_default'),
(52, 'left-main', 'de1'),
(52, 'left-main', 'web_hotel'),
(52, 'main', 'default'),
(52, 'main', 'home'),
(52, 'main', 'mobile_default'),
(54, 'main', 'home'),
(55, 'left-main-right', 'de1'),
(55, 'left-main-right', 'web_hotel'),
(55, 'main', 'default'),
(55, 'main', 'home'),
(55, 'main', 'mobile_default'),
(56, 'left-main-right', 'de1'),
(56, 'left-main-right', 'web_hotel'),
(56, 'main', 'default'),
(56, 'main', 'home'),
(56, 'main', 'mobile_default'),
(57, 'left-main-right', 'de1'),
(57, 'left-main-right', 'web_hotel'),
(57, 'main', 'default'),
(57, 'main', 'home'),
(57, 'main', 'mobile_default'),
(58, 'left-main-right', 'de1'),
(58, 'left-main-right', 'web_hotel'),
(58, 'main', 'default'),
(58, 'main', 'home'),
(58, 'main', 'mobile_default'),
(59, 'left-main-right', 'de1'),
(59, 'left-main-right', 'web_hotel'),
(59, 'main', 'default'),
(59, 'main', 'home'),
(60, 'left-main-right', 'de1'),
(60, 'left-main-right', 'web_hotel'),
(60, 'main', 'default'),
(60, 'main', 'home'),
(60, 'main', 'mobile_default'),
(61, 'left-main-right', 'de1'),
(61, 'left-main-right', 'web_hotel'),
(61, 'main', 'default'),
(61, 'main', 'home'),
(61, 'main', 'mobile_default'),
(63, 'left-main-right', 'de1'),
(63, 'left-main-right', 'web_hotel'),
(63, 'main', 'default'),
(63, 'main', 'home'),
(63, 'main', 'mobile_default'),
(64, 'left-main-right', 'de1'),
(64, 'left-main-right', 'web_hotel'),
(64, 'main', 'default'),
(64, 'main', 'home'),
(64, 'main', 'mobile_default'),
(65, 'left-main-right', 'de1'),
(65, 'left-main-right', 'web_hotel'),
(65, 'main', 'default'),
(65, 'main', 'home'),
(65, 'main', 'mobile_default'),
(68, 'left-main-right', 'default'),
(69, 'left-main-right', 'default'),
(74, 'left-main-right', 'default'),
(74, 'left-main-right', 'web_hotel'),
(74, 'main', 'mobile_default'),
(77, 'left-main-right', 'web_hotel'),
(78, 'main', 'default'),
(78, 'main', 'mobile_default'),
(78, 'room', 'home'),
(79, 'left-main-right', 'default'),
(79, 'main', 'home'),
(79, 'main', 'mobile_default'),
(80, 'main', 'home'),
(81, 'main', 'home'),
(82, 'main', 'home'),
(83, 'main', 'home');

-- --------------------------------------------------------

--
-- Table structure for table `nv4_vi_modules`
--

CREATE TABLE `nv4_vi_modules` (
  `title` varchar(50) NOT NULL,
  `module_file` varchar(50) NOT NULL DEFAULT '',
  `module_data` varchar(50) NOT NULL DEFAULT '',
  `module_upload` varchar(50) NOT NULL DEFAULT '',
  `module_theme` varchar(50) NOT NULL DEFAULT '',
  `custom_title` varchar(255) NOT NULL,
  `site_title` varchar(255) NOT NULL DEFAULT '',
  `admin_title` varchar(255) NOT NULL DEFAULT '',
  `set_time` int(11) UNSIGNED NOT NULL DEFAULT 0,
  `main_file` tinyint(1) UNSIGNED NOT NULL DEFAULT 0,
  `admin_file` tinyint(1) UNSIGNED NOT NULL DEFAULT 0,
  `theme` varchar(100) DEFAULT '',
  `mobile` varchar(100) DEFAULT '',
  `description` varchar(255) DEFAULT '',
  `keywords` text DEFAULT NULL,
  `groups_view` varchar(255) NOT NULL,
  `weight` tinyint(3) UNSIGNED NOT NULL DEFAULT 1,
  `act` tinyint(1) UNSIGNED NOT NULL DEFAULT 0,
  `admins` varchar(4000) DEFAULT '',
  `rss` tinyint(4) NOT NULL DEFAULT 1,
  `sitemap` tinyint(4) NOT NULL DEFAULT 1
) ENGINE=MyISAM DEFAULT CHARSET=utf8mb4 COLLATE=utf8mb4_unicode_ci;

--
-- Dumping data for table `nv4_vi_modules`
--

INSERT INTO `nv4_vi_modules` (`title`, `module_file`, `module_data`, `module_upload`, `module_theme`, `custom_title`, `site_title`, `admin_title`, `set_time`, `main_file`, `admin_file`, `theme`, `mobile`, `description`, `keywords`, `groups_view`, `weight`, `act`, `admins`, `rss`, `sitemap`) VALUES
('about', 'page', 'about', 'about', 'page', 'Giới thiệu', '', '', 1724657086, 1, 1, '', '', '', '', '6', 2, 1, '', 1, 1),
('news', 'news', 'news', 'news', 'news', 'Tin Tức', '', '', 1724657086, 1, 1, '', '', '', '', '6', 3, 1, '', 1, 1),
('users', 'users', 'users', 'users', 'users', 'Thành viên', '', 'Tài khoản', 1724657086, 1, 1, '', '', '', '', '6', 4, 1, '', 0, 1),
('contact', 'contact', 'contact', 'contact', 'contact', 'Liên hệ', '', '', 1724657086, 1, 1, '', '', '', '', '6', 5, 1, '', 0, 1),
('statistics', 'statistics', 'statistics', 'statistics', 'statistics', 'Thống kê', '', '', 1724657086, 1, 1, '', '', '', 'online, statistics', '6', 6, 1, '', 0, 1),
('voting', 'voting', 'voting', 'voting', 'voting', 'Thăm dò ý kiến', '', '', 1724657086, 1, 1, '', '', '', '', '6', 7, 1, '', 1, 1),
('banners', 'banners', 'banners', 'banners', 'banners', 'Quảng cáo', '', '', 1724657086, 1, 1, '', '', '', '', '6', 8, 1, '', 0, 1),
('seek', 'seek', 'seek', 'seek', 'seek', 'Tìm kiếm', '', '', 1724657086, 1, 0, '', '', '', '', '6', 9, 1, '', 0, 1),
('menu', 'menu', 'menu', 'menu', 'menu', 'Menu Site', '', '', 1724657086, 0, 1, '', '', '', '', '6', 10, 1, '', 0, 1),
('feeds', 'feeds', 'feeds', 'feeds', 'feeds', 'RSS-feeds', '', '', 1724657086, 1, 1, '', '', '', '', '6', 11, 1, '', 0, 1),
('page', 'page', 'page', 'page', 'page', 'Page', '', '', 1724657086, 1, 1, '', '', '', '', '6', 12, 1, '', 1, 0),
('comment', 'comment', 'comment', 'comment', 'comment', 'Bình luận', '', 'Quản lý bình luận', 1724657086, 0, 1, '', '', '', '', '6', 13, 1, '', 0, 1),
('siteterms', 'page', 'siteterms', 'siteterms', 'page', 'Điều khoản sử dụng', '', '', 1724657086, 1, 1, '', '', '', '', '6', 14, 1, '', 1, 1),
('freecontent', 'freecontent', 'freecontent', 'freecontent', 'freecontent', 'Giới thiệu sản phẩm', '', '', 1724657086, 0, 1, '', '', '', '', '6', 15, 1, '', 0, 1),
('two-step-verification', 'two-step-verification', 'two_step_verification', 'two_step_verification', 'two-step-verification', 'Xác thực hai bước', '', '', 1724657086, 1, 0, '', '', '', '', '6', 16, 1, '', 0, 1),
('room', 'room', 'room', 'room', 'room', 'Room', '', 'Quản lý khách sạn', 1725416322, 1, 1, 'home', '', '', '', '6', 1, 1, '', 0, 0);

-- --------------------------------------------------------

--
-- Table structure for table `nv4_vi_news_1`
--

CREATE TABLE `nv4_vi_news_1` (
  `id` int(11) UNSIGNED NOT NULL,
  `catid` smallint(5) UNSIGNED NOT NULL DEFAULT 0,
  `listcatid` varchar(255) NOT NULL DEFAULT '',
  `topicid` smallint(5) UNSIGNED NOT NULL DEFAULT 0,
  `admin_id` mediumint(8) UNSIGNED NOT NULL DEFAULT 0,
  `author` varchar(250) DEFAULT '',
  `sourceid` mediumint(8) NOT NULL DEFAULT 0,
  `addtime` int(11) UNSIGNED NOT NULL DEFAULT 0,
  `edittime` int(11) UNSIGNED NOT NULL DEFAULT 0,
  `status` tinyint(4) NOT NULL DEFAULT 1,
  `weight` int(11) UNSIGNED NOT NULL DEFAULT 0,
  `publtime` int(11) UNSIGNED NOT NULL DEFAULT 0,
  `exptime` int(11) UNSIGNED NOT NULL DEFAULT 0,
  `archive` tinyint(1) UNSIGNED NOT NULL DEFAULT 0,
  `title` varchar(250) NOT NULL DEFAULT '',
  `alias` varchar(250) NOT NULL DEFAULT '',
  `hometext` text NOT NULL,
  `homeimgfile` varchar(255) DEFAULT '',
  `homeimgalt` varchar(255) DEFAULT '',
  `homeimgthumb` tinyint(4) NOT NULL DEFAULT 0,
  `inhome` tinyint(1) UNSIGNED NOT NULL DEFAULT 0,
  `allowed_comm` varchar(255) DEFAULT '',
  `allowed_rating` tinyint(1) UNSIGNED NOT NULL DEFAULT 0,
  `external_link` tinyint(1) UNSIGNED NOT NULL DEFAULT 0,
  `hitstotal` mediumint(8) UNSIGNED NOT NULL DEFAULT 0,
  `hitscm` mediumint(8) UNSIGNED NOT NULL DEFAULT 0,
  `total_rating` int(11) NOT NULL DEFAULT 0,
  `click_rating` int(11) NOT NULL DEFAULT 0,
  `instant_active` tinyint(1) NOT NULL DEFAULT 0,
  `instant_template` varchar(100) NOT NULL DEFAULT '',
  `instant_creatauto` tinyint(1) NOT NULL DEFAULT 0
) ENGINE=MyISAM DEFAULT CHARSET=utf8mb4 COLLATE=utf8mb4_unicode_ci;

--
-- Dumping data for table `nv4_vi_news_1`
--

INSERT INTO `nv4_vi_news_1` (`id`, `catid`, `listcatid`, `topicid`, `admin_id`, `author`, `sourceid`, `addtime`, `edittime`, `status`, `weight`, `publtime`, `exptime`, `archive`, `title`, `alias`, `hometext`, `homeimgfile`, `homeimgalt`, `homeimgthumb`, `inhome`, `allowed_comm`, `allowed_rating`, `external_link`, `hitstotal`, `hitscm`, `total_rating`, `click_rating`, `instant_active`, `instant_template`, `instant_creatauto`) VALUES
(1, 1, '1,5,7', 0, 1, 'Quỳnh Nhi', 1, 1274989177, 1275318126, 1, 1, 1274989140, 0, 2, 'Ra mắt công ty mã nguồn mở đầu tiên tại Việt Nam', 'Ra-mat-cong-ty-ma-nguon-mo-dau-tien-tai-Viet-Nam', 'Mã nguồn mở NukeViet vốn đã quá quen thuộc với cộng đồng CNTT Việt Nam trong mấy năm qua. Tuy chưa hoạt động chính thức, nhưng chỉ trong khoảng 5 năm gần đây, mã nguồn mở NukeViet đã được dùng phổ biến ở Việt Nam, áp dụng ở hầu hết các lĩnh vực, từ tin tức đến thương mại điện tử, từ các website cá nhân cho tới những hệ thống website doanh nghiệp.', 'nangly.jpg', 'Thành lập VINADES.,JSC', 1, 1, '6', 1, 0, 2, 0, 0, 0, 0, '', 0),
(6, 1, '1,6', 0, 1, '', 3, 1322685920, 1322686042, 1, 2, 1322685920, 0, 2, 'Mã nguồn mở NukeViet giành giải ba Nhân tài đất Việt 2011', 'Ma-nguon-mo-NukeViet-gianh-giai-ba-Nhan-tai-dat-Viet-2011', 'Không có giải nhất và giải nhì, sản phẩm Mã nguồn mở NukeViet của VINADES.,JSC là một trong ba sản phẩm đã đoạt giải ba Nhân tài đất Việt 2011 - Lĩnh vực Công nghệ thông tin (Sản phẩm đã ứng dụng rộng rãi).', 'nukeviet-nhantaidatviet2011.jpg', 'Mã nguồn mở NukeViet giành giải ba Nhân tài đất Việt 2011', 1, 1, '6', 1, 0, 1, 0, 0, 0, 0, '', 0),
(7, 1, '1', 0, 1, '', 4, 1445309676, 1445309676, 1, 3, 1445309520, 0, 2, 'NukeViet được ưu tiên mua sắm, sử dụng trong cơ quan, tổ chức nhà nước', 'nukeviet-duoc-uu-tien-mua-sam-su-dung-trong-co-quan-to-chuc-nha-nuoc', 'Ngày 5/12/2014, Bộ trưởng Bộ TT&TT Nguyễn Bắc Son đã ký ban hành Thông tư 20/2014/TT-BTTTT (Thông tư 20) quy định về các sản phẩm phần mềm nguồn mở (PMNM) được ưu tiên mua sắm, sử dụng trong cơ quan, tổ chức nhà nước. NukeViet (phiên bản 3.4.02 trở lên) là phần mềm được nằm trong danh sách này.', 'chuc-mung-nukeviet-thong-tu-20-bo-tttt.jpg', 'NukeViet được ưu tiên mua sắm, sử dụng trong cơ quan, tổ chức nhà nước', 1, 1, '4', 1, 0, 2, 0, 0, 0, 0, '', 0),
(9, 1, '1,4', 0, 1, 'Trần Thị Thu', 0, 1445391118, 1445394180, 1, 7, 1445391060, 0, 2, 'Chương trình thực tập sinh tại công ty VINADES', 'chuong-trinh-thuc-tap-sinh-tai-cong-ty-vinades', 'Cơ hội để những sinh viên năng động được học tập, trải nghiệm, thử thách sớm với những tình huống thực tế, được làm việc cùng các chuyên gia có nhiều kinh nghiệm của công ty VINADES.', 'thuc-tap-sinh.jpg', '', 1, 1, '4', 1, 0, 0, 0, 0, 0, 0, '', 0),
(11, 1, '1', 0, 1, '', 0, 1445391182, 1445394133, 1, 9, 1445391120, 0, 2, 'NukeViet được Bộ GD&amp;ĐT đưa vào Hướng dẫn thực hiện nhiệm vụ CNTT năm học 2015 - 2016', 'nukeviet-duoc-bo-gd-dt-dua-vao-huong-dan-thuc-hien-nhiem-vu-cntt-nam-hoc-2015-2016', 'Trong Hướng dẫn thực hiện nhiệm vụ CNTT năm học 2015 - 2016 của Bộ Giáo dục và Đào tạo, NukeViet được đưa vào các hạng mục: Tập huấn sử dụng phần mềm nguồn mở cho giáo viên và cán bộ quản lý giáo dục; Khai thác, sử dụng và dạy học; đặc biệt phần &quot;khuyến cáo khi sử dụng các hệ thống CNTT&quot; có chỉ rõ &quot;Không nên làm website mã nguồn đóng&quot; và &quot;Nên làm NukeViet: phần mềm nguồn mở&quot;.', 'nukeviet-cms.jpg', '', 1, 1, '4', 1, 0, 0, 0, 0, 0, 0, '', 0),
(12, 1, '1,3', 0, 1, '', 0, 1445391217, 1445393997, 1, 10, 1445391180, 0, 2, 'Hỗ trợ tập huấn và triển khai NukeViet cho các Phòng, Sở GD&amp;ĐT', 'ho-tro-tap-huan-va-trien-khai-nukeviet-cho-cac-phong-so-gd-dt', 'Trên cơ sở Hướng dẫn thực hiện nhiệm vụ CNTT năm học 2015 - 2016 của Bộ Giáo dục và Đào tạo, Công ty cổ phần phát triển nguồn mở Việt Nam và các doanh nghiệp phát triển NukeViet trong cộng đồng NukeViet đang tích cực công tác hỗ trợ cho các phòng GD&ĐT, Sở GD&ĐT triển khai 2 nội dung chính: Hỗ trợ công tác đào tạo tập huấn hướng dẫn sử dụng NukeViet và Hỗ trợ triển khai NukeViet cho các trường, Phòng và Sở GD&ĐT', 'tap-huan-pgd-ha-dong-2015.jpg', 'Tập huấn triển khai NukeViet tại Phòng Giáo dục và Đào tạo Hà Đông - Hà Nội', 1, 1, '4', 1, 0, 1, 0, 0, 0, 0, '', 0),
(2, 7, '1,7', 0, 1, 'Nguyễn Thế Hùng', 7, 1453192444, 1453192444, 1, 12, 1453192444, 0, 2, 'Hãy trở thành nhà cung cấp dịch vụ của NukeViet&#33;', 'hay-tro-thanh-nha-cung-cap-dich-vu-cua-nukeviet', 'Nếu bạn là công ty hosting, là công ty thiết kế web có sử dụng mã nguồn NukeViet, là cơ sở đào tạo NukeViet hay là công ty bất kỳ có kinh doanh dịch vụ liên quan đến NukeViet... hãy cho chúng tôi biết thông tin liên hệ của bạn để NukeViet hỗ trợ bạn trong công việc kinh doanh nhé!', 'hoptac.jpg', '', 1, 1, '6', 1, 0, 13, 0, 0, 0, 0, '', 0);

-- --------------------------------------------------------

--
-- Table structure for table `nv4_vi_news_2`
--

CREATE TABLE `nv4_vi_news_2` (
  `id` int(11) UNSIGNED NOT NULL,
  `catid` smallint(5) UNSIGNED NOT NULL DEFAULT 0,
  `listcatid` varchar(255) NOT NULL DEFAULT '',
  `topicid` smallint(5) UNSIGNED NOT NULL DEFAULT 0,
  `admin_id` mediumint(8) UNSIGNED NOT NULL DEFAULT 0,
  `author` varchar(250) DEFAULT '',
  `sourceid` mediumint(8) NOT NULL DEFAULT 0,
  `addtime` int(11) UNSIGNED NOT NULL DEFAULT 0,
  `edittime` int(11) UNSIGNED NOT NULL DEFAULT 0,
  `status` tinyint(4) NOT NULL DEFAULT 1,
  `weight` int(11) UNSIGNED NOT NULL DEFAULT 0,
  `publtime` int(11) UNSIGNED NOT NULL DEFAULT 0,
  `exptime` int(11) UNSIGNED NOT NULL DEFAULT 0,
  `archive` tinyint(1) UNSIGNED NOT NULL DEFAULT 0,
  `title` varchar(250) NOT NULL DEFAULT '',
  `alias` varchar(250) NOT NULL DEFAULT '',
  `hometext` text NOT NULL,
  `homeimgfile` varchar(255) DEFAULT '',
  `homeimgalt` varchar(255) DEFAULT '',
  `homeimgthumb` tinyint(4) NOT NULL DEFAULT 0,
  `inhome` tinyint(1) UNSIGNED NOT NULL DEFAULT 0,
  `allowed_comm` varchar(255) DEFAULT '',
  `allowed_rating` tinyint(1) UNSIGNED NOT NULL DEFAULT 0,
  `external_link` tinyint(1) UNSIGNED NOT NULL DEFAULT 0,
  `hitstotal` mediumint(8) UNSIGNED NOT NULL DEFAULT 0,
  `hitscm` mediumint(8) UNSIGNED NOT NULL DEFAULT 0,
  `total_rating` int(11) NOT NULL DEFAULT 0,
  `click_rating` int(11) NOT NULL DEFAULT 0,
  `instant_active` tinyint(1) NOT NULL DEFAULT 0,
  `instant_template` varchar(100) NOT NULL DEFAULT '',
  `instant_creatauto` tinyint(1) NOT NULL DEFAULT 0
) ENGINE=MyISAM DEFAULT CHARSET=utf8mb4 COLLATE=utf8mb4_unicode_ci;

--
-- Dumping data for table `nv4_vi_news_2`
--

INSERT INTO `nv4_vi_news_2` (`id`, `catid`, `listcatid`, `topicid`, `admin_id`, `author`, `sourceid`, `addtime`, `edittime`, `status`, `weight`, `publtime`, `exptime`, `archive`, `title`, `alias`, `hometext`, `homeimgfile`, `homeimgalt`, `homeimgthumb`, `inhome`, `allowed_comm`, `allowed_rating`, `external_link`, `hitstotal`, `hitscm`, `total_rating`, `click_rating`, `instant_active`, `instant_template`, `instant_creatauto`) VALUES
(13, 2, '2', 0, 1, 'VINADES', 0, 1453194455, 1453194455, 1, 13, 1453194455, 0, 2, 'NukeViet 4.0 có gì mới?', 'nukeviet-4-0-co-gi-moi', 'NukeViet 4 là phiên bản NukeViet được cộng đồng đánh giá cao, hứa hẹn nhiều điểm vượt trội về công nghệ đến thời điểm hiện tại. NukeViet 4 thay đổi gần như hoàn toàn từ nhân hệ thống đến chức năng, giao diện người dùng. Vậy, có gì mới trong phiên bản này?', 'chuc-mung-nukeviet-thong-tu-20-bo-tttt.jpg', '', 1, 1, '4', 1, 0, 2, 0, 0, 0, 0, '', 0),
(14, 2, '2', 0, 1, 'VINADES', 0, 1501837620, 1501837620, 1, 14, 1501837620, 0, 2, 'NukeViet 4.2 có gì mới?', 'nukeviet-4-2-co-gi-moi', 'NukeViet 4.2 là phiên bản nâng cấp của phiên bản NukeViet 4.0 tập trung vào việc fix các vấn đề bất cập còn tồn tại của NukeViet 4.0, Thêm các tính năng mới để tăng cường bảo mật của hệ thống cũng như tối ưu trải nghiệm của người dùng.', 'chuc-mung-nukeviet-thong-tu-20-bo-tttt.jpg', '', 1, 1, '4', 1, 1, 2, 0, 0, 0, 0, '', 0),
(15, 2, '2', 0, 1, 'VINADES', 0, 1510215907, 1510215907, 1, 15, 1510215907, 0, 2, 'NukeViet 4.3 có gì mới?', 'nukeviet-4-3-co-gi-moi', 'NukeViet 4.3 là phiên bản nâng cấp của phiên bản NukeViet 4.2 tập trung vào việc fix các vấn đề bất cập còn tồn tại, tối ưu trải nghiệm của người dùng.', 'chuc-mung-nukeviet-thong-tu-20-bo-tttt.jpg', '', 1, 1, '4', 1, 1, 2, 0, 0, 0, 0, '', 0);

-- --------------------------------------------------------

--
-- Table structure for table `nv4_vi_news_3`
--

CREATE TABLE `nv4_vi_news_3` (
  `id` int(11) UNSIGNED NOT NULL,
  `catid` smallint(5) UNSIGNED NOT NULL DEFAULT 0,
  `listcatid` varchar(255) NOT NULL DEFAULT '',
  `topicid` smallint(5) UNSIGNED NOT NULL DEFAULT 0,
  `admin_id` mediumint(8) UNSIGNED NOT NULL DEFAULT 0,
  `author` varchar(250) DEFAULT '',
  `sourceid` mediumint(8) NOT NULL DEFAULT 0,
  `addtime` int(11) UNSIGNED NOT NULL DEFAULT 0,
  `edittime` int(11) UNSIGNED NOT NULL DEFAULT 0,
  `status` tinyint(4) NOT NULL DEFAULT 1,
  `weight` int(11) UNSIGNED NOT NULL DEFAULT 0,
  `publtime` int(11) UNSIGNED NOT NULL DEFAULT 0,
  `exptime` int(11) UNSIGNED NOT NULL DEFAULT 0,
  `archive` tinyint(1) UNSIGNED NOT NULL DEFAULT 0,
  `title` varchar(250) NOT NULL DEFAULT '',
  `alias` varchar(250) NOT NULL DEFAULT '',
  `hometext` text NOT NULL,
  `homeimgfile` varchar(255) DEFAULT '',
  `homeimgalt` varchar(255) DEFAULT '',
  `homeimgthumb` tinyint(4) NOT NULL DEFAULT 0,
  `inhome` tinyint(1) UNSIGNED NOT NULL DEFAULT 0,
  `allowed_comm` varchar(255) DEFAULT '',
  `allowed_rating` tinyint(1) UNSIGNED NOT NULL DEFAULT 0,
  `external_link` tinyint(1) UNSIGNED NOT NULL DEFAULT 0,
  `hitstotal` mediumint(8) UNSIGNED NOT NULL DEFAULT 0,
  `hitscm` mediumint(8) UNSIGNED NOT NULL DEFAULT 0,
  `total_rating` int(11) NOT NULL DEFAULT 0,
  `click_rating` int(11) NOT NULL DEFAULT 0,
  `instant_active` tinyint(1) NOT NULL DEFAULT 0,
  `instant_template` varchar(100) NOT NULL DEFAULT '',
  `instant_creatauto` tinyint(1) NOT NULL DEFAULT 0
) ENGINE=MyISAM DEFAULT CHARSET=utf8mb4 COLLATE=utf8mb4_unicode_ci;

--
-- Dumping data for table `nv4_vi_news_3`
--

INSERT INTO `nv4_vi_news_3` (`id`, `catid`, `listcatid`, `topicid`, `admin_id`, `author`, `sourceid`, `addtime`, `edittime`, `status`, `weight`, `publtime`, `exptime`, `archive`, `title`, `alias`, `hometext`, `homeimgfile`, `homeimgalt`, `homeimgthumb`, `inhome`, `allowed_comm`, `allowed_rating`, `external_link`, `hitstotal`, `hitscm`, `total_rating`, `click_rating`, `instant_active`, `instant_template`, `instant_creatauto`) VALUES
(12, 1, '1,3', 0, 1, '', 0, 1445391217, 1445393997, 1, 10, 1445391180, 0, 2, 'Hỗ trợ tập huấn và triển khai NukeViet cho các Phòng, Sở GD&amp;ĐT', 'ho-tro-tap-huan-va-trien-khai-nukeviet-cho-cac-phong-so-gd-dt', 'Trên cơ sở Hướng dẫn thực hiện nhiệm vụ CNTT năm học 2015 - 2016 của Bộ Giáo dục và Đào tạo, Công ty cổ phần phát triển nguồn mở Việt Nam và các doanh nghiệp phát triển NukeViet trong cộng đồng NukeViet đang tích cực công tác hỗ trợ cho các phòng GD&ĐT, Sở GD&ĐT triển khai 2 nội dung chính: Hỗ trợ công tác đào tạo tập huấn hướng dẫn sử dụng NukeViet và Hỗ trợ triển khai NukeViet cho các trường, Phòng và Sở GD&ĐT', 'tap-huan-pgd-ha-dong-2015.jpg', 'Tập huấn triển khai NukeViet tại Phòng Giáo dục và Đào tạo Hà Đông - Hà Nội', 1, 1, '4', 1, 0, 1, 0, 0, 0, 0, '', 0);

-- --------------------------------------------------------

--
-- Table structure for table `nv4_vi_news_4`
--

CREATE TABLE `nv4_vi_news_4` (
  `id` int(11) UNSIGNED NOT NULL,
  `catid` smallint(5) UNSIGNED NOT NULL DEFAULT 0,
  `listcatid` varchar(255) NOT NULL DEFAULT '',
  `topicid` smallint(5) UNSIGNED NOT NULL DEFAULT 0,
  `admin_id` mediumint(8) UNSIGNED NOT NULL DEFAULT 0,
  `author` varchar(250) DEFAULT '',
  `sourceid` mediumint(8) NOT NULL DEFAULT 0,
  `addtime` int(11) UNSIGNED NOT NULL DEFAULT 0,
  `edittime` int(11) UNSIGNED NOT NULL DEFAULT 0,
  `status` tinyint(4) NOT NULL DEFAULT 1,
  `weight` int(11) UNSIGNED NOT NULL DEFAULT 0,
  `publtime` int(11) UNSIGNED NOT NULL DEFAULT 0,
  `exptime` int(11) UNSIGNED NOT NULL DEFAULT 0,
  `archive` tinyint(1) UNSIGNED NOT NULL DEFAULT 0,
  `title` varchar(250) NOT NULL DEFAULT '',
  `alias` varchar(250) NOT NULL DEFAULT '',
  `hometext` text NOT NULL,
  `homeimgfile` varchar(255) DEFAULT '',
  `homeimgalt` varchar(255) DEFAULT '',
  `homeimgthumb` tinyint(4) NOT NULL DEFAULT 0,
  `inhome` tinyint(1) UNSIGNED NOT NULL DEFAULT 0,
  `allowed_comm` varchar(255) DEFAULT '',
  `allowed_rating` tinyint(1) UNSIGNED NOT NULL DEFAULT 0,
  `external_link` tinyint(1) UNSIGNED NOT NULL DEFAULT 0,
  `hitstotal` mediumint(8) UNSIGNED NOT NULL DEFAULT 0,
  `hitscm` mediumint(8) UNSIGNED NOT NULL DEFAULT 0,
  `total_rating` int(11) NOT NULL DEFAULT 0,
  `click_rating` int(11) NOT NULL DEFAULT 0,
  `instant_active` tinyint(1) NOT NULL DEFAULT 0,
  `instant_template` varchar(100) NOT NULL DEFAULT '',
  `instant_creatauto` tinyint(1) NOT NULL DEFAULT 0
) ENGINE=MyISAM DEFAULT CHARSET=utf8mb4 COLLATE=utf8mb4_unicode_ci;

--
-- Dumping data for table `nv4_vi_news_4`
--

INSERT INTO `nv4_vi_news_4` (`id`, `catid`, `listcatid`, `topicid`, `admin_id`, `author`, `sourceid`, `addtime`, `edittime`, `status`, `weight`, `publtime`, `exptime`, `archive`, `title`, `alias`, `hometext`, `homeimgfile`, `homeimgalt`, `homeimgthumb`, `inhome`, `allowed_comm`, `allowed_rating`, `external_link`, `hitstotal`, `hitscm`, `total_rating`, `click_rating`, `instant_active`, `instant_template`, `instant_creatauto`) VALUES
(8, 4, '4', 0, 1, 'Vũ Bích Ngọc', 0, 1445391061, 1445394203, 1, 4, 1445391000, 0, 2, 'Công ty VINADES tuyển dụng nhân viên kinh doanh', 'cong-ty-vinades-tuyen-dung-nhan-vien-kinh-doanh', 'Công ty cổ phần phát triển nguồn mở Việt Nam là đơn vị chủ quản của phần mềm mã nguồn mở NukeViet - một mã nguồn được tin dùng trong cơ quan nhà nước, đặc biệt là ngành giáo dục. Chúng tôi cần tuyển 05 nhân viên kinh doanh cho lĩnh vực này.', 'tuyen-dung-nvkd.png', '', 1, 1, '4', 1, 0, 0, 0, 0, 0, 0, '', 0),
(4, 4, '4', 0, 1, 'Phạm Quốc Tiến', 0, 1445391089, 1445394192, 1, 5, 1445391060, 0, 2, 'Tuyển dụng chuyên viên đồ hoạ phát triển NukeViet', 'Tuyen-dung-chuyen-vien-do-hoa', 'Bạn đam mê nguồn mở? Bạn là chuyên gia đồ họa? Chúng tôi sẽ giúp bạn hiện thực hóa ước mơ của mình với một mức lương đảm bảo. Hãy gia nhập VINADES.,JSC để xây dựng mã nguồn mở hàng đầu cho Việt Nam.', 'tuyendung-kythuat.jpg', 'Tuyển dụng', 1, 1, '6', 1, 0, 0, 0, 0, 0, 0, '', 0),
(5, 4, '4', 0, 1, 'Phạm Quốc Tiến', 0, 1445391090, 1445394193, 1, 6, 1445391060, 0, 2, 'Tuyển dụng lập trình viên front-end (HTML/CSS/JS) phát triển NukeViet', 'Tuyen-dung-lap-trinh-vien-front-end-HTML-CSS-JS', 'Bạn đam mê nguồn mở? Bạn đang cần tìm một công việc phù hợp với thế mạnh của bạn về front-end (HTML/CSS/JS)? Hãy gia nhập VINADES.,JSC để xây dựng mã nguồn mở hàng đầu cho Việt Nam.', 'tuyendung-kythuat.jpg', 'Tuyển dụng', 1, 1, '6', 1, 0, 0, 0, 0, 0, 0, '', 0),
(9, 1, '1,4', 0, 1, 'Trần Thị Thu', 0, 1445391118, 1445394180, 1, 7, 1445391060, 0, 2, 'Chương trình thực tập sinh tại công ty VINADES', 'chuong-trinh-thuc-tap-sinh-tai-cong-ty-vinades', 'Cơ hội để những sinh viên năng động được học tập, trải nghiệm, thử thách sớm với những tình huống thực tế, được làm việc cùng các chuyên gia có nhiều kinh nghiệm của công ty VINADES.', 'thuc-tap-sinh.jpg', '', 1, 1, '4', 1, 0, 0, 0, 0, 0, 0, '', 0),
(10, 4, '4', 0, 1, 'Trần Thị Thu', 0, 1445391135, 1445394444, 1, 8, 1445391120, 0, 2, 'Học việc tại công ty VINADES', 'hoc-viec-tai-cong-ty-vinades', 'Công ty cổ phần phát triển nguồn mở Việt Nam tạo cơ hội việc làm và học việc miễn phí cho những ứng viên có đam mê thiết kế web, lập trình PHP… được học tập và rèn luyện cùng đội ngũ lập trình viên phát triển NukeViet.', 'hoc-viec-tai-cong-ty-vinades.jpg', '', 1, 1, '4', 1, 0, 1, 0, 0, 0, 0, '', 0),
(3, 4, '4', 0, 1, 'Phạm Quốc Tiến', 2, 1453192400, 1453192400, 1, 11, 1453192400, 0, 2, 'Tuyển dụng lập trình viên PHP phát triển NukeViet', 'Tuyen-dung-lap-trinh-vien-PHP', 'Bạn đam mê nguồn mở? Bạn đang cần tìm một công việc phù hợp với thế mạnh của bạn về PHP và MySQL? Hãy gia nhập VINADES.,JSC để xây dựng mã nguồn mở hàng đầu cho Việt Nam.', 'tuyendung-kythuat.jpg', 'Tuyển dụng', 1, 1, '6', 1, 0, 0, 0, 0, 0, 0, '', 0);

-- --------------------------------------------------------

--
-- Table structure for table `nv4_vi_news_5`
--

CREATE TABLE `nv4_vi_news_5` (
  `id` int(11) UNSIGNED NOT NULL,
  `catid` smallint(5) UNSIGNED NOT NULL DEFAULT 0,
  `listcatid` varchar(255) NOT NULL DEFAULT '',
  `topicid` smallint(5) UNSIGNED NOT NULL DEFAULT 0,
  `admin_id` mediumint(8) UNSIGNED NOT NULL DEFAULT 0,
  `author` varchar(250) DEFAULT '',
  `sourceid` mediumint(8) NOT NULL DEFAULT 0,
  `addtime` int(11) UNSIGNED NOT NULL DEFAULT 0,
  `edittime` int(11) UNSIGNED NOT NULL DEFAULT 0,
  `status` tinyint(4) NOT NULL DEFAULT 1,
  `weight` int(11) UNSIGNED NOT NULL DEFAULT 0,
  `publtime` int(11) UNSIGNED NOT NULL DEFAULT 0,
  `exptime` int(11) UNSIGNED NOT NULL DEFAULT 0,
  `archive` tinyint(1) UNSIGNED NOT NULL DEFAULT 0,
  `title` varchar(250) NOT NULL DEFAULT '',
  `alias` varchar(250) NOT NULL DEFAULT '',
  `hometext` text NOT NULL,
  `homeimgfile` varchar(255) DEFAULT '',
  `homeimgalt` varchar(255) DEFAULT '',
  `homeimgthumb` tinyint(4) NOT NULL DEFAULT 0,
  `inhome` tinyint(1) UNSIGNED NOT NULL DEFAULT 0,
  `allowed_comm` varchar(255) DEFAULT '',
  `allowed_rating` tinyint(1) UNSIGNED NOT NULL DEFAULT 0,
  `external_link` tinyint(1) UNSIGNED NOT NULL DEFAULT 0,
  `hitstotal` mediumint(8) UNSIGNED NOT NULL DEFAULT 0,
  `hitscm` mediumint(8) UNSIGNED NOT NULL DEFAULT 0,
  `total_rating` int(11) NOT NULL DEFAULT 0,
  `click_rating` int(11) NOT NULL DEFAULT 0,
  `instant_active` tinyint(1) NOT NULL DEFAULT 0,
  `instant_template` varchar(100) NOT NULL DEFAULT '',
  `instant_creatauto` tinyint(1) NOT NULL DEFAULT 0
) ENGINE=MyISAM DEFAULT CHARSET=utf8mb4 COLLATE=utf8mb4_unicode_ci;

--
-- Dumping data for table `nv4_vi_news_5`
--

INSERT INTO `nv4_vi_news_5` (`id`, `catid`, `listcatid`, `topicid`, `admin_id`, `author`, `sourceid`, `addtime`, `edittime`, `status`, `weight`, `publtime`, `exptime`, `archive`, `title`, `alias`, `hometext`, `homeimgfile`, `homeimgalt`, `homeimgthumb`, `inhome`, `allowed_comm`, `allowed_rating`, `external_link`, `hitstotal`, `hitscm`, `total_rating`, `click_rating`, `instant_active`, `instant_template`, `instant_creatauto`) VALUES
(1, 1, '1,5,7', 0, 1, 'Quỳnh Nhi', 1, 1274989177, 1275318126, 1, 1, 1274989140, 0, 2, 'Ra mắt công ty mã nguồn mở đầu tiên tại Việt Nam', 'Ra-mat-cong-ty-ma-nguon-mo-dau-tien-tai-Viet-Nam', 'Mã nguồn mở NukeViet vốn đã quá quen thuộc với cộng đồng CNTT Việt Nam trong mấy năm qua. Tuy chưa hoạt động chính thức, nhưng chỉ trong khoảng 5 năm gần đây, mã nguồn mở NukeViet đã được dùng phổ biến ở Việt Nam, áp dụng ở hầu hết các lĩnh vực, từ tin tức đến thương mại điện tử, từ các website cá nhân cho tới những hệ thống website doanh nghiệp.', 'nangly.jpg', 'Thành lập VINADES.,JSC', 1, 1, '6', 1, 0, 2, 0, 0, 0, 0, '', 0);

-- --------------------------------------------------------

--
-- Table structure for table `nv4_vi_news_6`
--

CREATE TABLE `nv4_vi_news_6` (
  `id` int(11) UNSIGNED NOT NULL,
  `catid` smallint(5) UNSIGNED NOT NULL DEFAULT 0,
  `listcatid` varchar(255) NOT NULL DEFAULT '',
  `topicid` smallint(5) UNSIGNED NOT NULL DEFAULT 0,
  `admin_id` mediumint(8) UNSIGNED NOT NULL DEFAULT 0,
  `author` varchar(250) DEFAULT '',
  `sourceid` mediumint(8) NOT NULL DEFAULT 0,
  `addtime` int(11) UNSIGNED NOT NULL DEFAULT 0,
  `edittime` int(11) UNSIGNED NOT NULL DEFAULT 0,
  `status` tinyint(4) NOT NULL DEFAULT 1,
  `weight` int(11) UNSIGNED NOT NULL DEFAULT 0,
  `publtime` int(11) UNSIGNED NOT NULL DEFAULT 0,
  `exptime` int(11) UNSIGNED NOT NULL DEFAULT 0,
  `archive` tinyint(1) UNSIGNED NOT NULL DEFAULT 0,
  `title` varchar(250) NOT NULL DEFAULT '',
  `alias` varchar(250) NOT NULL DEFAULT '',
  `hometext` text NOT NULL,
  `homeimgfile` varchar(255) DEFAULT '',
  `homeimgalt` varchar(255) DEFAULT '',
  `homeimgthumb` tinyint(4) NOT NULL DEFAULT 0,
  `inhome` tinyint(1) UNSIGNED NOT NULL DEFAULT 0,
  `allowed_comm` varchar(255) DEFAULT '',
  `allowed_rating` tinyint(1) UNSIGNED NOT NULL DEFAULT 0,
  `external_link` tinyint(1) UNSIGNED NOT NULL DEFAULT 0,
  `hitstotal` mediumint(8) UNSIGNED NOT NULL DEFAULT 0,
  `hitscm` mediumint(8) UNSIGNED NOT NULL DEFAULT 0,
  `total_rating` int(11) NOT NULL DEFAULT 0,
  `click_rating` int(11) NOT NULL DEFAULT 0,
  `instant_active` tinyint(1) NOT NULL DEFAULT 0,
  `instant_template` varchar(100) NOT NULL DEFAULT '',
  `instant_creatauto` tinyint(1) NOT NULL DEFAULT 0
) ENGINE=MyISAM DEFAULT CHARSET=utf8mb4 COLLATE=utf8mb4_unicode_ci;

--
-- Dumping data for table `nv4_vi_news_6`
--

INSERT INTO `nv4_vi_news_6` (`id`, `catid`, `listcatid`, `topicid`, `admin_id`, `author`, `sourceid`, `addtime`, `edittime`, `status`, `weight`, `publtime`, `exptime`, `archive`, `title`, `alias`, `hometext`, `homeimgfile`, `homeimgalt`, `homeimgthumb`, `inhome`, `allowed_comm`, `allowed_rating`, `external_link`, `hitstotal`, `hitscm`, `total_rating`, `click_rating`, `instant_active`, `instant_template`, `instant_creatauto`) VALUES
(6, 1, '1,6', 0, 1, '', 3, 1322685920, 1322686042, 1, 2, 1322685920, 0, 2, 'Mã nguồn mở NukeViet giành giải ba Nhân tài đất Việt 2011', 'Ma-nguon-mo-NukeViet-gianh-giai-ba-Nhan-tai-dat-Viet-2011', 'Không có giải nhất và giải nhì, sản phẩm Mã nguồn mở NukeViet của VINADES.,JSC là một trong ba sản phẩm đã đoạt giải ba Nhân tài đất Việt 2011 - Lĩnh vực Công nghệ thông tin (Sản phẩm đã ứng dụng rộng rãi).', 'nukeviet-nhantaidatviet2011.jpg', 'Mã nguồn mở NukeViet giành giải ba Nhân tài đất Việt 2011', 1, 1, '6', 1, 0, 1, 0, 0, 0, 0, '', 0);

-- --------------------------------------------------------

--
-- Table structure for table `nv4_vi_news_7`
--

CREATE TABLE `nv4_vi_news_7` (
  `id` int(11) UNSIGNED NOT NULL,
  `catid` smallint(5) UNSIGNED NOT NULL DEFAULT 0,
  `listcatid` varchar(255) NOT NULL DEFAULT '',
  `topicid` smallint(5) UNSIGNED NOT NULL DEFAULT 0,
  `admin_id` mediumint(8) UNSIGNED NOT NULL DEFAULT 0,
  `author` varchar(250) DEFAULT '',
  `sourceid` mediumint(8) NOT NULL DEFAULT 0,
  `addtime` int(11) UNSIGNED NOT NULL DEFAULT 0,
  `edittime` int(11) UNSIGNED NOT NULL DEFAULT 0,
  `status` tinyint(4) NOT NULL DEFAULT 1,
  `weight` int(11) UNSIGNED NOT NULL DEFAULT 0,
  `publtime` int(11) UNSIGNED NOT NULL DEFAULT 0,
  `exptime` int(11) UNSIGNED NOT NULL DEFAULT 0,
  `archive` tinyint(1) UNSIGNED NOT NULL DEFAULT 0,
  `title` varchar(250) NOT NULL DEFAULT '',
  `alias` varchar(250) NOT NULL DEFAULT '',
  `hometext` text NOT NULL,
  `homeimgfile` varchar(255) DEFAULT '',
  `homeimgalt` varchar(255) DEFAULT '',
  `homeimgthumb` tinyint(4) NOT NULL DEFAULT 0,
  `inhome` tinyint(1) UNSIGNED NOT NULL DEFAULT 0,
  `allowed_comm` varchar(255) DEFAULT '',
  `allowed_rating` tinyint(1) UNSIGNED NOT NULL DEFAULT 0,
  `external_link` tinyint(1) UNSIGNED NOT NULL DEFAULT 0,
  `hitstotal` mediumint(8) UNSIGNED NOT NULL DEFAULT 0,
  `hitscm` mediumint(8) UNSIGNED NOT NULL DEFAULT 0,
  `total_rating` int(11) NOT NULL DEFAULT 0,
  `click_rating` int(11) NOT NULL DEFAULT 0,
  `instant_active` tinyint(1) NOT NULL DEFAULT 0,
  `instant_template` varchar(100) NOT NULL DEFAULT '',
  `instant_creatauto` tinyint(1) NOT NULL DEFAULT 0
) ENGINE=MyISAM DEFAULT CHARSET=utf8mb4 COLLATE=utf8mb4_unicode_ci;

--
-- Dumping data for table `nv4_vi_news_7`
--

INSERT INTO `nv4_vi_news_7` (`id`, `catid`, `listcatid`, `topicid`, `admin_id`, `author`, `sourceid`, `addtime`, `edittime`, `status`, `weight`, `publtime`, `exptime`, `archive`, `title`, `alias`, `hometext`, `homeimgfile`, `homeimgalt`, `homeimgthumb`, `inhome`, `allowed_comm`, `allowed_rating`, `external_link`, `hitstotal`, `hitscm`, `total_rating`, `click_rating`, `instant_active`, `instant_template`, `instant_creatauto`) VALUES
(1, 1, '1,5,7', 0, 1, 'Quỳnh Nhi', 1, 1274989177, 1275318126, 1, 1, 1274989140, 0, 2, 'Ra mắt công ty mã nguồn mở đầu tiên tại Việt Nam', 'Ra-mat-cong-ty-ma-nguon-mo-dau-tien-tai-Viet-Nam', 'Mã nguồn mở NukeViet vốn đã quá quen thuộc với cộng đồng CNTT Việt Nam trong mấy năm qua. Tuy chưa hoạt động chính thức, nhưng chỉ trong khoảng 5 năm gần đây, mã nguồn mở NukeViet đã được dùng phổ biến ở Việt Nam, áp dụng ở hầu hết các lĩnh vực, từ tin tức đến thương mại điện tử, từ các website cá nhân cho tới những hệ thống website doanh nghiệp.', 'nangly.jpg', 'Thành lập VINADES.,JSC', 1, 1, '6', 1, 0, 2, 0, 0, 0, 0, '', 0),
(2, 7, '1,7', 0, 1, 'Nguyễn Thế Hùng', 7, 1453192444, 1453192444, 1, 12, 1453192444, 0, 2, 'Hãy trở thành nhà cung cấp dịch vụ của NukeViet&#33;', 'hay-tro-thanh-nha-cung-cap-dich-vu-cua-nukeviet', 'Nếu bạn là công ty hosting, là công ty thiết kế web có sử dụng mã nguồn NukeViet, là cơ sở đào tạo NukeViet hay là công ty bất kỳ có kinh doanh dịch vụ liên quan đến NukeViet... hãy cho chúng tôi biết thông tin liên hệ của bạn để NukeViet hỗ trợ bạn trong công việc kinh doanh nhé!', 'hoptac.jpg', '', 1, 1, '6', 1, 0, 13, 0, 0, 0, 0, '', 0);

-- --------------------------------------------------------

--
-- Table structure for table `nv4_vi_news_admins`
--

CREATE TABLE `nv4_vi_news_admins` (
  `userid` mediumint(8) UNSIGNED NOT NULL DEFAULT 0,
  `catid` smallint(5) NOT NULL DEFAULT 0,
  `admin` tinyint(4) NOT NULL DEFAULT 0,
  `add_content` tinyint(4) NOT NULL DEFAULT 0,
  `pub_content` tinyint(4) NOT NULL DEFAULT 0,
  `edit_content` tinyint(4) NOT NULL DEFAULT 0,
  `del_content` tinyint(4) NOT NULL DEFAULT 0,
  `app_content` tinyint(4) NOT NULL DEFAULT 0
) ENGINE=MyISAM DEFAULT CHARSET=utf8mb4 COLLATE=utf8mb4_unicode_ci;

-- --------------------------------------------------------

--
-- Table structure for table `nv4_vi_news_author`
--

CREATE TABLE `nv4_vi_news_author` (
  `id` mediumint(8) UNSIGNED NOT NULL,
  `uid` int(11) UNSIGNED NOT NULL,
  `alias` varchar(100) NOT NULL DEFAULT '',
  `pseudonym` varchar(100) NOT NULL DEFAULT '',
  `image` varchar(255) DEFAULT '',
  `description` text DEFAULT NULL,
  `add_time` int(11) UNSIGNED NOT NULL DEFAULT 0,
  `edit_time` int(11) UNSIGNED NOT NULL DEFAULT 0,
  `active` tinyint(1) UNSIGNED NOT NULL DEFAULT 1,
  `numnews` mediumint(8) NOT NULL DEFAULT 0
) ENGINE=MyISAM DEFAULT CHARSET=utf8mb4 COLLATE=utf8mb4_unicode_ci;

--
-- Dumping data for table `nv4_vi_news_author`
--

INSERT INTO `nv4_vi_news_author` (`id`, `uid`, `alias`, `pseudonym`, `image`, `description`, `add_time`, `edit_time`, `active`, `numnews`) VALUES
(1, 1, 'admin', 'admin', '', '', 1725005379, 0, 1, 0);

-- --------------------------------------------------------

--
-- Table structure for table `nv4_vi_news_authorlist`
--

CREATE TABLE `nv4_vi_news_authorlist` (
  `id` int(11) NOT NULL,
  `aid` mediumint(8) NOT NULL,
  `alias` varchar(100) NOT NULL DEFAULT '',
  `pseudonym` varchar(100) NOT NULL DEFAULT ''
) ENGINE=MyISAM DEFAULT CHARSET=utf8mb4 COLLATE=utf8mb4_unicode_ci;

-- --------------------------------------------------------

--
-- Table structure for table `nv4_vi_news_block`
--

CREATE TABLE `nv4_vi_news_block` (
  `bid` smallint(5) UNSIGNED NOT NULL,
  `id` int(11) UNSIGNED NOT NULL,
  `weight` int(11) UNSIGNED NOT NULL
) ENGINE=MyISAM DEFAULT CHARSET=utf8mb4 COLLATE=utf8mb4_unicode_ci;

--
-- Dumping data for table `nv4_vi_news_block`
--

INSERT INTO `nv4_vi_news_block` (`bid`, `id`, `weight`) VALUES
(1, 1, 1),
(2, 12, 1),
(2, 11, 2),
(2, 10, 3),
(2, 9, 4),
(2, 8, 5),
(2, 7, 6),
(2, 1, 7),
(2, 2, 8);

-- --------------------------------------------------------

--
-- Table structure for table `nv4_vi_news_block_cat`
--

CREATE TABLE `nv4_vi_news_block_cat` (
  `bid` smallint(5) UNSIGNED NOT NULL,
  `adddefault` tinyint(4) NOT NULL DEFAULT 0,
  `numbers` smallint(5) NOT NULL DEFAULT 10,
  `title` varchar(250) NOT NULL DEFAULT '',
  `alias` varchar(250) NOT NULL DEFAULT '',
  `image` varchar(255) DEFAULT '',
  `description` varchar(255) DEFAULT '',
  `weight` smallint(5) NOT NULL DEFAULT 0,
  `keywords` text DEFAULT NULL,
  `add_time` int(11) NOT NULL DEFAULT 0,
  `edit_time` int(11) NOT NULL DEFAULT 0
) ENGINE=MyISAM DEFAULT CHARSET=utf8mb4 COLLATE=utf8mb4_unicode_ci;

--
-- Dumping data for table `nv4_vi_news_block_cat`
--

INSERT INTO `nv4_vi_news_block_cat` (`bid`, `adddefault`, `numbers`, `title`, `alias`, `image`, `description`, `weight`, `keywords`, `add_time`, `edit_time`) VALUES
(1, 0, 4, 'Tin tiêu điểm', 'Tin-tieu-diem', '', 'Tin tiêu điểm', 1, '', 1279945710, 1279956943),
(2, 1, 4, 'Tin mới nhất', 'Tin-moi-nhat', '', 'Tin mới nhất', 2, '', 1279945725, 1279956445);

-- --------------------------------------------------------

--
-- Table structure for table `nv4_vi_news_cat`
--

CREATE TABLE `nv4_vi_news_cat` (
  `catid` smallint(5) UNSIGNED NOT NULL,
  `parentid` smallint(5) UNSIGNED NOT NULL DEFAULT 0,
  `title` varchar(250) NOT NULL,
  `titlesite` varchar(250) DEFAULT '',
  `alias` varchar(250) NOT NULL DEFAULT '',
  `description` text DEFAULT NULL,
  `descriptionhtml` text DEFAULT NULL,
  `image` varchar(255) DEFAULT '',
  `viewdescription` tinyint(2) NOT NULL DEFAULT 0,
  `weight` smallint(5) UNSIGNED NOT NULL DEFAULT 0,
  `sort` smallint(5) NOT NULL DEFAULT 0,
  `lev` smallint(5) NOT NULL DEFAULT 0,
  `viewcat` varchar(50) NOT NULL DEFAULT 'viewcat_page_new',
  `numsubcat` smallint(5) NOT NULL DEFAULT 0,
  `subcatid` varchar(255) DEFAULT '',
  `numlinks` tinyint(2) UNSIGNED NOT NULL DEFAULT 3,
  `newday` tinyint(2) UNSIGNED NOT NULL DEFAULT 2,
  `featured` int(11) NOT NULL DEFAULT 0,
  `ad_block_cat` varchar(255) NOT NULL DEFAULT '',
  `layout_func` varchar(100) NOT NULL DEFAULT '' COMMENT 'Layout khi xem chuyên mục',
  `keywords` text DEFAULT NULL,
  `admins` text DEFAULT NULL,
  `add_time` int(11) UNSIGNED NOT NULL DEFAULT 0,
  `edit_time` int(11) UNSIGNED NOT NULL DEFAULT 0,
  `groups_view` varchar(255) DEFAULT '',
  `status` smallint(4) NOT NULL DEFAULT 1
) ENGINE=MyISAM DEFAULT CHARSET=utf8mb4 COLLATE=utf8mb4_unicode_ci;

--
-- Dumping data for table `nv4_vi_news_cat`
--

INSERT INTO `nv4_vi_news_cat` (`catid`, `parentid`, `title`, `titlesite`, `alias`, `description`, `descriptionhtml`, `image`, `viewdescription`, `weight`, `sort`, `lev`, `viewcat`, `numsubcat`, `subcatid`, `numlinks`, `newday`, `featured`, `ad_block_cat`, `layout_func`, `keywords`, `admins`, `add_time`, `edit_time`, `groups_view`, `status`) VALUES
(1, 0, 'Tin tức', '', 'Tin-tuc', '', '', '', 0, 1, 1, 0, 'viewcat_main_right', 3, '5,6,7', 4, 2, 0, '', '', '', '', 1274986690, 1274986690, '6', 2),
(2, 0, 'Sản phẩm', '', 'San-pham', '', '', '', 0, 2, 5, 0, 'viewcat_page_new', 0, '', 4, 2, 0, '', '', '', '', 1274986705, 1274986705, '6', 2),
(3, 0, 'Đối tác', '', 'Doi-tac', '', '', '', 0, 3, 9, 0, 'viewcat_page_new', 0, '', 4, 2, 0, '', '', '', '', 1274987460, 1274987460, '6', 2),
(4, 0, 'Tuyển dụng', '', 'Tuyen-dung', '', '', '', 0, 4, 12, 0, 'viewcat_page_new', 0, '', 4, 2, 0, '', '', '', '', 1274987538, 1274987538, '6', 2),
(5, 1, 'Thông cáo báo chí', '', 'thong-cao-bao-chi', '', '', '', 0, 1, 2, 1, 'viewcat_page_new', 0, '', 4, 2, 0, '', '', '', '', 1274987105, 1274987244, '6', 1),
(6, 1, 'Tin công nghệ', '', 'Tin-cong-nghe', '', '', '', 0, 3, 4, 1, 'viewcat_page_new', 0, '', 4, 2, 0, '', '', '', '', 1274987212, 1274987212, '6', 1),
(7, 1, 'Bản tin nội bộ', '', 'Ban-tin-noi-bo', '', '', '', 0, 2, 3, 1, 'viewcat_page_new', 0, '', 4, 2, 0, '', '', '', '', 1274987902, 1274987902, '6', 1);

-- --------------------------------------------------------

--
-- Table structure for table `nv4_vi_news_config_post`
--

CREATE TABLE `nv4_vi_news_config_post` (
  `group_id` smallint(5) NOT NULL,
  `addcontent` tinyint(4) NOT NULL,
  `postcontent` tinyint(4) NOT NULL,
  `editcontent` tinyint(4) NOT NULL,
  `delcontent` tinyint(4) NOT NULL
) ENGINE=MyISAM DEFAULT CHARSET=utf8mb4 COLLATE=utf8mb4_unicode_ci;

--
-- Dumping data for table `nv4_vi_news_config_post`
--

INSERT INTO `nv4_vi_news_config_post` (`group_id`, `addcontent`, `postcontent`, `editcontent`, `delcontent`) VALUES
(4, 0, 0, 0, 0),
(7, 0, 0, 0, 0),
(5, 0, 0, 0, 0),
(10, 0, 0, 0, 0),
(11, 0, 0, 0, 0),
(12, 0, 0, 0, 0);

-- --------------------------------------------------------

--
-- Table structure for table `nv4_vi_news_detail`
--

CREATE TABLE `nv4_vi_news_detail` (
  `id` int(11) UNSIGNED NOT NULL,
  `titlesite` varchar(255) NOT NULL DEFAULT '',
  `description` text NOT NULL,
  `bodyhtml` longtext NOT NULL,
  `voicedata` text DEFAULT NULL COMMENT 'Data giọng đọc json',
  `keywords` varchar(255) DEFAULT '',
  `sourcetext` varchar(255) DEFAULT '',
  `files` text DEFAULT NULL,
  `imgposition` tinyint(1) NOT NULL DEFAULT 1,
  `layout_func` varchar(100) DEFAULT '',
  `copyright` tinyint(1) NOT NULL DEFAULT 0,
  `allowed_send` tinyint(1) NOT NULL DEFAULT 0,
  `allowed_print` tinyint(1) NOT NULL DEFAULT 0,
  `allowed_save` tinyint(1) NOT NULL DEFAULT 0
) ENGINE=MyISAM DEFAULT CHARSET=utf8mb4 COLLATE=utf8mb4_unicode_ci;

--
-- Dumping data for table `nv4_vi_news_detail`
--

INSERT INTO `nv4_vi_news_detail` (`id`, `titlesite`, `description`, `bodyhtml`, `voicedata`, `keywords`, `sourcetext`, `files`, `imgposition`, `layout_func`, `copyright`, `allowed_send`, `allowed_print`, `allowed_save`) VALUES
(1, '', '', '<p>Để chuyên nghiệp hóa việc phát hành mã nguồn mở NukeViet, Ban quản trị NukeViet quyết định thành lập doanh nghiệp chuyên quản NukeViet mang tên Công ty cổ phần Phát triển nguồn mở Việt Nam (Viết tắt là VINADES.,JSC), chính thức ra mắt vào ngày 25-2-2010 (trụ sở tại Hà Nội) nhằm phát triển, phổ biến hệ thống NukeViet tại Việt Nam.<br /> <br /> Theo ông Nguyễn Anh Tú, Chủ tịch HĐQT VINADES, công ty sẽ phát triển bộ mã nguồn NukeViet nhất quán theo con đường mã nguồn mở đã chọn, chuyên nghiệp và quy mô hơn bao giờ hết. Đặc biệt là hoàn toàn miễn phí đúng tinh thần mã nguồn mở quốc tế.<br /> <br /> NukeViet là một hệ quản trị nội dung mã nguồn mở (Opensource Content Management System) thuần Việt từ nền tảng PHP-Nuke và cơ sở dữ liệu MySQL. Người sử dụng thường gọi NukeViet là portal vì nó có khả năng tích hợp nhiều ứng dụng trên nền web, cho phép người sử dụng có thể dễ dàng xuất bản và quản trị các nội dung của họ lên internet hoặc intranet.<br /> <br /> NukeViet cung cấp nhiều dịch vụ và ứng dụng nhờ khả năng tăng cường tính năng thêm các module, block... tạo sự dễ dàng cài đặt, quản lý, ngay cả với những người mới tiếp cận với website. Người dùng có thể tìm hiểu thêm thông tin và tải về sản phẩm tại địa chỉ http://nukeviet.vn</p><blockquote> <p> <em>Thông tin ra mắt công ty VINADES có thể tìm thấy trên trang 7 báo Hà Nội Mới ra ngày 25/02/2010 (<a href=\"http://hanoimoi.com.vn/newsdetail/Cong_nghe/309750/ra-mat-cong-ty-ma-nguon-mo-dau-tien-tai-viet-nam.htm\" target=\"_blank\">xem chi tiết</a>), Bản tin tiếng Anh của đài tiếng nói Việt Nam ngày 26/02/2010 (<a href=\"http://english.vovnews.vn/Home/First-opensource-company-starts-operation/20102/112960.vov\" target=\"_blank\">xem chi tiết</a>); trang 7 báo An ninh Thủ Đô số 2858 ra vào thứ 2 ngày 01/03/2010 và các trang tin tức, báo điện tử khác.</em></p></blockquote>', NULL, '', 'http://hanoimoi.com.vn/newsdetail/Cong_nghe/309750/ra-mat-cong-ty-ma-nguon-mo-dau-tien-tai-viet-nam.htm', NULL, 2, '', 0, 1, 1, 1),
(2, '', '', '<div>Tính đến năm 2015, ước tính có hơn 10.000 website đang sử dụng NukeViet. Nhu cầu triển khai NukeViet không chỉ dừng lại ở các cá nhân, doanh nghiệp, cơ sở giáo dục mà đã lan rộng ra khối chính phủ.</div><div><br  />Cộng đồng NukeViet cũng đã lớn mạnh hơn trước. Nếu như đầu năm 2010, ngoài Công ty VINADES chỉ có một vài công ty cung cấp dịch vụ cho NukeViet nhưng không chuyên, thì theo thống kê năm 2015 đã có hàng trăm doanh nghiệp đang cung cấp dịch vụ có liên quan đến NukeViet như: đào tạo NukeViet, thiết kế web, phát triển phần mềm, cung cấp giao diện, module... trên nền tảng NukeViet. Đặc biệt có nhiều doanh nghiệp hoàn toàn cung cấp dịch vụ thiết kế web, cung cấp giao diện, module... sử dụng nền tảng NukeViet. Nhiều sản phẩm phái sinh từ NukeViet đã ra đời, NukeViet được phát triển thành nhiều phần mềm quản lý sử dụng trên mạng LAN hay trên internet, được phát triển thành các phần mềm dùng riêng hay sử dụng như một nền tảng để cung cấp dịch vụ online, thậm chí đã được thử nghiệm tích hợp vào trong các thiết bị phần cứng để bán cùng thiết bị (NukeViet Captive Portal - dùng để quản lý người dùng truy cập internet, tích hợp trong thiết bị quản lý wifi)...<br  /><br  />Tuy nhiên, cùng với những cơ hội, cộng đồng NukeViet đang đứng trước một thách thức mới. NukeViet cần tập hợp tất cả các doanh nghiệp, tổ chức và cá nhân đang cung cấp dịch vụ cho NukeViet và liên kết các đơn vị này với nhau để giúp nhau chuyên nghiệp hóa, cùng nhau chia sẻ những cơ hội kinh doanh và trở lên lớn mạnh hơn.<br  /><br  />Nếu cộng đồng NukeViet có 500 công ty siêu nhỏ chỉ 2-3 người và những công ty này đứng riêng rẽ như hiện nay thì NukeViet mãi bé nhỏ và sẽ không làm được việc gì. Nhưng nếu 500 công ty này biết nhau, cùng làm một số việc, cùng tham gia phát triển NukeViet, đó sẽ là sức mạnh rất lớn cho một phần mềm nguồn mở như NukeViet, và đó cũng là cơ hội rất lớn để các công ty nhỏ ấy trở lên chuyên nghiệp và vững mạnh.<br  /><br  />Cho dù bạn là doanh nghiệp hay một nhóm kinh doanh, cho dù bạn đang cung cấp bất kỳ dịch vụ có liên quan trực tiếp đến NukeViet như: đào tạo NukeViet, thiết kế web, phát triển phần mềm, cung cấp giao diện, module... hoặc gián tiếp có liên quan đến NukeViet (ví dụ các công ty hosting, các nhà cung cấp dịch vụ thanh toán điện tử...). Bạn đều là một thành phần quan trọng của NukeViet. Dù bạn là công ty to hay một nhóm nhỏ, hãy đăng ký vào danh sách các đối tác của NukeViet để thiết lập kênh liên lạc với các doanh nghiệp khác trong cộng đồng NukeViet và nhận sự hỗ trợ từ Ban Quản Trị NukeViet cũng như từ các cơ quan nhà nước đang có nhu cầu tìm kiếm các đơn vị cung ứng dịch vụ cho NukeViet.<br  /><br  />Hãy gửi email cho Ban Quản Trị NukeViet về địa chỉ: admin@nukeviet.vn để đăng ký vào danh sách các đơn vị hỗ trợ NukeViet.<br  /><br  />Tiêu đề email: Đăng ký vào danh sách các đơn vị cung cấp dịch vụ dựa trên NukeViet<br  />Nội dung email: Thông tin về đơn vị, dịch vụ cung cấp.<br  /><br  />Hoặc gửi yêu cầu tại đây: <a href=\"http://nukeviet.vn/vi/contact/\" target=\"_blank\">http://nukeviet.vn/vi/contact/</a><br  /><br  />Mọi yêu cầu sẽ được phản hồi trong vòng 24h. Trường hợp không nhận được phản hồi, hãy liên hệ với Ban Quản Trị NukeViet qua các kênh liên lạc khác như:<br  /><br  />- Diễn đàn doanh nghiệp NukeViet: <a href=\"http://forum.nukeviet.vn/viewforum.php?f=4\" target=\"_blank\">http://forum.nukeviet.vn/viewforum.php?f=4</a><br  />- Fanpage NukeViet trên FaceBook: <a href=\"http://fb.com/nukeviet/\" target=\"_blank\">http://fb.com/nukeviet/</a><br  /><br  />Vui lòng truy cập địa chỉ sau để xem danh sách các đơn vị: <a href=\"https://nukeviet.vn/vi/partner/\" target=\"_blank\">https://nukeviet.vn/vi/partner/</a></div>', NULL, '', 'http://vinades.vn/vi/news/thong-cao-bao-chi/Thu-moi-hop-tac-6/', NULL, 2, '', 0, 1, 1, 1),
(3, '', '', 'Công ty cổ phần phát triển nguồn mở Việt Nam (VINADES.,JSC) đang thu hút tuyển dụng nhân tài ở các vị trí:<ol><li><a href=\"/Tuyen-dung/Tuyen-dung-lap-trinh-vien-PHP-7.html\">Lập trình viên PHP và MySQL.</a></li><li><a href=\"/Tuyen-dung/Tuyen-dung-lap-trinh-vien-front-end-HTML-CSS-JS-9.html\">Lập trình viên front-end (HTML/CSS/JS).</a></li><li><a href=\"/Tuyen-dung/Tuyen-dung-chuyen-vien-do-hoa-8.html\">Chuyên Viên Đồ Hoạ.</a></li></ol><br />Tại VINADES.,JSC bạn sẽ được tham gia các dự án của công ty, tham gia xây dựng và phát triển bộ nhân hệ thống NukeViet, được học hỏi và trau dồi nâng cao kiến thức và kỹ năng cá nhân. Ngoài ra, nếu bạn đam mê về nguồn mở và có mong muốn cống hiến cho quá trình phát triển nguồn mở của Việt Nam nói riêng và của thế giới nói chung, thì đây là cơ hội lớn nhất để bạn đạt được mong muốn của mình. Tham gia công tác tại công ty là bạn đã góp phần xây dựng một cộng đồng nguồn mở chuyên nghiệp cho Việt Nam để vươn xa ra thế giới.<br /><br /><span style=\"font-size:16px;\"><strong>1. Vị trí dự tuyển:</strong></span> Lập trình viên PHP và MySQL<br /><br /><span style=\"font-size:16px;\"><strong>2. Mô tả công việc:</strong></span><ul><li>Phát triển hệ thống NukeViet.</li><li>Phân tích yêu cầu và lập trình riêng cho các dự án cụ thể.</li><li>Thực hiện các công đoạn để dưa website vào hoạt động như upload dữ liệu lên host, xử lý lỗi, sự cố liên quan.</li><li>Chịu trách nhiệm về chất lượng, trải nghiệm người dùng của sản phẩm trong khi sản phẩm hoạt động.</li><li>Thực hiện các công việc theo sự phân công của cấp trên.</li><li>Chịu trách nhiệm về chất lượng và tiến độ công việc.</li></ul><br /><span style=\"font-size:16px;\"><strong>3. Yêu cầu:</strong></span><ul><li>Nắm vững kiến thức hướng đối tượng, cấu trúc dữ liệu và giải thuật.</li><li>Có kinh nghiệm về PHP và các hệ cơ sở dữ liệu MySQL.…</li><li>Tư duy lập trình tốt, thiết kế CSDL chuẩn, biết xử lý nhanh các vấn đề khi phát sinh nghiệp vụ mới.</li><li>Sửa được các lỗi, nâng cấp tính năng cho các module đã có. 6. Viết module mới.</li><li>Biết đưa website lên host, xử lý lỗi, sự cố liên quan.</li><li>Chịu trách nhiệm về chất lượng và tiến độ công việc phụ trách.</li><li>Khả năng sáng tạo.</li><li>Đam mê công việc về lập trình web.</li></ul><br /><em><strong>Ưu tiên các ứng viên:</strong></em><ul><li>Có kiến thức cơ bản về quản trị website NukeViệt.</li><li>Sử dụng và nắm rõ các tính năng, block thường dùng của NukeViet.</li><li>Biết sử dụng git để quản lý source code (nếu ứng viên chưa biết công ty sẽ đào tạo thêm).</li><li>Có khả năng giao tiếp với khách hàng (Trực tiếp, điện thoại, email).</li><li>Có khả năng làm việc độc lập và làm việc theo nhóm.</li><li>Có tinh thần trách nhiệm cao và chủ động trong công việc.</li><li>Có khả năng trình bày ý tưởng.</li></ul><br /><span style=\"font-size:16px;\"><strong>4. Quyền lợi:</strong></span><ul><li>Lương thoả thuận, trả qua ATM.</li><li>Thưởng theo dự án, các ngày lễ tết.</li><li>Hưởng các chế độ khác theo quy định của công ty và pháp luật: Bảo hiểm y tế, bảo hiểm xã hội...</li></ul><br /><span style=\"font-size:16px;\"><strong>5. Thời gian làm việc:</strong></span> Toàn thời gian cố định hoặc làm online.<br /><br /><span style=\"font-size:16px;\"><strong>6. Hạn nộp hồ sơ:</strong></span> Không hạn chế, vui lòng kiểm tra tại <a href=\"http://vinades.vn/vi/news/Tuyen-dung/\">http://vinades.vn/vi/news/Tuyen-dung/</a><br /><br /><span style=\"font-size:16px;\"><strong>7. Cách thức đăng ký dự tuyển:</strong></span> Làm Hồ sơ xin việc<em><strong> (download tại đây: <strong><a href=\"http://vinades.vn/vi/download/Tai-lieu/Ban-khai-so-yeu-ly-lich-ky-thuat-vien/\" target=\"_blank\"><u>Mẫu lý lịch ứng viên</u></a></strong>)</strong></em> và gửi về hòm thư <a href=\"mailto:tuyendung@vinades.vn\">tuyendung@vinades.vn</a><br /><br /><span style=\"font-size:16px;\"><strong>8. Hồ sơ bao gồm:</strong></span><ul><li>Đơn xin việc: Tự biên soạn.</li><li>Thông tin ứng viên: Theo mẫu của VINADES.,JSC</li></ul>&nbsp;<p><strong>Chi tiết vui lòng tham khảo tại:</strong> <a href=\"http://vinades.vn/vi/news/Tuyen-dung/\" target=\"_blank\">http://vinades.vn/vi/news/Tuyen-dung/</a><br /><br /><strong>Mọi thắc mắc vui lòng liên hệ:</strong></p><blockquote><p><strong>Công ty cổ phần phát triển nguồn mở Việt Nam.</strong><br />Trụ sở chính: Tầng 6, tòa nhà Sông Đà, 131 Trần Phú, Văn Quán, Hà Đông, Hà Nội.</p><div>- Tel: +84-24-85872007 - Fax: +84-24-35500914<br />- Email: <a href=\"mailto:contact@vinades.vn\">contact@vinades.vn</a> - Website: <a href=\"http://www.vinades.vn/\">http://www.vinades.vn</a></div></blockquote>', NULL, '', 'http://vinades.vn/vi/news/Tuyen-dung/', NULL, 2, '', 0, 1, 1, 1),
(4, '', '', 'Công ty cổ phần phát triển nguồn mở Việt Nam (VINADES.,JSC) đang thu hút tuyển dụng nhân tài ở các vị trí:<ol><li><a href=\"/Tuyen-dung/Tuyen-dung-lap-trinh-vien-PHP-7.html\">Lập trình viên PHP và MySQL.</a></li><li><a href=\"/Tuyen-dung/Tuyen-dung-lap-trinh-vien-front-end-HTML-CSS-JS-9.html\">Lập trình viên front-end (HTML/CSS/JS).</a></li><li><a href=\"/Tuyen-dung/Tuyen-dung-chuyen-vien-do-hoa-8.html\">Chuyên Viên Đồ Hoạ.</a></li></ol><br />Tại VINADES.,JSC bạn sẽ được tham gia các dự án của công ty, tham gia xây dựng và phát triển bộ nhân hệ thống NukeViet, được học hỏi và trau dồi nâng cao kiến thức và kỹ năng cá nhân. Ngoài ra, nếu bạn đam mê về nguồn mở và có mong muốn cống hiến cho quá trình phát triển nguồn mở của Việt Nam nói riêng và của thế giới nói chung, thì đây là cơ hội lớn nhất để bạn đạt được mong muốn của mình. Tham gia công tác tại công ty là bạn đã góp phần xây dựng một cộng đồng nguồn mở chuyên nghiệp cho Việt Nam để vươn xa ra thế giới.<br /><br /><span style=\"font-size:16px;\"><strong>1. Vị trí dự tuyển:</strong></span> Chuyên viên đồ hoạ.<br /><br /><span style=\"font-size:16px;\"><strong>2. Mô tả công việc:</strong></span><br /><br /><em><strong>Công việc chính:</strong></em><ul><li>Thiết kế layout, banner, logo website theo yêu cầu của dự án.</li><li>Đưa ra sản phẩm sáng tạo dựa trên ý tưởng của khách hàng.</li><li>Thực hiện các công việc theo sự phân công của cấp trên.</li><li>Chịu trách nhiệm về chất lượng và tiến độ công việc.</li></ul><br /><em><strong>Ngoài ra bạn cần có khả năng thực hiện các công việc sau:</strong></em><ul><li>Cắt và ghép giao diện cho hệ thống.</li><li>Valid CSS, xHTML.</li></ul><br /><span style=\"font-size:16px;\"><strong>3. Yêu cầu:</strong></span><ul><li>Sử dụng thành thạo phần mềm thiết kế: Photoshop ngoài ra cần biết cách sử dụng các phần mềm thiết kế khác là một lợi thế.</li><li>Có kiến thức cơ bản về thiết kế website: Am hiểu các dạng layout, thành phần của một website.</li><li>Có kinh nghiệm, kỹ năng thiết kế giao diện web, logo, banner.</li><li>Chịu trách nhiệm về chất lượng và tiến độ công việc phụ trách.</li><li>Khả năng sáng tạo, tính thẩm mỹ tốt</li><li>Đam mê công việc thiết kế và website.</li></ul><br /><em><strong>Ưu tiên các ứng viên:</strong></em><ul><li>Có kiến thức cơ bản về quản trị website NukeViệt</li><li>Am hiểu về Responsive và có thể thiết kế giao diện, layout trên mobile (Boostrap).</li><li>Sử dụng và nắm rõ các tính năng, block thường dùng của NukeViet.</li><li>Biết sử dụng git để quản lý source code (nếu ứng viên chưa biết công ty sẽ đào tạo thêm).</li><li>Sử dụng thành thạo HTML5, CSS3 &amp; Javascrip/Jquery và Xtemplate</li><li>Khả năng chuyển PSD sang NukeViet tốt.</li><li>Hiểu rõ và nắm chắc cách làm Theme/Template.</li><li>Có khả năng giao tiếp với khách hàng (Trực tiếp, điện thoại, email).</li><li>Có khả năng làm việc độc lập và làm việc theo nhóm.</li><li>Có tinh thần trách nhiệm cao và chủ động trong công việc.</li><li>Có khả năng trình bày ý tưởng</li></ul><br /><span style=\"font-size:16px;\"><strong>4. Quyền lợi:</strong></span><ul><li>Lương thoả thuận, trả qua ATM.</li><li>Thưởng theo dự án, các ngày lễ tết.</li><li>Hưởng các chế độ khác theo quy định của công ty và pháp luật: Bảo hiểm y tế, bảo hiểm xã hội...</li></ul><br /><span style=\"font-size:16px;\"><strong>5. Thời gian làm việc:</strong></span> Toàn thời gian cố định hoặc làm online.<br /><br /><span style=\"font-size:16px;\"><strong>6. Hạn nộp hồ sơ:</strong></span> Không hạn chế, vui lòng kiểm tra tại <a href=\"http://vinades.vn/vi/news/Tuyen-dung/\">http://vinades.vn/vi/news/Tuyen-dung/</a><br /><br /><span style=\"font-size:16px;\"><strong>7. Cách thức đăng ký dự tuyển:</strong></span> Làm Hồ sơ xin việc<em><strong> (download tại đây: <strong><a href=\"http://vinades.vn/vi/download/Tai-lieu/Ban-khai-so-yeu-ly-lich-ky-thuat-vien/\" target=\"_blank\"><u>Mẫu lý lịch ứng viên</u></a></strong>)</strong></em> và gửi về hòm thư <a href=\"mailto:tuyendung@vinades.vn\">tuyendung@vinades.vn</a><br /><br /><span style=\"font-size:16px;\"><strong>8. Hồ sơ bao gồm:</strong></span><ul><li>Đơn xin việc: Tự biên soạn.</li><li>Thông tin ứng viên: Theo mẫu của VINADES.,JSC</li></ul>&nbsp;<p><strong>Chi tiết vui lòng tham khảo tại:</strong> <a href=\"http://vinades.vn/vi/news/Tuyen-dung/\" target=\"_blank\">http://vinades.vn/vi/news/Tuyen-dung/</a><br /><br /><strong>Mọi thắc mắc vui lòng liên hệ:</strong></p><blockquote><p><strong>Công ty cổ phần phát triển nguồn mở Việt Nam.</strong><br />Trụ sở chính: Tầng 6, tòa nhà Sông Đà, 131 Trần Phú, Văn Quán, Hà Đông, Hà Nội.</p><div>- Tel: +84-24-85872007 - Fax: +84-24-35500914<br />- Email: <a href=\"mailto:contact@vinades.vn\">contact@vinades.vn</a> - Website: <a href=\"http://www.vinades.vn/\">http://www.vinades.vn</a></div></blockquote>', NULL, '', '', NULL, 2, '', 0, 1, 1, 1),
(5, '', '', 'Công ty cổ phần phát triển nguồn mở Việt Nam (VINADES.,JSC) đang thu hút tuyển dụng nhân tài ở các vị trí:<ol><li><a href=\"/Tuyen-dung/Tuyen-dung-lap-trinh-vien-PHP-7.html\">Lập trình viên PHP và MySQL.</a></li><li><a href=\"/Tuyen-dung/Tuyen-dung-lap-trinh-vien-front-end-HTML-CSS-JS-9.html\">Lập trình viên front-end (HTML/CSS/JS).</a></li><li><a href=\"/Tuyen-dung/Tuyen-dung-chuyen-vien-do-hoa-8.html\">Chuyên Viên Đồ Hoạ.</a></li></ol><br />Tại VINADES.,JSC bạn sẽ được tham gia các dự án của công ty, tham gia xây dựng và phát triển bộ nhân hệ thống NukeViet, được học hỏi và trau dồi nâng cao kiến thức và kỹ năng cá nhân. Ngoài ra, nếu bạn đam mê về nguồn mở và có mong muốn cống hiến cho quá trình phát triển nguồn mở của Việt Nam nói riêng và của thế giới nói chung, thì đây là cơ hội lớn nhất để bạn đạt được mong muốn của mình. Tham gia công tác tại công ty là bạn đã góp phần xây dựng một cộng đồng nguồn mở chuyên nghiệp cho Việt Nam để vươn xa ra thế giới.<br /><br /><span style=\"font-size:16px;\"><strong>1. Vị trí dự tuyển:</strong></span> Lập trình viên front-end (HTML/ CSS/ JS)<br /><br /><span style=\"font-size:16px;\"><strong>2. Mô tả công việc:</strong></span><ul><li>Cắt, làm giao diện website từ bản thiết kế (sử dụng Photoshop) trên nền hệ thống NukeViet.</li><li>Tham gia vào việc phát triển Front-End các ứng dụng nền web.</li><li>Thực hiện các công đoạn để dưa website vào hoạt động như upload dữ liệu lên host, xử lý lỗi, sự cố liên quan.</li><li>Chịu trách nhiệm về chất lượng, trải nghiệm người dùng, thẩm mỹ của sản phẩm trong khi sản phẩm hoạt động Tham mưu, tư vấn về chất lượng, thẩm mỹ, trải nghiệm người dùng về các sản phẩm.</li><li>Đảm bảo website theo các tiêu chuẩn web (W3c, XHTML, CSS 3.0, Tableless, no inline style, … ).</li><li>Đảm bảo website hiển thị đúng trên tất cả các trình duyệt.</li><li>Đảm bảo website theo chuẩn “Responsive Web Design.</li><li>Đảm bảo việc đưa sản phẩm thiết kế đến người dùng cuối cùng một cách chính xác và đẹp.</li><li>Thực hiện các công việc theo sự phân công của cấp trên.</li><li>Chịu trách nhiệm về chất lượng và tiến độ công việc.</li></ul><br /><span style=\"font-size:16px;\"><strong>3. Yêu cầu:</strong></span><ul><li>Có kiến thức cơ bản về thiết kế website: Am hiểu các dạng layout, thành phần của một website.</li><li>Hiểu rõ và nắm chắc cách làm Theme/Template.</li><li>Sử dụng thành thạo HTML5, CSS3 &amp; Javascrip/Jquery và Xtemplate</li><li>Khả năng chuyển PSD sang NukeViet tốt.</li><li>Biết đưa website lên host, xử lý lỗi, sự cố liên quan.</li><li>Chịu trách nhiệm về chất lượng và tiến độ công việc phụ trách.</li><li>Khả năng sáng tạo, tính thẩm mỹ tốt.</li><li>Đam mê công việc về web.</li></ul><br /><em><strong>Ưu tiên các ứng viên:</strong></em><ul><li>Có kiến thức cơ bản về quản trị website NukeViệt.</li><li>Am hiểu về Responsive và có thể thiết kế giao diện, layout trên mobile (Boostrap).</li><li>Sử dụng và nắm rõ các tính năng, block thường dùng của NukeViet.</li><li>Biết sử dụng git để quản lý source code (nếu ứng viên chưa biết công ty sẽ đào tạo thêm).</li><li>Có khả năng giao tiếp với khách hàng (Trực tiếp, điện thoại, email).</li><li>Có khả năng làm việc độc lập và làm việc theo nhóm.</li><li>Có tinh thần trách nhiệm cao và chủ động trong công việc.</li><li>Có khả năng trình bày ý tưởng.</li></ul><br /><span style=\"font-size:16px;\"><strong>4. Quyền lợi:</strong></span><ul><li>Lương thoả thuận, trả qua ATM.</li><li>Thưởng theo dự án, các ngày lễ tết.</li><li>Hưởng các chế độ khác theo quy định của công ty và pháp luật: Bảo hiểm y tế, bảo hiểm xã hội...</li></ul><br /><span style=\"font-size:16px;\"><strong>5. Thời gian làm việc:</strong></span> Toàn thời gian cố định hoặc làm online.<br /><br /><span style=\"font-size:16px;\"><strong>6. Hạn nộp hồ sơ:</strong></span> Không hạn chế, vui lòng kiểm tra tại <a href=\"http://vinades.vn/vi/news/Tuyen-dung/\">http://vinades.vn/vi/news/Tuyen-dung/</a><br /><br /><span style=\"font-size:16px;\"><strong>7. Cách thức đăng ký dự tuyển:</strong></span> Làm Hồ sơ xin việc<em><strong> (download tại đây: <strong><a href=\"http://vinades.vn/vi/download/Tai-lieu/Ban-khai-so-yeu-ly-lich-ky-thuat-vien/\" target=\"_blank\"><u>Mẫu lý lịch ứng viên</u></a></strong>)</strong></em> và gửi về hòm thư <a href=\"mailto:tuyendung@vinades.vn\">tuyendung@vinades.vn</a><br /><br /><span style=\"font-size:16px;\"><strong>8. Hồ sơ bao gồm:</strong></span><ul><li>Đơn xin việc: Tự biên soạn.</li><li>Thông tin ứng viên: Theo mẫu của VINADES.,JSC</li></ul>&nbsp;<p><strong>Chi tiết vui lòng tham khảo tại:</strong> <a href=\"http://vinades.vn/vi/news/Tuyen-dung/\" target=\"_blank\">http://vinades.vn/vi/news/Tuyen-dung/</a><br /><br /><strong>Mọi thắc mắc vui lòng liên hệ:</strong></p><blockquote><p><strong>Công ty cổ phần phát triển nguồn mở Việt Nam.</strong><br />Trụ sở chính: Tầng 6, tòa nhà Sông Đà, 131 Trần Phú, Văn Quán, Hà Đông, Hà Nội.</p><div>- Tel: +84-24-85872007 - Fax: +84-24-35500914<br />- Email: <a href=\"mailto:contact@vinades.vn\">contact@vinades.vn</a> - Website: <a href=\"http://www.vinades.vn/\">http://www.vinades.vn</a></div></blockquote>', NULL, '', '', NULL, 2, '', 0, 1, 1, 1),
(6, '', '', 'Cả hội trường như vỡ òa, rộn tiếng vỗ tay, tiếng cười nói chúc mừng các nhà khoa học, các nhóm tác giả đoạt Giải thưởng Nhân tài Đất Việt năm 2011. Năm thứ 7 liên tiếp, Giải thưởng đã phát hiện và tôn vinh nhiều tài năng của đất nước.<div align=\"center\"> <img _fl=\"\" align=\"middle\" src=\"http://dantri4.vcmedia.vn/xFKfMbJ7RTXgah5W1cc/File/2011/01_b7d3f.jpg\" style=\"MARGIN: 5px\" width=\"450\" /></div><div align=\"center\"> <span style=\"FONT-SIZE: 10pt; FONT-FAMILY: Tahoma\">Sân khấu trước lễ trao giải.</span></div><div> &nbsp;</div><div align=\"center\"> &nbsp;</div><div align=\"left\"> Cơ cấu Giải thưởng của Nhân tài Đất Việt 2011 trong lĩnh vực CNTT bao gồm 2 hệ thống giải dành cho “Sản phẩm có tiềm năng ứng dụng” và “Sản phẩm đã ứng dụng rộng rãi trong thực tế”. Mỗi hệ thống giải sẽ có 1 giải Nhất, 1 giải Nhì và 1 giải Ba với trị giá giải thưởng tương đương là 100 triệu đồng, 50 triệu đồng và 30 triệu đồng cùng phần thưởng của các đơn vị tài trợ.</div><div align=\"center\"> &nbsp;</div><div align=\"center\"> <div align=\"center\"> <img _fl=\"\" align=\"middle\" src=\"http://dantri4.vcmedia.vn/xFKfMbJ7RTXgah5W1cc/File/2011/03_f19bd.jpg\" width=\"350\" /></div> <div align=\"center\"> Nhiều tác giả, nhóm tác giả đến lễ trao giải từ rất sớm.</div></div><p> Giải thưởng Nhân tài Đất Việt 2011 trong lĩnh vực Khoa học Tự nhiên được gọi chính thức là Giải thưởng Khoa học Tự nhiên Việt Nam sẽ có tối đa 6 giải, trị giá 100 triệu đồng/giải dành cho các lĩnh vực: Toán học, Cơ học, Vật lý, Hoá học, Các khoa học về sự sống, Các khoa học về trái đất (gồm cả biển) và môi trường, và các lĩnh vực khoa học liên ngành hoặc đa ngành của hai hoặc nhiều ngành nói trên. Viện Khoa học và Công nghệ Việt Nam thành lập Hội đồng giám khảo gồm các nhà khoa học tự nhiên hàng đầu trong nước để thực hiện việc đánh giá và trao giải.</p><div> Sau thành công của việc trao Giải thưởng Nhân tài Đất Việt trong lĩnh vực Y dược năm 2010, Ban Tổ chức tiếp tục tìm kiếm những chủ nhân xứng đáng cho Giải thưởng này trong năm 2011.</div><div> &nbsp;</div><div align=\"center\"> <img _fl=\"\" align=\"middle\" src=\"http://dantri4.vcmedia.vn/xFKfMbJ7RTXgah5W1cc/File/2011/07_78b85.jpg\" style=\"MARGIN: 5px\" width=\"450\" /></div><div align=\"center\"> <span style=\"FONT-SIZE: 10pt; FONT-FAMILY: Tahoma\">Nguyên Tổng Bí thư BCH TW Đảng Cộng sản Việt Nam Lê Khả Phiêu tới&nbsp;dự Lễ trao giải.</span></div><div> &nbsp;</div><div> 45 phút trước lễ trao giải, không khí tại Cung Văn hóa Hữu nghị Việt - Xô đã trở nên nhộn nhịp. Sảnh phía trước Cung gần như chật kín. Rất đông bạn trẻ yêu thích công nghệ thông tin, sinh viên các trường đại học đã đổ về đây, cùng với đó là những bó hoa tươi tắn sẽ được dành cho các tác giả, nhóm tác giả đoạt giải.</div><div> &nbsp;</div><div align=\"center\"> <img _fl=\"\" align=\"middle\" src=\"http://dantri4.vcmedia.vn/xFKfMbJ7RTXgah5W1cc/File/2011/09_aef87.jpg\" style=\"MARGIN: 5px\" width=\"450\" /></div><div align=\"center\"> <span style=\"FONT-SIZE: 10pt; FONT-FAMILY: Tahoma\">Phó Chủ tịch nước CHXHCN Việt Nam Nguyễn Thị Doan.</span></div><div> &nbsp;</div><div> Các vị khách quý cũng đến từ rất sớm. Tới tham dự lễ trao giải năm nay có ông Lê Khả Phiêu, nguyên Tổng Bí thư BCH TW Đảng Cộng sản Việt Nam; bà Nguyễn Thị Doan, Phó Chủ tịch nước CHXHCN Việt Nam; ông Vũ Oanh, nguyên Ủy viên Bộ Chính trị, nguyên Chủ tịch Hội Khuyến học Việt Nam; ông Nguyễn Bắc Son, Bộ trưởng Bộ Thông tin và Truyền thông; ông Đặng Ngọc Tùng, Chủ tịch Tổng Liên đoàn lao động Việt Nam; ông Phạm Văn Linh, Phó trưởng ban Tuyên giáo Trung ương; ông Đỗ Trung Tá, Phái viên của Thủ tướng Chính phủ về CNTT, Chủ tịch Hội đồng Khoa học công nghệ quốc gia; ông Nguyễn Quốc Triệu, nguyên Bộ trưởng Bộ Y tế, Trưởng Ban Bảo vệ Sức khỏe TƯ; bà Cù Thị Hậu, Chủ tịch Hội người cao tuổi Việt Nam; ông Lê Doãn Hợp, nguyên Bộ trưởng Bộ Thông tin Truyền thông, Chủ tịch Hội thông tin truyền thông số…</div><div> &nbsp;</div><div align=\"center\"> <img _fl=\"\" align=\"middle\" src=\"http://dantri4.vcmedia.vn/xFKfMbJ7RTXgah5W1cc/File/2011/08_ba46c.jpg\" style=\"MARGIN: 5px\" width=\"450\" /></div><div align=\"center\"> <span style=\"FONT-SIZE: 10pt; FONT-FAMILY: Tahoma\">Bộ trưởng Bộ Thông tin và Truyền thông Nguyễn Bắc Son.</span></div><div align=\"center\"> &nbsp;</div><div align=\"center\"> <img _fl=\"\" align=\"middle\" src=\"http://dantri4.vcmedia.vn/xFKfMbJ7RTXgah5W1cc/File/2011/06_29592.jpg\" style=\"MARGIN: 5px\" width=\"450\" /></div><div align=\"center\"> <span style=\"FONT-SIZE: 10pt; FONT-FAMILY: Tahoma\">Giáo sư - Viện sỹ Nguyễn Văn Hiệu.</span></div><div align=\"center\"> &nbsp;</div><div align=\"center\"> <img _fl=\"\" align=\"middle\" src=\"http://dantri4.vcmedia.vn/xFKfMbJ7RTXgah5W1cc/File/2011/04_051f2.jpg\" style=\"MARGIN: 5px\" width=\"450\" /></div><div align=\"center\"> <span style=\"FONT-SIZE: 10pt; FONT-FAMILY: Tahoma\">Nguyên Bộ trưởng Bộ Y tế Nguyễn Quốc Triệu.</span></div><div align=\"center\"> &nbsp;</div><div align=\"center\"> <img _fl=\"\" align=\"middle\" src=\"http://dantri4.vcmedia.vn/xFKfMbJ7RTXgah5W1cc/File/2011/05_c7ea4.jpg\" style=\"MARGIN: 5px\" width=\"450\" /></div><div align=\"center\"> <span style=\"FONT-SIZE: 10pt; FONT-FAMILY: Tahoma\">Ông Vũ Oanh, nguyên Ủy viên Bộ Chính trị, nguyên Chủ tịch Hội Khuyến học Việt Nam.</span></div><p> Do tuổi cao, sức yếu hoặc bận công tác không đến tham dự lễ trao giải nhưng Đại tướng Võ Nguyên Giáp và Chủ tịch nước Trương Tấn Sang cũng gửi lẵng hoa đến chúc mừng lễ trao giải.</p><div> Đúng 20h, Lễ trao giải bắt đầu với bài hát “Nhân tài Đất Việt” do ca sỹ Thái Thùy Linh cùng ca sĩ nhí và nhóm múa biểu diễn. Các nhóm tác giả tham dự Giải thưởng năm 2011 và những tác giả của các năm trước từ từ bước ra sân khấu trong tiếng vỗ tay tán dương của khán giả.</div><div> &nbsp;</div><div align=\"center\"> <img _fl=\"\" align=\"middle\" src=\"http://dantri4.vcmedia.vn/xFKfMbJ7RTXgah5W1cc/File/2011/12_74abf.jpg\" style=\"MARGIN: 5px\" width=\"450\" /></div><div align=\"center\"> &nbsp;</div><div align=\"center\"> <div> <img _fl=\"\" align=\"middle\" src=\"http://dantri4.vcmedia.vn/xFKfMbJ7RTXgah5W1cc/File/2011/PHN15999_3e629.jpg\" style=\"MARGIN: 5px\" width=\"450\" /></div></div><div align=\"center\"> <span style=\"FONT-SIZE: 10pt; FONT-FAMILY: Tahoma\">Tiết mục mở màn Lễ trao giải.</span></div><p> Trước Lễ trao giải Giải thưởng Nhân tài Đất Việt năm 2011, Đại tướng Võ Nguyên Giáp, Chủ tịch danh dự Hội Khuyến học Việt Nam, đã gửi thư chúc mừng, khích lệ Ban tổ chức Giải thưởng cũng như các nhà khoa học, các tác giả tham dự.</p><blockquote> <p> <em><span style=\"FONT-STYLE: italic\">Hà Nội, ngày 16 tháng 11 năm 2011</span></em></p> <div> <em>Giải thưởng “Nhân tài đất Việt” do Hội Khuyến học Việt Nam khởi xướng đã bước vào năm thứ bảy (2005 - 2011) với ba lĩnh vực: Công nghệ thông tin, Khoa học tự nhiên và Y dược.</em></div></blockquote><div align=\"center\"> <img _fl=\"\" align=\"middle\" src=\"http://dantri4.vcmedia.vn/xFKfMbJ7RTXgah5W1cc/File/2011/thuDaituong1_767f4.jpg\" style=\"MARGIN: 5px\" width=\"400\" /></div><div align=\"center\"> <span style=\"FONT-SIZE: 10pt; FONT-FAMILY: Tahoma\">Thư của Đại tướng Võ Nguyên Giáp gửi BTC Giải thưởng Nhân tài đất Việt.</span></div><blockquote> <p> <em>Tôi gửi lời chúc mừng các nhà khoa học và các thí sinh được nhận giải thưởng “Nhân tài đất Việt” năm nay.</em></p> <p> <em>Mong rằng, các sản phẩm và các công trình nghiên cứu được trao giải sẽ được tiếp tục hoàn thiện và được ứng dụng rộng rãi trong đời sống, đem lại hiệu quả kinh tế và xã hội thiết thực.</em></p> <p> <em>Nhân ngày “Nhà giáo Việt Nam”, chúc Hội Khuyến học Việt nam, chúc các thầy giáo và cô giáo, với tâm huyết và trí tuệ của mình, sẽ đóng góp xứng đáng vào công cuộc đổi mới căn bản và toàn diện nền giáo dục nước nhà, để cho nền giáo dục Việt Nam thực sự là cội nguồn của nguyên khí quốc gia, đảm bảo cho mọi nhân cách và tài năng đất Việt được vun đắp và phát huy vì sự trường tồn, sự phát triển tiến bộ và bền vững của đất nước trong thời đại toàn cầu hóa và hội nhập quốc tế.</em></p> <p> <em>Chào thân ái,</em></p> <p> <strong><em>Chủ tịch danh dự Hội Khuyến học Việt Nam</em></strong></p> <p> <strong><em>Đại tướng Võ Nguyên Giáp</em></strong></p></blockquote><p> Phát biểu khai mạc Lễ trao giải, Nhà báo Phạm Huy Hoàn, TBT báo điện tử Dân trí, Trưởng Ban tổ chức, bày tỏ lời cám ơn chân thành về những tình cảm cao đẹp và sự quan tâm chăm sóc của Đại tướng Võ Nguyên Giáp và Chủ tịch nước Trương Tấn Sang đã và đang dành cho Nhân tài Đất Việt.</p><div> Nhà báo Phạm Huy Hoàn nhấn mạnh, Giải thưởng Nhân tài Đất Việt suốt 7 năm qua đều nhận được sự quan tâm của các vị lãnh đạo Đảng, Nhà nước và của toàn xã hội. Tại Lễ trao giải, Ban tổ chức luôn có vinh dự được đón tiếp&nbsp;các vị lãnh đạo&nbsp; Đảng và Nhà nước đến dự và trực tiếp trao Giải thưởng.</div><div> &nbsp;</div><div align=\"center\"> <img _fl=\"\" align=\"middle\" src=\"http://dantri4.vcmedia.vn/xFKfMbJ7RTXgah5W1cc/File/2011/15_4670c.jpg\" style=\"MARGIN: 5px\" width=\"450\" /></div><div align=\"center\"> <span style=\"FONT-SIZE: 10pt; FONT-FAMILY: Tahoma\">Trưởng Ban tổ chức Phạm Huy Hoàn phát biểu khai mạc buổi lễ.</span></div><p> Năm 2011, Giải thưởng có 3 lĩnh vực được xét trao giải là CNTT, Khoa học tự nhiên và Y dược. Lĩnh&nbsp; vực CNTT đã đón nhận 204 sản phẩm tham dự từ mọi miền đất nước và cả nước ngoài như thí sinh Nguyễn Thái Bình từ bang California - Hoa Kỳ và một thí sinh ở Pháp cũng đăng ký tham gia.</p><div> “Cùng với lĩnh vực CNTT, năm nay, Hội đồng khoa học của Viện khoa học và công nghệ Việt Nam và Hội đồng khoa học - Bộ Y tế tiếp tục giới thiệu những nhà khoa học xuất&nbsp; sắc, có công trình nghiên cứu đem lại nhiều lợi ích cho xã hội trong lĩnh vực khoa học tự nhiên và lĩnh vực y dược. Đó là những bác sĩ tài năng, những nhà khoa học mẫn tuệ, những người đang ngày đêm thầm lặng cống hiến trí tuệ sáng tạo của mình cho xã hội trong công cuộc xây dựng đất nước.” - nhà báo Phạm Huy Hoàn nói.</div><div> &nbsp;</div><div align=\"center\"> <img _fl=\"\" align=\"middle\" src=\"http://dantri4.vcmedia.vn/xFKfMbJ7RTXgah5W1cc/File/2011/14_6e18f.jpg\" style=\"MARGIN: 5px\" width=\"450\" /></div><div align=\"center\"> <span style=\"FONT-SIZE: 10pt; FONT-FAMILY: Tahoma\">Nhà báo Phạm Huy Hoàn, TBT báo điện tử Dân trí, Trưởng BTC Giải thưởng và ông Phan Hoàng Đức, Phó TGĐ Tập đoàn VNPT nhận lẵng hoa chúc mừng của Đại tướng Võ Nguyên Giáp và Chủ tịch nước Trương Tấn Sang.</span></div><p> Cũng theo Trưởng Ban tổ chức Phạm Huy Hoàn, đến nay, vị Chủ tịch danh dự đầu tiên của Hội Khuyến học Việt Nam, Đại tướng Võ Nguyên Giáp, đã bước qua tuổi 100 nhưng vẫn luôn dõi theo và động viên từng bước phát triển của Giải thưởng Nhân tài Đất Việt. Đại tướng luôn quan tâm chăm sóc Giải thưởng ngay từ khi Giải thưởng&nbsp; mới ra đời cách đây 7 năm.</p><p> Trước lễ trao giải, Đại tướng Võ Nguyên Giáp đã gửi thư chúc mừng, động viên Ban tổ chức. Trong thư, Đại tướng viết: “Mong rằng, các sản phẩm và các công trình nghiên cứu được trao giải sẽ được tiếp tục hoàn thiện và được ứng dụng rộng rãi trong đời sống, đem lại hiệu quả kinh tế và xã hội thiết thực.</p><p> Sau phần khai mạc, cả hội trường hồi hội chờ đợi phút vinh danh các nhà khoa học và các tác giả, nhóm tác giả đoạt giải.</p><div> <span style=\"FONT-WEIGHT: bold\">* Giải thưởng Khoa học Tự nhiên Việt Nam </span>thuộc về 2 nhà khoa học GS.TS Trần Đức Thiệp và GS.TS Nguyễn Văn Đỗ - Viện Vật lý, Viện Khoa học công nghệ Việt Nam với công trình “Nghiên cứu cấu trúc hạt nhân và các phản ứng hạt nhân”.</div><div> &nbsp;</div><div align=\"center\"> <div> <img _fl=\"\" align=\"middle\" src=\"http://dantri4.vcmedia.vn/xFKfMbJ7RTXgah5W1cc/File/2011/khtn_d4aae.jpg\" style=\"MARGIN: 5px\" width=\"450\" /></div></div><p> Hai nhà khoa học đã tiến hành thành công các nghiên cứu về phản ứng hạt nhân với nơtron, phản ứng quang hạt nhân, quang phân hạch và các phản ứng hạt nhân khác có cơ chế phức tạp trên các máy gia tốc như máy phát nơtron, Microtron và các máy gia tốc thẳng của Việt Nam và Quốc tế. Các nghiên cứu này đã góp phần làm sáng tỏ cấu trúc hạt nhân và cơ chế phản ứng hạt nhân, đồng thời cung cấp nhiều số liệu hạt nhân mới có giá trị cho Kho tàng số liệu hạt nhân.</p><p> GS.TS Trần Đức Thiệp và GS.TS Nguyễn Văn Đỗ đã khai thác hiệu quả hai máy gia tốc đầu tiên của Việt Nam là máy phát nơtron NA-3-C và Microtron MT-17 trong nghiên cứu cơ bản, nghiên cứu ứng dụng và đào tạo nhân lực. Trên cơ sở các thiết bị này, hai nhà khoa học đã tiến hành thành công những nghiên cứu cơ bản thực nghiệm đầu tiên về phản ứng hạt nhân ở Việt Nam; nghiên cứu và phát triển các phương pháp phân tích hạt nhân hiện đại và áp dụng thành công ở Việt Nam.</p><div> Bà Nguyễn Thị Doan, Phó Chủ tịch nước CHXHCNVN và Giáo sư - Viện sỹ Nguyễn Văn Hiệu trao giải thưởng cho 2 nhà khoa học.</div><div> &nbsp;</div><div align=\"center\"> <img _fl=\"\" align=\"middle\" src=\"http://dantri4.vcmedia.vn/xFKfMbJ7RTXgah5W1cc/File/2011/khtn2_e2865.jpg\" style=\"MARGIN: 5px\" width=\"450\" /></div><div align=\"center\"> <span style=\"FONT-SIZE: 10pt; FONT-FAMILY: Tahoma\">Phó Chủ tịch nước CHXHCNVN Nguyễn Thị Doan và Giáo sư - Viện sỹ Nguyễn Văn Hiệu trao giải thưởng cho 2 nhà khoa học GS.TS Trần Đức Thiệp và GS.TS Nguyễn Văn Đỗ.</span></div><p> GS.VS Nguyễn Văn Hiệu chia sẻ: “Cách đây không lâu, Chính phủ đã ký quyết định xây dựng nhà máy điện hạt nhân trong điều kiện đất nước còn nhỏ bé, nghèo khó và vì thế việc đào tạo nhân lực là nhiệm vụ số 1 hiện nay. Rất may, Việt Nam có 2 nhà khoa học cực kỳ tâm huyết và nổi tiếng trong cả nước cũng như trên thế giới. Hội đồng khoa học chúng tôi muốn xướng tên 2 nhà khoa học này để Chính phủ huy động cùng phát triển xây dựng nhà máy điện hạt nhân.”</p><p> GS.VS Hiệu nhấn mạnh, mặc dù điều kiện làm việc của 2 nhà khoa học không được quan tâm, làm việc trên những máy móc cũ kỹ được mua từ năm 1992 nhưng 2 ông vẫn xay mê cống hiến hết mình cho lĩnh Khoa học tự nhiên Việt Nam.</p><p> <span style=\"FONT-WEIGHT: bold\">* Giải thưởng Nhân tài Đất Việt trong lĩnh vực Y Dược:</span> 2 giải</p><div> <span style=\"FONT-WEIGHT: bold\">1.</span> Nhóm nghiên cứu của Bệnh viện Hữu nghị Việt - Đức với công trình <span style=\"FONT-STYLE: italic\">“Nghiên cứu triển khai ghép gan, thận, tim lấy từ người cho chết não”</span>.</div><div> &nbsp;</div><div align=\"center\"> <div> <img _fl=\"\" align=\"middle\" src=\"http://dantri4.vcmedia.vn/xFKfMbJ7RTXgah5W1cc/File/2011/y_3dca2.jpg\" style=\"MARGIN: 5px\" width=\"450\" /></div></div><div> &nbsp;</div><div> Tại bệnh viện Việt Đức, tháng 4/2011, các ca ghép tạng từ nguồn cho là người bệnh chết não được triển khai liên tục. Với 4 người cho chết não hiến tạng, bệnh viện đã ghép tim cho một trường hợp,&nbsp;2 người được ghép gan, 8 người được ghép thận, 2 người được ghép van tim và tất cả các ca ghép này đều thành công, người bệnh được ghép đã có một cuộc sống tốt hơn với tình trạng sức khỏe ổn định.</div><div> &nbsp;</div><div align=\"center\"> <img _fl=\"\" align=\"middle\" src=\"http://dantri4.vcmedia.vn/xFKfMbJ7RTXgah5W1cc/File/2011/y2_cb5a1.jpg\" style=\"MARGIN: 5px\" width=\"450\" /></div><div align=\"center\"> <span style=\"FONT-SIZE: 10pt; FONT-FAMILY: Tahoma\">Nguyên Tổng Bí Ban chấp hành TW Đảng CSVN Lê Khả Phiêu và ông Vũ Văn Tiền, Chủ tịch Hội đồng quản trị Ngân hàng An Bình trao giải thưởng cho nhóm nghiên cứu của BV Hữu nghị Việt - Đức.</span></div><p> Công trong việc ghép tạng từ người cho chết não không chỉ thể hiện năng lực, trình độ, tay nghề của bác sĩ Việt Nam mà nó còn mang một ý nghĩa nhân văn to lớn, mang một thông điệp gửi đến những con người giàu lòng nhân ái với nghĩa cử cao đẹp đã hiến tạng để cứu sống những người bệnh khác.</p><p> <span style=\"FONT-WEIGHT: bold\">2.</span> Hội đồng ghép tim Bệnh viện Trung ương Huế với công trình nghiên cứu <span style=\"FONT-STYLE: italic\">“Triển khai ghép tim trên người lấy từ người cho chết não”</span>.</p><div> Đề tài được thực hiện dựa trên ca mổ ghép tim thành công lần đầu tiên ở Việt Nam của chính 100% đội ngũ y, bác sĩ của Bệnh viện Trung ương Huế đầu tháng 3/2011. Bệnh nhân được ghép tim thành công là anh Trần Mậu Đức (26 tuổi, ở phường Phú Hội, TP. Huế).</div><div> &nbsp;</div><div align=\"center\"> <img _fl=\"\" align=\"middle\" src=\"http://dantri4.vcmedia.vn/xFKfMbJ7RTXgah5W1cc/File/2011/y3_7768c.jpg\" style=\"MARGIN: 5px\" width=\"450\" /></div><div align=\"center\"> <span style=\"FONT-SIZE: 10pt; FONT-FAMILY: Tahoma\">Hội đồng ghép tim BV Trung ương Huế nhận Giải thưởng Nhân tài Đất Việt.</span></div><p> Ghép tim từ người cho chết não đến người bị bệnh tim cần được ghép tim phải đảm bảo các yêu cầu: đánh giá chức năng các cơ quan; đánh giá tương hợp miễn dịch và phát hiện nguy cơ tiềm ẩn có thể xảy ra trong và sau khi ghép tim để từ đó có phương thức điều trị thích hợp. Có tới 30 xét nghiệm cận lâm sàng trung và cao cấp tiến hành cho cả người cho tim chết não và người sẽ nhận ghép tim tại hệ thống labo của bệnh viện.</p><p> ---------------------</p><p> <span style=\"FONT-WEIGHT: bold\">* Giải thưởng Nhân tài đất Việt Lĩnh vực Công nghệ thông tin.</span></p><p> <span style=\"FONT-STYLE: italic\">Hệ thống sản phẩm đã ứng dụng thực tế:</span></p><p> <span style=\"FONT-STYLE: italic\">Giải Nhất:</span> Không có.</p><p> <span style=\"FONT-STYLE: italic\">Giải Nhì:</span> Không có</p><p> <span style=\"FONT-STYLE: italic\">Giải Ba:</span> 3 giải, mỗi giải trị giá 30 triệu đồng.</p><div> <span style=\"FONT-WEIGHT: bold\">1.</span> <span style=\"FONT-STYLE: italic\">“Bộ cạc xử lý tín hiệu HDTV”</span> của nhóm HD Việt Nam.</div><div> &nbsp;</div><div align=\"center\"> <img _fl=\"\" align=\"middle\" src=\"http://dantri4.vcmedia.vn/xFKfMbJ7RTXgah5W1cc/File/2011/hdtv_13b10.jpg\" style=\"MARGIN: 5px\" width=\"450\" /></div><div align=\"center\"> <span style=\"FONT-SIZE: 10pt; FONT-FAMILY: Tahoma\">Nhóm HDTV Việt Nam lên nhận giải.</span></div><p> Đây là bộ cạc xử lý tín hiệu HDTV đầu tiên tại Việt Nam đạt tiêu chuẩn OpenGear. Bộ thiết bị bao gồm 2 sản phẩm là cạc khuếch đại phân chia tín hiệu HD DA và cạc xử lý tín hiệu HD FX1. Nhờ bộ cạc này mà người sử dụng cũng có thể điều chỉnh mức âm thanh hoặc video để tín hiệu của kênh tuân theo mức chuẩn và không phụ thuộc vào chương trình đầu vào.</p><div> <span style=\"FONT-WEIGHT: bold; FONT-STYLE: italic\">2.</span> <span style=\"FONT-STYLE: italic\">“Mã nguồn mở NukeViet”</span> của nhóm tác giả Công ty cổ phần phát triển nguồn mở Việt Nam (VINADES.,JSC).</div><div> &nbsp;</div><div align=\"center\"> <div> <img _fl=\"\" align=\"middle\" alt=\"NukeViet nhận giải ba Nhân tài đất Việt 2011\" src=\"/uploads/news/nukeviet-nhantaidatviet2011.jpg\" style=\"margin: 5px; width: 450px; height: 301px;\" /></div></div><p> NukeViet là CMS mã nguồn mở đầu tiên của Việt Nam có quá trình phát triển lâu dài nhất, có lượng người sử dụng đông nhất. Hiện NukeViet cũng là một trong những mã nguồn mở chuyên nghiệp đầu tiên của Việt Nam, cơ quan chủ quản của NukeViet là VINADES.,JSC - đơn vị chịu trách nhiệm phát triển NukeViet và triển khai NukeViet thành các ứng dụng cụ thể cho doanh nghiệp.</p><div> <span style=\"FONT-WEIGHT: bold\">3.</span> <span style=\"FONT-STYLE: italic\">“Hệ thống ngôi nhà thông minh homeON”</span> của nhóm Smart home group.</div><div> &nbsp;</div><div align=\"center\"> <div> <img _fl=\"\" align=\"middle\" src=\"http://dantri4.vcmedia.vn/xFKfMbJ7RTXgah5W1cc/File/2011/PHN16132_82014.jpg\" style=\"MARGIN: 5px\" width=\"450\" /></div></div><p> Sản phẩm là kết quả từ những nghiên cứu miệt mài nhằm xây dựng một ngôi nhà thông minh, một cuộc sống xanh với tiêu chí: An toàn, tiện nghi, sang trọng và tiết kiệm năng lượng, hưởng ứng lời kêu gọi tiết kiệm năng lượng của Chính phủ.&nbsp;</p><p> <strong><span style=\"FONT-STYLE: italic\">* Hệ thống sản phẩm có tiềm năng ứng dụng:</span></strong></p><p> <span style=\"FONT-STYLE: italic\">Giải Nhất: </span>Không có.</p><div> <span style=\"FONT-STYLE: italic\">Giải Nhì:</span> trị giá 50 triệu đồng: <span style=\"FONT-STYLE: italic\">“Dịch vụ Thông tin và Tri thức du lịch ứng dụng cộng nghệ ngữ nghĩa - iCompanion”</span> của nhóm tác giả SIG.</div><div> &nbsp;</div><div align=\"center\"> <img _fl=\"\" align=\"middle\" src=\"http://dantri4.vcmedia.vn/xFKfMbJ7RTXgah5W1cc/File/2011/nhi_7eee0.jpg\" style=\"MARGIN: 5px\" width=\"450\" /></div><div align=\"center\"> <span style=\"FONT-SIZE: 10pt; FONT-FAMILY: Tahoma\">Nhóm tác giả SIG nhận giải Nhì Nhân tài đất Việt 2011 ở hệ thống sản phẩm có tiềm năng ứng dụng.</span></div><p> ICompanion là hệ thống thông tin đầu tiên ứng dụng công nghệ ngữ nghĩa trong lĩnh vực du lịch - với đặc thù khác biệt là cung cấp các dịch vụ tìm kiếm, gợi ý thông tin “thông minh” hơn, hướng người dùng và kết hợp khai thác các tính năng hiện đại của môi trường di động.</p><p> Đại diện nhóm SIG chia sẻ: “Tinh thần sáng tạo và lòng khát khao muốn được tạo ra các sản phẩm mới có khả năng ứng dụng cao trong thực tiễn luôn có trong lòng của những người trẻ Việt Nam. Cảm ơn ban tổ chức và những nhà tài trợ đã giúp chúng tôi có một sân chơi thú vị để khuyến khích và chắp cánh thực hiện ước mơ của mình. Xin cảm ơn trường ĐH Bách Khoa đã tạo ra một môi trường nghiên cứu và sáng tạo, gắn kết 5 thành viên trong nhóm.”</p><p> <span style=\"FONT-STYLE: italic\">Giải Ba:</span> 2 giải, mỗi giải trị giá 30 triệu đồng.</p><div> <span style=\"FONT-WEIGHT: bold\">1. </span><span style=\"FONT-STYLE: italic\">“Bộ điều khiển IPNET”</span> của nhóm IPNET</div><div> &nbsp;</div><div align=\"center\"> <img _fl=\"\" align=\"middle\" src=\"http://dantri4.vcmedia.vn/xFKfMbJ7RTXgah5W1cc/File/2011/PHN16149_ed58d.jpg\" style=\"MARGIN: 5px\" width=\"450\" /></div><div align=\"center\"> <span style=\"FONT-SIZE: 10pt; FONT-FAMILY: Tahoma\">Nhà báo Phạm Huy Hoàn, Trưởng Ban Tổ chức Giải thưởng NTĐV, Tổng Biên tập báo điện tử Dân trí và ông Tạ Hữu Thanh - Phó TGĐ Jetstar Pacific trao giải cho nhóm IPNET.</span></div><p> Bằng cách sử dụng kiến thức thiên văn học để tính giờ mặt trời lặn và mọc tại vị trí cần chiếu sáng được sáng định bởi kinh độ, vĩ độ cao độ, hàng ngày sản phẩm sẽ tính lại thời gian cần bật/tắt đèn cho phù hợp với giờ mặt trời lặn/mọc.</p><div> <span style=\"FONT-WEIGHT: bold\">2.</span> <span style=\"FONT-STYLE: italic\">“Hệ thống lập kế hoạch xạ trị ung thư quản lý thông tin bệnh nhân trên web - LYNX”</span> của nhóm LYNX.</div><div> &nbsp;</div><div align=\"center\"> <div> <img _fl=\"\" align=\"middle\" src=\"http://dantri4.vcmedia.vn/xFKfMbJ7RTXgah5W1cc/File/2011/3tiem-nang_32fee.jpg\" style=\"MARGIN: 5px\" width=\"450\" /></div></div><p> Đây là loại phần mềm hoàn toàn mới ở Việt Nam, là hệ thống lập kế hoạch và quản lý thông tin của bệnh nhân ung thư qua Internet (LYNX) dựa vào nền tảng Silverlight của Microsoft và kiến thức chuyên ngành Vật lý y học. LYNX giúp ích cho các nhà khoa học, bác sĩ, kỹ sư vật lý, bệnh nhân và mọi thành viên trong việc quản lý và theo dõi hệ thống xạ trị ung thư một cách tổng thể. LYNX có thể được sử dụng thông qua các thiết bị như máy tính cá nhân, máy tính bảng… và các trình duyệt Internet Explorer, Firefox, Chrome…</p><div> Chương trình trao giải đã được truyền hình trực tiếp trên VTV2 - Đài Truyền hình Việt Nam và tường thuật trực&nbsp;tuyến trên báo điện tử Dân trí từ 20h tối 20/11/2011.</div><div> &nbsp;</div><div align=\"center\"> <img _fl=\"\" align=\"middle\" src=\"http://dantri4.vcmedia.vn/xFKfMbJ7RTXgah5W1cc/File/2011/NVH0545_c898e.jpg\" style=\"MARGIN: 5px\" width=\"450\" /></div><div align=\"center\"> &nbsp;</div><div align=\"center\"> <img _fl=\"\" align=\"middle\" src=\"http://dantri4.vcmedia.vn/xFKfMbJ7RTXgah5W1cc/File/2011/NVH0560_c995c.jpg\" style=\"MARGIN: 5px\" width=\"450\" /></div><div align=\"center\"> &nbsp;</div><div align=\"center\"> <img _fl=\"\" align=\"middle\" src=\"http://dantri4.vcmedia.vn/xFKfMbJ7RTXgah5W1cc/File/2011/PHN16199_36a5c.jpg\" style=\"MARGIN: 5px\" width=\"450\" /></div><div align=\"center\"> &nbsp;</div><div align=\"center\"> <div align=\"center\"> <table border=\"1\" cellpadding=\"0\" cellspacing=\"0\" width=\"90%\"> <tbody> <tr> <td> <div> <span style=\"FONT-WEIGHT: bold\"><span style=\"FONT-WEIGHT: normal; FONT-SIZE: 10pt; FONT-FAMILY: Tahoma\">Khởi xướng từ năm 2005, Giải thưởng Nhân tài Đất Việt đã phát hiện và tôn vinh nhiều tài năng trong lĩnh vực CNTT-TT, Khoa học tự nhiên và Y dược, trở thành một sân chơi bổ ích cho những người yêu thích CNTT. Mỗi năm, Giải thưởng ngày càng thu hút số lượng tác giả và sản phẩm tham gia đông đảo và nhận được sự quan tâm sâu sắc của lãnh đạo Đảng, Nhà nước cũng như công chúng.</span></span></div> <div> <span style=\"FONT-WEIGHT: bold\">&nbsp;</span></div> <div> <span style=\"FONT-WEIGHT: bold\"><span style=\"FONT-WEIGHT: normal; FONT-SIZE: 10pt; FONT-FAMILY: Tahoma\">Đối tượng tham gia Giải thưởng trong lĩnh vực CNTT là những người Việt Nam ở mọi lứa tuổi, đang sinh sống trong cũng như ngoài nước. Năm 2006, Giải thưởng có sự tham gia của thí sinh đến từ 8 nước trên thế giới và 40 tỉnh thành của Việt Nam. Từ năm 2009, Giải thưởng được mở rộng sang lĩnh vực Khoa học tự nhiên, và năm 2010 là lĩnh vực Y dược, vinh danh những nhà khoa học trong các lĩnh vực này.</span>&nbsp;</span></div> <div> <span style=\"FONT-WEIGHT: bold\">&nbsp;</span></div> </td> </tr> </tbody> </table> </div></div>', NULL, '', '', NULL, 2, '', 0, 1, 1, 1);
INSERT INTO `nv4_vi_news_detail` (`id`, `titlesite`, `description`, `bodyhtml`, `voicedata`, `keywords`, `sourcetext`, `files`, `imgposition`, `layout_func`, `copyright`, `allowed_send`, `allowed_print`, `allowed_save`) VALUES
(7, '', '', '<div>Có hiệu lực từ ngày 20/1/2015, Thông tư này thay thế cho Thông tư 41/2009/TT-BTTTT (Thông tư 41) ngày 30/12/2009 ban hành Danh mục các sản phẩm phần mềm nguồn mở đáp ứng yêu cầu sử dụng trong cơ quan, tổ chức nhà nước.<br />\r\n<br />\r\nSản phẩm phần mềm nguồn mở được ưu tiên mua sắm, sử dụng trong cơ quan, tổ chức nhà nước trong Thông tư 41/2009/TT-BTTTT vừa được Bộ TT&amp;TT ban hành, là những&nbsp;sản phẩm đã đáp ứng các tiêu chí về tính năng kỹ thuật cũng như tính mở và bền vững, và NukeViet là một trong số đó.</div>\r\n\r\n<p>Cụ thể, theo Thông tư 20, sản phẩm phần mềm nguồn mở được ưu tiên mua sắm, sử dụng trong cơ quan, tổ chức nhà nước phải đáp các tiêu chí về chức năng, tính năng kỹ thuật bao gồm: phần mềm có các chức năng, tính năng kỹ thuật phù hợp với các yêu cầu nghiệp vụ hoặc các quy định, hướng dẫn tương ứng về ứng dụng CNTT trong các cơ quan, tổ chức nhà nước; phần mềm đáp ứng được yêu cầu tương thích với hệ thống thông tin, cơ sở dữ liệu hiện có của các cơ quan, tổ chức.</p>\r\n\r\n<p>Bên cạnh đó, các sản phẩm phần mềm nguồn mở được ưu tiên mua sắm, sử dụng trong cơ quan, tổ chức nhà nước còn phải đáp ứng tiêu chí về tính mở và tính bền vững của phần mềm. Cụ thể, phần mềm phải đảm bảo các quyền: tự do sử dụng phần mềm không phải trả phí bản quyền, tự do phân phối lại phần mềm, tự do sửa đổi phần mềm theo nhu cầu sử dụng, tự do phân phối lại phần mềm đã chỉnh sửa (có thể thu phí hoặc miễn phí); phần mềm phải có bản mã nguồn, bản cài đặt được cung cấp miễn phí trên mạng; có điểm ngưỡng thất bại PoF từ 50 điểm trở xuống và điểm mô hình độ chín nguồn mở OSMM từ 60 điểm trở lên.</p>\r\n\r\n<p>Căn cứ những tiêu chuẩn trên, thông tư 20 quy định cụ thể Danh mục 31 sản phẩm thuộc 11 loại phần mềm được ưu tiên mua sắm, sử dụng trong cơ quan, tổ chức nhà nước.&nbsp;NukeViet thuộc danh mục hệ quản trị nội dung nguồn mở. Chi tiết thông tư và danh sách 31 sản phẩm phần mềm nguồn mở được ưu tiên mua sắm, sử dụng trong cơ quan, tổ chức nhà nước có&nbsp;<a href=\"http://vinades.vn/vi/download/van-ban-luat/Thong-tu-20-2014-TT-BTTTT/\" target=\"_blank\">tại đây</a>.</p>\r\n\r\n<p>Thông tư 20/2014/TT-BTTTT quy định rõ: Các cơ quan, tổ chức nhà nước khi có nhu cầu sử dụng vốn nhà nước để đầu tư xây dựng, mua sắm hoặc thuê sử dụng các loại phần mềm có trong Danh mục hoặc các loại phần mềm trên thị trường đã có sản phẩm phần mềm nguồn mở tương ứng thỏa mãn các tiêu chí trên (quy định tại Điều 3 Thông tư 20) thì phải&nbsp;ưu tiên lựa chọn các sản phẩm phần mềm nguồn mở tương ứng, đồng thời phải thể hiện rõ sự ưu tiên này trong các tài liệu&nbsp;như thiết kế sơ bộ, thiết kế thi công, kế hoạch đấu thầu, kế hoạch đầu tư, hồ sơ mời thầu, yêu cầu chào hàng, yêu cầu báo giá hoặc các yêu cầu mua sắm khác.</p>\r\n\r\n<p>Đồng thời,&nbsp;các cơ quan, tổ chức nhà nước phải đảm bảo không đưa ra các yêu cầu, điều kiện, tính năng kỹ thuật có thể dẫn đến việc loại bỏ các sản phẩm phần mềm nguồn mở&nbsp;trong các tài liệu như thiết kế sơ bộ, thiết kế thi công, kế hoạch đấu thầu, kế hoạch đầu tư, hồ sơ mời thầu, yêu cầu chào hàng, yêu cầu báo giá hoặc các yêu cầu mua sắm khác.</p>\r\n\r\n<p>Như vậy, sau thông tư số 08/2010/TT-BGDĐT của Bộ GD&amp;ĐT ban hành ngày 01-03-2010 quy định về sử dụng phần mềm tự do mã nguồn mở trong các cơ sở giáo dục trong đó đưa NukeViet vào danh sách các mã nguồn mở được khuyến khích sử dụng trong giáo dục, thông tư 20/2014/TT-BTTTT đã mở đường cho NukeViet vào sử dụng cho các cơ quan, tổ chức nhà nước. Các đơn vị hỗ trợ triển khai NukeViet cho các cơ quan nhà nước có thể sử dụng quy định này để được ưu tiên triển khai cho các dự án website, cổng thông tin cho các cơ quan, tổ chức nhà nước.<br />\r\n<br />\r\nThời gian tới, Công ty cổ phần phát triển nguồn mở Việt Nam (<a href=\"http://vinades.vn/\" target=\"_blank\">VINADES.,JSC</a>) - đơn vị chủ quản của NukeViet - sẽ cùng với Ban Quản Trị NukeViet tiếp tục hỗ trợ các doanh nghiệp đào tạo nguồn nhân lực chính quy phát triển NukeViet nhằm cung cấp dịch vụ ngày một tốt hơn cho chính phủ và các cơ quan nhà nước, từng bước xây dựng và hình thành liên minh các doanh nghiệp phát triển NukeViet, đưa sản phẩm phần mềm nguồn mở Việt không những phục vụ tốt thị trường Việt Nam mà còn từng bước tiến ra thị trường khu vực và các nước đang phát triển khác trên thế giới nhờ vào lợi thế phần mềm nguồn mở đang được chính phủ nhiều nước ưu tiên phát triển.</p>', NULL, '', 'mic.gov.vn', NULL, 2, '', 0, 1, 1, 1),
(8, '', '', '<div>Trong năm 2016, chúng tôi xác định là đơn vị sát cánh cùng các đơn vị giáo dục- là đơn vị xây dựng nhiều website cho ngành giáo dục nhất trên cả nước.<br  />Với phần mềm mã nguồn mở NukeViet hiện có nhiều lợi thế:<br  />+ Được Bộ giáo dục khuyến khích sử dụng.<br  />+ Được bộ thông tin truyền thông chỉ định sử dụng trong khối cơ quan nhà nước.<br  />+Được cục công nghệ thông tin ghi rõ tên sản phẩm NukeViet nên dùng theo hướng dẫn thực hiện CNTT 2015-2016.<br  />Chúng tôi cần các bạn góp phần xây dựng nền giáo dục nước nhà ngày càng phát triển.</div><div>&nbsp;</div><table align=\"left\" border=\"1\" cellpadding=\"20\" cellspacing=\"0\" class=\"table table-striped table-bordered table-hover\" style=\"width:100%;\" width=\"653\">	<tbody>		<tr>			<td style=\"width: 27.66%;\"><strong>Vị trí tuyển dụng:</strong></td>			<td style=\"width: 72.34%;\">Nhân viên kinh doanh</td>		</tr>		<tr>			<td style=\"width: 27.66%;\"><strong>Chức vụ:</strong></td>			<td style=\"width: 72.34%;\">Nhân viên</td>		</tr>		<tr>			<td style=\"width: 27.66%;\"><strong>Ngành nghề:</strong></td>			<td style=\"width: 72.34%;\"><strong>Sản phẩm:</strong><br  />			Cổng thông tin, website cho các phòng, sở giáo dục và đào tạo các trường học.</td>		</tr>		<tr>			<td style=\"width: 27.66%;\"><strong>Hình thức làm việc:</strong></td>			<td style=\"width: 72.34%;\">Toàn thời gian cố định</td>		</tr>		<tr>			<td style=\"width: 27.66%;\"><strong>Địa điểm làm việc:</strong></td>			<td style=\"width: 72.34%;\">Văn phòng công ty (Được đi công tác theo hợp đồng đã ký)</td>		</tr>		<tr>			<td style=\"width: 27.66%;\"><strong>Mức lương:</strong></td>			<td style=\"width: 72.34%;\">&nbsp;Lương cố định + Thưởng vượt doanh số + thưởng theo từng hợp đồng (từ 2-7%).</td>		</tr>		<tr>			<td style=\"width: 27.66%;\"><strong>Mô tả công việc:</strong></td>			<td style=\"width: 72.34%;\">Chúng tôi có khách hàng mục tiêu và danh sách khách hàng, công việc đòi hỏi ứng viên sử dụng thành thạo vi tính văn phòng, các phần mềm liên quan đến công việc và có laptop để phục vụ công việc.<br  />			- Sales Online, quảng bá ký kết, liên kết, với các đối tác qua INTERNET. Xây dưng mối quan hệ phát triển bền vững với các đối tác.<br  />			- Gọi điện, giới thiệu dịch vụ, sản phẩm của công ty đến đối tác.<br  />			- Xử lý các cuộc gọi của khách hàng liên quan đến, sản phẩm, dịch vụ công ty.<br  />			- Đàm phán, thương thuyết, ký kết hợp đồng với khách hàng đang có nhu cầu thiết kế website , SEO website , PR thương hiệu trên Internet&nbsp;<br  />			- Duy trì và chăm sóc mối quan hệ lâu dài với khách hàng, mở rộng khách hàng tiềm năng nhằm thúc đẩy doanh số bán hàng<br  />			- Hỗ trợ khách hàng khi được yêu cầu</td>		</tr>		<tr>			<td style=\"width: 27.66%;\"><strong>Số lượng cần tuyển:</strong></td>			<td style=\"width: 72.34%;\">05</td>		</tr>		<tr>			<td style=\"width: 27.66%;\"><strong>Quyền lợi được hưởng:</strong></td>			<td style=\"width: 72.34%;\">- Được đào tạo kĩ năng bán hàng, được công ty hỗ trợ tham gia khóa học bán hàng chuyên nghiệp.<br  />			- Lương cứng: 3.000.000 VNĐ+ hoa hồng dự án (2-7%/năm/hợp đồng). Lương trả qua ATM, được xét tăng lương 3 tháng một lần dựa trên doanh thu.<br  />			- Bậc lương xét trên năng lực bán hàng.<br  />			- Thưởng theo dự án, các ngày lễ tết.<br  />			- Hưởng các chế độ khác theo quy định của công ty và pháp luật: Bảo hiểm y tế, bảo hiểm xã hội.<br  />			- Cơ hội làm việc và gắn bó lâu dài trong công ty, được thưởng cổ phần nếu doanh thu tốt.</td>		</tr>		<tr>			<td style=\"width: 27.66%;\"><strong>Số năm kinh nghiệm:</strong></td>			<td style=\"width: 72.34%;\">Trên 6 tháng</td>		</tr>		<tr>			<td style=\"width: 27.66%;\"><strong>Yêu cầu bằng cấp:</strong></td>			<td style=\"width: 72.34%;\">Cao đẳng, Đại học</td>		</tr>		<tr>			<td style=\"width: 27.66%;\"><strong>Yêu cầu giới tính:</strong></td>			<td style=\"width: 72.34%;\">Không yêu cầu</td>		</tr>		<tr>			<td style=\"width: 27.66%;\"><strong>Yêu cầu độ tuổi:</strong></td>			<td style=\"width: 72.34%;\">Không yêu cầu</td>		</tr>		<tr>			<td style=\"width: 27.66%;\"><strong>Yêu cầu khác:</strong></td>			<td style=\"width: 72.34%;\">- Yêu thích và đam mê Internet Marketing, thích online, thương mại điện tử<br  />			- Giọng nói dễ nghe, không nói ngọng.<br  />			- Có khả năng giao tiếp qua điện thoại.<br  />			- Ngoại hình ưa nhìn là một lợi thế<br  />			- Có tính cẩn thận trong công việc, luôn cố gắng học hỏi.<br  />			- Kỹ năng sales online tốt.<br  />			-Trung thực, năng động, nhiệt tình,siêng năng, nhiệt huyết trong công việc.</td>		</tr>		<tr>			<td style=\"width: 27.66%;\"><strong>Hồ sơ bao gồm:</strong></td>			<td style=\"width: 72.34%;\"><strong>* Yêu cầu Hồ sơ:</strong><br  />			<strong>Cách thức đăng ký dự tuyển</strong>: Làm Hồ sơ xin việc (file mềm) và gửi về hòm thư <a href=\"mailto:tuyendung@vinades.vn\">tuyendung@vinades.vn</a><br  />			<br  />			<strong>Nội dung hồ sơ xin việc file mềm gồm</strong>:<br  />			<strong>+ Đơn xin việc:</strong>&nbsp;Theo hướng dẫn bên dưới.<br  />			<strong>+ Thông tin ứng viên:</strong>&nbsp;Theo mẫu của VINADES.,JSC <strong><em>(download tại đây:&nbsp;<a href=\"http://vinades.vn/vi/download/Tai-lieu/Ban-khai-so-yeu-ly-lich-kinh-doanh/\">Mẫu lý lịch ứng viên</a>)</em></strong><br  />			<strong>* Hồ sơ xin việc (Bản in thông thường) bao gồm</strong>:<br  />			- Giấy khám sức khoẻ của cơ quan y tế.<br  />			- Bản sao hộ khẩu (có công chứng)<br  />			- Bản sao giấy khai sinh (có công chứng)<br  />			- Bản sao quá trình học tập (bảng điểm tốt nghiệp), các văn -bằng chứng chỉ (có công chứng)<br  />			- Sơ yếu lý lịch có xác nhận của cơ quan công tác trước đó (nếu có) hoặc xác nhận của chính quyền địa phương nơi bạn đăng ký hộ khẩu thường trú.<br  />			- Thư giới thiệu (nếu có)<br  />			- Ảnh 4x6: 4 chiếc (đã bao gồm 1 chiếc gắn trên sơ yếu lý lịch).<br  />			<br  />			<strong>*Hướng dẫn</strong>:<br  />			- Với bản in của hồ sơ ứng tuyển, ứng viên sẽ phải nộp trước cho Ban tuyển dụng hoặc muộn nhất là mang theo khi có lịch phỏng vấn. Bản in sẽ không được trả lại ngay cả khi ứng viên không đạt yêu cầu.<br  />			- Nếu không thể bố trí thời gian phỏng vấn như sắp xếp của -Ban tuyển dụng, thí sinh cần thông báo ngay để được đổi lịch.<br  />			- Nếu có bất cứ thắc mắc gì bạn có thể liên hệ với Ms. Thu qua email: tuyendung@vinades.vn. Có thể gọi điện theo số điện thoại: 01255723353</td>		</tr>		<tr>			<td style=\"width: 27.66%;\"><strong>Hạn nộp hồ sơ:</strong></td>			<td style=\"width: 72.34%;\">Không hạn chế cho tới khi tuyển đủ.</td>		</tr>		<tr>			<td style=\"width: 27.66%;\"><strong>Hình thức nộp hồ sơ:</strong></td>			<td style=\"width: 72.34%;\">Qua Email</td>		</tr>		<tr>			<td colspan=\"2\" style=\"width:100.0%;\">			<h3>THÔNG TIN LIÊN HỆ</h3>			</td>		</tr>		<tr>			<td style=\"width: 27.66%;\"><strong>Điện thoại liên hệ:</strong></td>			<td style=\"width: 72.34%;\">01255723353- Ms. Thu</td>		</tr>		<tr>			<td style=\"width: 27.66%;\"><strong>Địa chỉ liên hệ:</strong></td>			<td style=\"width: 72.34%;\">Phòng 1706 - Tòa nhà CT2 Nàng Hương, 583 Nguyễn Trãi, Hà Nội.</td>		</tr>		<tr>			<td style=\"width: 27.66%;\"><strong>Email liên hệ:</strong></td><td style=\"width: 72.34%;\">tuyendung@vinades.vn</td></tr></tbody></table>', NULL, '', '', NULL, 2, '', 0, 1, 1, 1),
(9, '', '', '<p>Nếu bạn yêu thích công nghệ, thích kinh doanh hoặc lập trình web và mong muốn trải nghiệm, học hỏi, thậm chí là đi làm ngay từ khi còn ngồi trên ghế nhà trường, hãy tham gia chương trình thực tập sinh tại công ty VINADES.</p><p>Công ty cổ phần phát triển nguồn mở Việt Nam (VINADES.,JSC) là đơn vị chịu trách nhiệm chính trong việc phát triển phần mềm NukeViet và có nhiệm vụ hỗ trợ cộng đồng người dùng NukeViet &#91;<u><a href=\"http://vinades.vn/vi/about/history/\" target=\"_blank\">xem thêm giới thiệu về lịch sử hình thành VINADES</a></u>&#93;. Là công ty được thành lập từ cộng đồng phần mềm nguồn mở, hàng năm công ty dành những vị trí đặc biệt cho các bạn sinh viên được học tập, trải nghiệm, làm việc tại công ty.<br  />&nbsp;</p><h2><b>C</b><b>ác vị trí thực tập</b></h2><ul>	<li><strong>Kinh doanh:</strong> Cổng thông tin doanh nghiệp, Cổng thông tin giáo dục Edu Gate…</li>	<li><strong>Kỹ thuật:</strong> Chuyên viên đồ họa, Lập trình viên…</li></ul><h2><b>Quyền lợi của thực tập sinh</b></h2><ul>	<li>Được&nbsp;tiếp xúc với văn hóa doanh nghiệp, trải nghiệm trong môi trường làm việc chuyên nghiệp, năng động.</li>	<li>Được&nbsp;giao tiếp và học hỏi kiến thức từ những SEO, các lập trình viên chính của đội code NukeViet; qua đó&nbsp;nâng cao không chỉ kỹ năng chuyên môn liên quan đến công việc mà còn các kỹ năng mềm trong quá trình làm việc hàng ngày.</li>	<li>Có cơ hội tìm hiểu, phát triển định hướng của bản thân.</li>	<li>Tham gia các chương trình ngoại khóa, các hoạt động nội bộ của công ty.</li>	<li>Cơ&nbsp;hội được học việc để trở thành nhân viên chính thức nếu có kết quả thực tập tốt.</li>	<li>Thực tập không hưởng lương nhưng có thể được trả thù lao cho một số công việc được giao theo đơn hàng.</li></ul><h2><b>Thời gian làm việc</b></h2><ul>	<li>Toàn thời gian cố định hoặc làm online.</li>	<li>Thời gian làm việc là:&nbsp;8:00 – 17:00, Thứ hai – Thứ sáu</li>	<li>Ngày làm việc và thời gian làm việc có thể thay đổi linh hoạt tùy thuộc vào điều kiện của ứng viên và tình hình thực tế.</li></ul><h2><b>Đối tượng và điều kiện ứng tuyển</b></h2><p>Tất cả các bạn sinh viên năm cuối/mới tốt nghiệp các trường CĐ - ĐH đáp ứng được những yêu cầu sau:</p><ul>	<li>Sinh viên khối ngành kinh tế: yêu thích marketing online, mong muốn thực tập trong lĩnh vực kinh doanh phần mềm.</li>	<li>Sinh viên khối ngành kỹ thuật: yêu thích thiết kế, lập trình web.</li></ul><p>Có kỹ năng giao tiếp và tư duy logic tốt, năng động và ham học hỏi.</p><p>Có máy tính xách tay để làm việc.</p><p>Ưu tiên các ứng viên đam mê phần mềm nguồn mở, đặc biệt là các ứng viên đã từng tham gia và có bài viết diễn đàn NukeViet (<a href=\"http://forum.nukeviet.vn/\">forum.nukeviet.vn</a>).</p><h2><b>Cách thức ứng tuyển</b></h2><p>Gửi bản mềm đơn đăng ký ứng tuyển tới:&nbsp;<a href=\"mailto:tuyendung@vinades.vn\">tuyendung@vinades.vn</a>;</p><p>Tiêu đề mail ghi rõ: &#91;Họ tên&#93; –Ứng tuyển thực tập &#91;Bộ phận ứng tuyển&#93;.</p><p>Ví dụ: Lê Văn Nam –&nbsp;Ứng tuyển thực tập sinh bộ phận đồ họa</p><p>Hồ sơ bản cứng cần chuẩn bị (sẽ gửi sau nếu đạt yêu cầu) gồm:</p><ul>	<li>Giấy khám sức khoẻ của cơ quan y tế</li>	<li>Bản sao giấy khai sinh (có công chứng).</li>	<li>Bản sao quá trình học tập (bảng điểm tốt nghiệp), các văn bằng chứng chỉ (có công chứng) nếu đã tốt nghiệp.</li>	<li>Sơ yếu lý lịch có xác nhận của cơ quan công tác trước đó (nếu có) hoặc xác nhận của chính quyền địa phương nơi bạn đăng ký hộ khẩu thường trú.</li>	<li>Chứng minh thư (photo không cần công chứng).</li>	<li>Thư giới thiệu (nếu có)</li>	<li>Ảnh 4x6: 4 chiếc (đã bao gồm 1 chiếc gắn trên sơ yếu lý lịch).</li></ul><p><br  /><strong>Chi tiết vui lòng tham khảo tại:</strong>&nbsp;<a href=\"http://vinades.vn/vi/news/Tuyen-dung/\" target=\"_blank\">http://vinades.vn/vi/news/Tuyen-dung/</a><br  /><br  /><strong>Mọi thắc mắc vui lòng liên hệ:</strong></p><blockquote><p><strong>Công ty cổ phần phát triển nguồn mở Việt Nam.</strong><br  />Trụ sở chính: Tầng 6, tòa nhà Sông Đà, 131 Trần Phú, Văn Quán, Hà Đông, Hà Nội.<br  /><br  />- Tel: +84-24-85872007 - Fax: +84-24-35500914<br  />- Email:&nbsp;<a href=\"mailto:contact@vinades.vn\">contact@vinades.vn</a>&nbsp;- Website:&nbsp;<a href=\"http://www.vinades.vn/\">http://www.vinades.vn</a></p></blockquote>', NULL, '', '', NULL, 2, '', 0, 1, 1, 1),
(10, '', '', '<p>Công ty cổ phần phát triển nguồn mở Việt Nam (VINADES.,JSC) là đơn vị chịu trách nhiệm chính trong việc phát triển phần mềm NukeViet và có nhiệm vụ hỗ trợ cộng đồng người dùng NukeViet &#91;<u><a href=\"http://vinades.vn/vi/about/history/\" target=\"_blank\">xem thêm giới thiệu về lịch sử hình thành VINADES</a></u>&#93;.</p><p>Nếu bạn yêu thích phần mềm nguồn mở, triết lý của phần mềm tự do nguồn mở hoặc đơn giản là yêu NukeViet, hãy liên hệ ngay để gia nhập công ty VINADES, cùng chúng tôi phát triển NukeViet – Phần mềm nguồn mở Việt Nam – và tạo ra những sản phẩm web tuyệt vời cho cộng đồng.</p><h2><b>Các vị trí nhận học việc</b></h2><ul>	<li><strong>Kinh doanh:</strong> Cổng thông tin doanh nghiệp, Cổng thông tin giáo dục Edu Gate…</li>	<li><strong>Kỹ thuật:</strong> Chuyên viên đồ họa, Lập trình viên…</li></ul><h2><b>Quyền lợi của học viên</b></h2><ul>	<li>Được hưởng trợ cấp ăn trưa.</li>	<li>Được trợ cấp vé gửi xe.</li>	<li>Được hưởng lương khoán theo từng dự án (nếu có).</li>	<li>Được hỗ trợ học phí tham gia các khóa học nâng cao các kỹ năng (nếu có).</li>	<li>Được&nbsp;tiếp xúc với văn hóa doanh nghiệp, trải nghiệm trong môi trường làm việc chuyên nghiệp, năng động.</li>	<li>Được&nbsp;giao tiếp và học hỏi kiến thức từ những SEO, các lập trình viên chính của đội code NukeViet; qua đó&nbsp;nâng cao không chỉ kỹ năng chuyên môn liên quan đến công việc mà còn các kỹ năng mềm trong quá trình làm việc hàng ngày.</li>	<li>Tham gia các chương trình ngoại khóa, các hoạt động nội bộ của công ty.</li>	<li>Cơ&nbsp;hội ưu tiên (không cần qua thử việc) trở thành nhân viên chính thức nếu có kết quả học việc tốt.</li></ul><h2><b>Thời gian làm việc</b></h2><ul>	<li>Toàn thời gian cố định hoặc làm online.</li>	<li>Thời gian làm việc là:&nbsp;8:00 – 17:00, Thứ hai – Thứ sáu</li>	<li>Ngày làm việc và thời gian làm việc có thể thay đổi linh hoạt tùy thuộc vào điều kiện của ứng viên và tình hình thực tế.</li></ul><h2><b>Đối tượng</b></h2><p>Tất cả các bạn sinh viên năm cuối/mới tốt nghiệp các trường CĐ - ĐH đáp ứng được những yêu cầu sau:</p><ul>	<li>Sinh viên khối ngành kinh tế: yêu thích marketing online, mong muốn thực tập trong lĩnh vực kinh doanh phần mềm.</li>	<li>Sinh viên khối ngành kỹ thuật: yêu thích thiết kế, lập trình web.</li></ul><p>Có kỹ năng giao tiếp và tư duy logic tốt, năng động và ham học hỏi.</p><p>Ưu tiên các ứng viên đam mê phần mềm nguồn mở, đặc biệt là các ứng viên đã từng tham gia và có bài viết diễn đàn NukeViet (<a href=\"http://forum.nukeviet.vn/\">forum.nukeviet.vn</a>)</p><h2><b>Điều kiện</b></h2><p>Có máy tính xách tay để làm việc.</p><p>Ứng viên sẽ được ký hợp đồng học việc (có thời hạn cụ thể). Nếu được nhận vào làm việc chính thức, người lao động phải làm ở công ty ít nhất 2 năm, nếu không làm hoặc nghỉ trước thời hạn sẽ phải hoàn lại tiền đào tạo. Chi phí này được tính là 3.000.000 VND</p><p>Nếu được cử đi học, người lao động phải làm ở công ty ít nhất 2 năm, nếu không làm hoặc nghỉ trước thời hạn sẽ phải hoàn lại tiền học phí.</p><p>Thực hiện theo các quy định khác của công ty...</p><h2><b>Cách thức ứng tuyển</b></h2><p>Gửi bản mềm đơn đăng ký ứng tuyển tới:&nbsp;<a href=\"mailto:tuyendung@vinades.vn\">tuyendung@vinades.vn</a>;</p><p>Tiêu đề mail ghi rõ: &#91;Họ tên&#93; –Ứng tuyển học việc&#91;Bộ phận ứng tuyển&#93;;</p><p>Ví dụ: Lê Văn Nam –&nbsp;Ứng tuyển học việc bộ phận đồ họa</p><p>Hồ sơ bản cứng cần chuẩn bị (sẽ gửi sau nếu đạt yêu cầu) gồm:</p><ul>	<li>Giấy khám sức khoẻ của cơ quan y tế</li>	<li>Bản sao giấy khai sinh (có công chứng).</li>	<li>Bản sao quá trình học tập (bảng điểm tốt nghiệp), các văn bằng chứng chỉ (có công chứng) nếu đã tốt nghiệp.</li>	<li>Sơ yếu lý lịch có xác nhận của cơ quan công tác trước đó (nếu có) hoặc xác nhận của chính quyền địa phương nơi bạn đăng ký hộ khẩu thường trú.</li>	<li>Chứng minh thư (photo không cần công chứng).</li>	<li>Thư giới thiệu (nếu có)</li>	<li>Ảnh 4x6: 4 chiếc (đã bao gồm 1 chiếc gắn trên sơ yếu lý lịch).</li></ul><p><br  /><strong>Chi tiết vui lòng tham khảo tại:</strong>&nbsp;<a href=\"http://vinades.vn/vi/news/Tuyen-dung/\" target=\"_blank\">http://vinades.vn/vi/news/Tuyen-dung/</a><br  /><br  /><strong>Mọi thắc mắc vui lòng liên hệ:</strong></p><blockquote><p><strong>Công ty cổ phần phát triển nguồn mở Việt Nam.</strong><br  />Trụ sở chính: Tầng 6, tòa nhà Sông Đà, 131 Trần Phú, Văn Quán, Hà Đông, Hà Nội.<br  /><br  />- Tel: +84-24-85872007 - Fax: +84-24-35500914<br  />- Email:&nbsp;<a href=\"mailto:contact@vinades.vn\">contact@vinades.vn</a>&nbsp;- Website:&nbsp;<a href=\"http://www.vinades.vn/\">http://www.vinades.vn</a></p></blockquote>', NULL, '', '', NULL, 2, '', 0, 1, 1, 1),
(11, '', '', '<div class=\"details-content clearfix\" id=\"bodytext\"><strong>Hướng dẫn thực hiện nhiệm vụ CNTT năm học 2015 - 2016 của Bộ Giáo dục và Đào tạo có gì mới?</strong><br  /><br  />Trong các hướng dẫn thực hiện nhiệm vụ CNTT từ năm 2010 đến nay liên tục chỉ đạo việc đẩy mạnh công tác triển khai sử dụng phần mềm nguồn mở trong nhà trường và các cơ quan quản lý giáo dục. Tuy nhiên Hướng dẫn thực hiện nhiệm vụ CNTT năm học 2015 - 2016 của Bộ Giáo dục và Đào tạo có nhiều thay đổi mạnh mẽ đáng chú ý, đặc biệt việc chỉ đạo triển khai các phần mềm nguồn mở vào trong các cơ sở quản lý giao dục được rõ ràng và cụ thể hơn rất nhiều.<br  /><br  />Một điểm thay đổi đáng chú ý đối với phần mềm nguồn mở, trong đó đã thay hẳn thuật ngữ &quot;phần mềm tự do mã nguồn mở&quot; hoặc &quot;phần mềm mã nguồn mở&quot; thành &quot;phần mềm nguồn mở&quot;, phản ánh xu thế sử dụng thuật ngữ phần mềm nguồn mở đã phổ biến trong cộng đồng nguồn mở thời gian vài năm trở lại đây.<br  /><br  /><strong>NukeViet - Phần mềm nguồn mở Việt - không chỉ được khuyến khích mà đã được hướng dẫn thực thi</strong><br  /><br  />Từ 5 năm trước, thông tư số 08/2010/TT-BGDĐT của Bộ GD&amp;ĐTquy định về sử dụng phần mềm tự do mã nguồn mở trong các cơ sở giáo dục, NukeViet đã được đưa vào danh sách các mã nguồn mở <strong>được khuyến khích sử dụng trong giáo dục</strong>. Tuy nhiên, việc sử dụng chưa được thực hiện một cách đồng bộ mà chủ yếu làm nhỏ lẻ rải rác tại một số trường, Phòng và Sở GD&amp;ĐT.<br  /><br  />Trong Hướng dẫn thực hiện nhiệm vụ CNTT năm học 2015 - 2016 của Bộ Giáo dục và Đào tạo lần này, NukeViet&nbsp; không chỉ được khuyến khích mà đã được hướng dẫn thực thi, không những thế NukeViet còn được đưa vào hầu hết các nhiệm vụ chính, cụ thể:<div><div><div>&nbsp;</div>- <strong>Nhiệm vụ số 5</strong> &quot;<strong>Công tác bồi dưỡng ứng dụng CNTT cho giáo viên và cán bộ quản lý giáo dục</strong>&quot;, mục 5.1 &quot;Một số nội dung cần bồi dưỡng&quot; có ghi &quot;<strong>Tập huấn sử dụng phần mềm nguồn mở NukeViet.</strong>&quot;<br  />&nbsp;</div>- <strong>Nhiệm vụ số 10 &quot;Khai thác, sử dụng và dạy học bằng phần mềm nguồn mở</strong>&quot; có ghi: &quot;<strong>Khai thác và áp dụng phần mềm nguồn mở NukeViet trong giáo dục.&quot;</strong><br  />&nbsp;</div>- Phụ lục văn bản, có trong nội dung &quot;Khuyến cáo khi sử dụng các hệ thống CNTT&quot;, hạng mục số 3 ghi rõ &quot;<strong>Không nên làm website mã nguồn đóng&quot; và &quot;Nên làm NukeViet: phần mềm nguồn mở&quot;.</strong><br  />&nbsp;<div>Hiện giờ văn bản này đã được đăng lên website của Bộ GD&amp;ĐT: <a href=\"http://moet.gov.vn/?page=1.10&amp;view=983&amp;opt=brpage\" target=\"_blank\">http://moet.gov.vn/?page=1.10&amp;view=983&amp;opt=brpage</a></div><p><br  />Hoặc có thể tải về tại đây: <a href=\"http://vinades.vn/vi/download/van-ban-luat/Huong-dan-thuc-hien-nhiem-vu-CNTT-nam-hoc-2015-2016/\" target=\"_blank\">http://vinades.vn/vi/download/van-ban-luat/Huong-dan-thuc-hien-nhiem-vu-CNTT-nam-hoc-2015-2016/</a></p><blockquote><p><em>Trên cơ sở hướng dẫn của Bộ GD&amp;ĐT, Công ty cổ phần phát triển nguồn mở Việt Nam và các doanh nghiệp phát triển NukeViet trong cộng đồng NukeViet đang tích cực công tác hỗ trợ cho các phòng GD&amp;ĐT, Sở GD&amp;ĐT triển khai 2 nội dung chính: Hỗ trợ công tác đào tạo tập huấn hướng dẫn sử dụng NukeViet và Hỗ trợ triển khai NukeViet cho các trường, Phòng và Sở GD&amp;ĐT.<br  /><br  />Các Phòng, Sở GD&amp;ĐT có nhu cầu có thể xem thêm thông tin chi tiết tại đây: <a href=\"http://vinades.vn/vi/news/thong-cao-bao-chi/Ho-tro-trien-khai-dao-tao-va-trien-khai-NukeViet-cho-cac-Phong-So-GD-DT-264/\" target=\"_blank\">Hỗ trợ triển khai đào tạo và triển khai NukeViet cho các Phòng, Sở GD&amp;ĐT</a></em></p></blockquote></div>', NULL, '', '', NULL, 2, '', 0, 1, 1, 1),
(12, '', '', '<div class=\"details-content clearfix\" id=\"bodytext\"><span style=\"font-size:16px;\"><strong>Hỗ trợ công tác đào tạo tập huấn hướng dẫn sử dụng phần mềm nguồn mở NukeViet</strong></span><br  /><br  />Công tác hỗ trợ công tác đào tạo tập huấn hướng dẫn sử dụng phần mềm nguồn mở NukeViet sẽ được thực hiện bởi đội ngũ chuyên gia giàu kinh nghiệm về NukeViet được tuyển chọn từ lực lượng lập trình viên, chuyên viên kỹ thuật hiện đang tham gia phát triển và hỗ trợ về NukeViet từ Ban Quản Trị NukeViet và Công ty cổ phần phát triển nguồn mở Việt Nam và các đối tác thuộc Liên minh phần mềm giáo dục nguồn mở NukeViet.<br  /><br  />Với kinh nghiệm tập huấn đã được tổ chức thành công cho nhiều Phòng giáo dục và đào tạo, các chuyên gia về NukeViet sẽ giúp chuyển giao giáo trình, chương trình, kịch bản đào tạo cho các Phòng, Sở GD&amp;ĐT; hỗ trợ các giáo viên và cán bộ quản lý giáo dục sử dụng trong suốt thời gian sau đào tạo.<br  /><br  />Đặc biệt, đối với các đơn vị sử dụng NukeViet làm website và cổng thông tin đồng bộ theo quy mô cấp Phòng và Sở, cán bộ tập huấn của NukeViet sẽ có nhiều chương trình hỗ trợ khác như chương trình thi đua giữa các website sử dụng NukeViet trong cùng đơn vị cấp Phòng, Sở và trên toàn quốc; Chương trình báo cáo và giám sát và xếp hạng website hàng tháng; Chương trình tập huấn nâng cao trình độ sử dụng NukeViet hàng năm cho giáo viên và cán bộ quản lý giáo dục đang thực hiện công tác quản trị các hệ thống sử dụng nền tảng NukeViet.<br  /><br  /><span style=\"font-size:16px;\"><strong>Hỗ trợ triển khai NukeViet cho các trường, Phòng và Sở GD&amp;ĐT</strong></span><br  /><br  />Nhằm hỗ trợ triển khai NukeViet cho các trường, Phòng và Sở GD&amp;ĐT một cách toàn diện, đồng bộ và tiết kiệm, hiện tại, Liên minh phần mềm nguồn mở giáo dục NukeViet chuẩn bị ra mắt. Liên minh này do Công ty cổ phần phát triển nguồn mở Việt Nam đứng dầu và thực hiện việc điều phối công các hỗ trợ và phối hợp giữa các đơn vị trên toàn quốc. Thành viên của liên minh là các doanh nghiệp cung cấp sản phẩm và dịch vụ phần mềm hỗ trợ cho giáo dục (kể cả những đơn vị chỉ tham gia lập trình và những đơn vị chỉ tham gia khai thác thương mại). Liên minh sẽ cùng nhau làm việc để xây dựng một hệ thống phần mềm thống nhất cho giáo dục, có khả năng liên thông và kết nối với nhau, hoàn toàn dựa trên nền tảng phần mềm nguồn mở. Liên minh cũng hỗ trợ và phân phối phần mềm cho các đơn vị làm phần mềm trong ngành giáo dục với mục tiêu là tiết kiệm tối đa chi phí trong khâu thương mại, mang tới cơ hội cho các đơn vị làm phần mềm giáo dục mà không cần phải lo lắng về việc phân phối phần mềm. Các doanh nghiệp quan tâm đến cơ hội kinh doanh bằng phần mềm nguồn mở, muốn tìm hiểu và tham gia liên minh có thể đăng ký tại đây: <a href=\"http://edu.nukeviet.vn/lienminh-dangky.html\" target=\"_blank\">http://edu.nukeviet.vn/lienminh-dangky.html</a><br  /><br  />Liên minh phần mềm nguồn mở giáo dục NukeViet đang cung cấp giải pháp cổng thông tin chuyên dùng cho phòng và Sở GD&amp;ĐT (NukeViet Edu Gate) cung cấp dưới dạng dịch vụ công nghệ thông tin (theo mô hình của <a href=\"http://vinades.vn/vi/download/van-ban-luat/Quyet-dinh-80-ve-thue-dich-vu-CNTT/\" target=\"_blank\">Quyết định số 80/2014/QĐ-TTg của Thủ tướng Chính phủ</a>) có thể hỗ trợ cho các trường, Phòng và Sở GD&amp;ĐT triển khai NukeViet ngay lập tức.<br  /><br  />Giải pháp cổng thông tin chuyên dùng cho phòng và Sở GD&amp;ĐT (NukeViet Edu Gate) có tích hợp website các trường (liên thông 3 cấp: trường - phòng - sở) cho phép tích hợp hàng ngàn website của các trường cùng nhiều dịch vụ khác trên cùng một hệ thống giúp tiết kiệm chi phí đầu tư, chi phí triển khai và bảo trì hệ thống bởi toàn bộ hệ thống được vận hành bằng một phần mềm duy nhất. Ngoài giải pháp cổng thông tin giáo dục tích hợp, Liên minh phần mềm nguồn mở giáo dục NukeViet cũng đang phát triển một số&nbsp;sản phẩm phần mềm dựa trên phần mềm nguồn mở NukeViet và sẽ sớm ra mắt trong thời gian tới.<div><br  />Hiện nay,&nbsp;NukeViet Edu Gate cũng&nbsp;đã được triển khai rộng rãi và nhận được sự ủng hộ của&nbsp;nhiều Phòng, Sở GD&amp;ĐT trên toàn quốc.&nbsp;Các phòng, sở GD&amp;ĐT quan tâm đến giải pháp NukeViet Edu Gate có thể truy cập&nbsp;<a href=\"http://edu.nukeviet.vn/\" target=\"_blank\">http://edu.nukeviet.vn</a>&nbsp;để tìm hiểu thêm hoặc liên hệ:<br  /><br  /><span style=\"font-size:14px;\"><strong>Liên minh phần mềm nguồn mở giáo dục NukeViet</strong></span><br  />Đại diện: <strong>Công ty cổ phần phát triển nguồn mở Việt Nam (VINADES.,JSC)</strong><br  /><strong>Địa chỉ</strong>: Tầng 6, tòa nhà Sông Đà, 131 Trần Phú, Văn Quán, Hà Đông, Hà Nội<br  /><strong>Email</strong>: contact@vinades.vn, Tel: 024-85872007, <strong>Fax</strong>: 024-35500914,<br  /><strong>Hotline</strong>: 0904762534 (Mr. Hùng), 0936226385 (Ms. Ngọc),&nbsp;<span style=\"color: rgb(38, 38, 38); font-family: arial, sans-serif; font-size: 13px; line-height: 16px;\">0904719186 (Mr. Hậu)</span><br  />Các Phòng GD&amp;ĐT, Sở GD&amp;ĐT có thể đăng ký tìm hiểu, tổ chức hội thảo, tập huấn, triển khai NukeViet trực tiếp tại đây: <a href=\"http://edu.nukeviet.vn/dangky.html\" target=\"_blank\">http://edu.nukeviet.vn/dangky.html</a><br  /><br  /><span style=\"font-size:16px;\"><strong>Tìm hiểu về phương thức chuyển đổi các hệ thống website cổng thông tin sang NukeViet theo mô hình tích hợp liên thông từ trưởng, lên Phòng, Sở GD&amp;ĐT:</strong></span><br  /><br  />Đối với các Phòng, Sở GD&amp;ĐT, trường Nầm non, tiểu học, THCS, THPT... chưa có website, Liên minh phần mềm nguồn mở giáo dục NukeViet sẽ hỗ trợ triển khai NukeViet theo mô hình cổng thông tin liên cấp như quy định tại <a href=\"http://vinades.vn/vi/download/van-ban-luat/Thong-tu-quy-dinh-ve-ve-to-chuc-hoat-dong-su-dung-thu-dien-tu/\" target=\"_blank\">thông tư số <strong>53/2012/TT-BGDĐT</strong> của Bộ GD&amp;ĐT</a> ban hành ngày 20-12-2012 quy định về quy định về về tổ chức hoạt động, sử dụng thư điện tử và cổng thông tin điện tử tại sở giáo dục và đào tạo, phòng giáo dục và đào tạo và các cơ sở GDMN, GDPT và GDTX.<br  /><br  />Trường hợp các đơn vị có website và đang sử dụng NukeViet theo dạng rời rạc thì việc chuyển đổi và tích hợp các website NukeViet rời rạc vào NukeViet Edu Gate của Phòng và Sở có thể thực hiện dễ dàng và giữ nguyên toàn bộ dữ liệu.<br  /><br  />Trường hợp các đơn vị có website và nhưng không sử dụng NukeViet cũng có thể chuyển đổi sang sử dụng NukeViet để hợp nhất vào hệ thống cổng thông tin giáo dục cấp Phòng, Sở. Tuy nhiên mức độ và tỉ lệ dữ liệu được chuyển đổi thành công sẽ phụ thuộc vào tình hình thực tế của từng website.</div></div>', NULL, '', '', NULL, 2, '', 0, 1, 1, 1),
(13, '', '', '<p dir=\"ltr\">Trải qua hơn 10 năm phát triển, từ một mã nguồn chỉ mang tính cá nhân, NukeViet đã phát triển thành công theo hướng cộng đồng. Năm 2010, NukeViet 3 ra đời đánh dấu một mốc lớn trong quá trình đi lên của NukeViet, phát triển theo hướng chuyên nghiệp với sự hậu thuẫn của Công ty cổ phần phát triển nguồn mở Việt Nam (VINADES.,JSC). NukeViet 3 đã và được sử dụng rộng rãi trong cộng đồng, từ các cổng thông tin tổ chức, hệ thống giáo dục, cho đến các website cá nhân, thương mại, mang lại các trải nghiệm vượt trội của mã nguồn thương hiệu Việt so với các mã nguồn nổi tiếng khác trên thế giới.<br  /><br  />Năm 2016, NukeViet 4 ra đời được xem là một cuộc cách mạng lớn trong chuỗi sự kiện phát triển NukeViet, cũng như xu thế công nghệ hiện tại. Hệ thống gần như được đổi mới hoàn toàn từ nhân hệ thống đến giao diện, nâng cao đáng kể hiệu suất và trải nghiệm người dùng.<br  /><br  /><span style=\"line-height: 1.6;\"><strong>Dưới đây là một số thay đổi của NukeViet 4.</strong></span><br  /><strong><span style=\"line-height: 1.6;\">Các thay đổi từ nhân hệ thống:</span></strong></p><ul>	<li dir=\"ltr\">	<p dir=\"ltr\"><strong>Các công nghệ mới được áp dụng.</strong></p>	<ul>		<li dir=\"ltr\">		<p dir=\"ltr\">Sử dụng composer để quản lý các thư viện PHP được cài vào hệ thống.</p>		</li>		<li dir=\"ltr\">		<p dir=\"ltr\">Từng bước áp dụng &nbsp;các tiêu chuẩn viết code PHP theo khuyến nghị của <a href=\"http://www.php-fig.org/psr/\">http://www.php-fig.org/psr/</a></p>		</li>		<li dir=\"ltr\">		<p dir=\"ltr\">Sử dụng PDO để thay cho extension MySQL.</p>		</li>	</ul>	</li></ul><ul>	<li dir=\"ltr\">	<p dir=\"ltr\"><strong>Tăng cường khả năng bảo mật</strong></p>	<ul>		<li dir=\"ltr\">		<p dir=\"ltr\">Sau khi các chuyên giả bảo mật của HP gửi đánh giá, chúng tôi đã tối ưu NukeViet 4.0 để hệ thống an toàn hơn.</p>		</li>		<li dir=\"ltr\">		<p dir=\"ltr\">Mã hóa các mật khẩu lưu trữ trong hệ thống: Các mật khẩu như FTP, SMTP,... đã được mã hóa, bảo mật thông tin người dùng.</p>		</li>	</ul>	</li></ul><ul>	<li dir=\"ltr\">	<p dir=\"ltr\"><strong>Tối ưu SEO:</strong></p>	<ul>		<li dir=\"ltr\">		<p dir=\"ltr\">SEO được xem là một trong những ưu tiên hàng đầu được phát triển trong phiên bản này. NukeViet 4 tập trung tối ưu hóa SEO Onpage mạnh mẽ. Các công cụ hỗ trợ SEO được tập hợp lại qua module “Công cụ SEO”. Các chức năng được thêm mới:</p>		<ul>			<li dir=\"ltr\">			<p dir=\"ltr\">Loại bỏ tên module khỏi URL khi không dùng đa ngôn ngữ</p>			</li>			<li dir=\"ltr\">			<p dir=\"ltr\">Cho phép đổi đường dẫn module</p>			</li>			<li dir=\"ltr\">			<p dir=\"ltr\">Thêm chức năng xác thực Google+ (Bản quyền tác giả)</p>			</li>			<li dir=\"ltr\">			<p dir=\"ltr\">Thêm chức năng ping đến các công cụ tìm kiếm: Submit url mới đến google để việc hiển thị bài viết mới lên kết quả tìm kiếm nhanh chóng hơn.</p>			</li>			<li dir=\"ltr\">			<p dir=\"ltr\">Hỗ trợ Meta OG của facebook</p>			</li>			<li dir=\"ltr\">			<p dir=\"ltr\">Hỗ trợ chèn Meta GEO qua Cấu hình Meta-Tags</p>			</li>		</ul>		</li>		<li dir=\"ltr\">		<p dir=\"ltr\">Cùng với đó, các module cũng được tối ưu hóa bằng các form hỗ trợ khai báo tiêu đề, mô tả (description), từ khóa (keywods) cho từng khu vực, từng trang. &nbsp;</p>		</li>		<li dir=\"ltr\">		<p dir=\"ltr\">Với sự hỗ trợ tối đa này, người quản trị (admin) có thể tùy biến lại website theo phong cách SEO riêng biệt.</p>		</li>	</ul>	</li>	<li dir=\"ltr\">	<p dir=\"ltr\"><strong>Thay đổi giao diện, sử dụng giao diện tuỳ biến</strong></p>	<ul>		<li dir=\"ltr\">		<p dir=\"ltr\">Giao diện trong NukeViet 4 được làm mới, tương thích với nhiều màn hình hơn.</p>		</li>		<li dir=\"ltr\">		<p dir=\"ltr\">Sử dụng thư viện bootstrap để việc phát triển giao diện thống nhất và dễ dàng hơn.</p>		</li>	</ul>	</li>	<li dir=\"ltr\">	<p dir=\"ltr\"><strong>Hệ thống nhận thông báo:&nbsp;</strong><span style=\"line-height: 1.6;\">Có thể gọi đây là một tiện ích nhỏ, song nó rất hữu dụng để admin tương tác với hệ thống một cách nhanh chóng. Admin có thể nhận thông báo từ hệ thống (hoặc từ module) khi có sự kiện nào đó.</span></p>	</li></ul><p dir=\"ltr\" style=\"margin-left: 40px;\"><strong>Ví dụ:</strong> Khi có khách gửi liên hệ (qua module contact) đến thì hệ thống xuất hiện biểu tượng thông báo “Có liên hệ mới” ở góc phải, Admin sẽ nhận được ngay lập tức thông báo khi người dùng đang ở Admin control panel (ACP).</p><ul>	<li dir=\"ltr\">	<p dir=\"ltr\"><strong>Thay đổi cơ chế quản lý block:</strong></p>	<ul>		<li dir=\"ltr\">		<p dir=\"ltr\">Nhận thấy việc hiển thị block ở lightbox trong NukeViet 3 dẫn đến một số bất tiện trong quá trình quản lý, NukeViet 4 đã thay thế cách hiển thị này ở dạng cửa sổ popup. Dễ nhận thấy sự thay đổi này khi admin thêm (hoặc sửa) một block nào đó.</p>		</li>		<li dir=\"ltr\">		<p dir=\"ltr\">“Cấu hình hiển thị block trên các thiết bị” cũng được đưa vào phần cấu hình block, admin có thể tùy chọn cho phép block hiển thị trên các thiết bị nào (tất cả thiết bị, thiết bị di động, máy tính bảng, thiết bị khác).<span style=\"line-height: 1.6;\">&nbsp;</span></p>		</li>	</ul>	</li></ul><ul>	<li dir=\"ltr\">	<p dir=\"ltr\"><strong>Thêm ngôn ngữ tiếng Pháp:</strong> website cài đặt mới có sẵn 3 ngôn ngữ mặc định là Việt, Anh và Pháp.</p>	</li></ul><p dir=\"ltr\"><strong>Các thay đổi của module:</strong></p><ul>	<li dir=\"ltr\">	<p dir=\"ltr\"><strong>Module menu:</strong></p>	<ul>		<li dir=\"ltr\">		<p dir=\"ltr\">Phương án quản lý menu được thay đổi hướng tới việc quản lý menu nhanh chóng, tiện lợi nhất cho admin. Admin có thể nạp nhanh menu theo các tùy chọn mà hệ thống cung cấp.</p>		</li>		<li dir=\"ltr\">		<p dir=\"ltr\">Mẫu menu cũng được thay đổi, đa dạng và hiển thị tốt với các giao diện hiện đại.</p>		</li>	</ul>	</li>	<li dir=\"ltr\">	<p dir=\"ltr\"><strong>Module contact (Liên hệ):</strong></p>	<ul>		<li dir=\"ltr\">		<p dir=\"ltr\">Bổ sung các trường thông tin về bộ phận (Điện thoại, fax, email, các trường liên hệ khác,...).</p>		</li>		<li dir=\"ltr\">		<p dir=\"ltr\">Admin có thể trả lời khách nhiều lần, hệ thống lưu lại lịch sử trao đổi đó.</p>		</li>	</ul>	</li>	<li dir=\"ltr\">	<p dir=\"ltr\"><strong>Module users (Tài khoản):</strong></p>	<ul>		<li dir=\"ltr\">		<p dir=\"ltr\">Thay thế OpenID bằng thư viện OAuth - hỗ trợ tích hợp đăng nhập qua tài khoản mạng xã hội</p>		</li>		<li dir=\"ltr\">		<p dir=\"ltr\">Cho phép đăng nhập 1 lần tài khoản người dùng NukeViet với Alfresco, Zimbra, Moodle, Koha</p>		</li>		<li dir=\"ltr\">		<p dir=\"ltr\">Thêm chức năng tùy biến trường dữ liệu thành viên</p>		</li>		<li dir=\"ltr\">		<p dir=\"ltr\">Thêm chức năng phân quyền sử dụng module users</p>		</li>		<li dir=\"ltr\">		<p dir=\"ltr\">Thêm cấu hình: Số ký tự username, độ phức tạp mật khẩu, tạo mật khảu ngẫu nhiên,....</p>		</li>		<li dir=\"ltr\">		<p dir=\"ltr\">Cho phép sử dụng tên truy cập, hoặc email để đăng nhập</p>		</li>	</ul>	</li>	<li dir=\"ltr\">	<p dir=\"ltr\"><strong>Module about:</strong></p>	<ul>		<li dir=\"ltr\">		<p dir=\"ltr\">Module about ở NukeViet 3 được đổi tên thành module page</p>		</li>		<li dir=\"ltr\">		<p dir=\"ltr\">Thêm các cấu hình hỗ trợ SEO: Ảnh minh họa, chú thích ảnh minh họa, mô tả, từ khóa cho bài viết, hiển thị các công cụ tương tác với các mạng xã hội.</p>		</li>		<li dir=\"ltr\">		<p dir=\"ltr\">Thêm RSS</p>		</li>		<li dir=\"ltr\">		<p dir=\"ltr\">Cấu hình phương án hiển thị các bài viết trên trang chính</p>		</li>	</ul>	</li>	<li dir=\"ltr\">	<p dir=\"ltr\"><strong>Module news (Tin tức):</strong></p>	<ul>		<li dir=\"ltr\">		<p dir=\"ltr\">Thêm phân quyền cho người quản lý module, đến từng chủ đề</p>		</li>		<li dir=\"ltr\">		<p dir=\"ltr\">Thay đổi phương án lọc từ khóa bài viết, lọc từ khóa theo các từ khóa đã có trong tags thay vì đọc từ từ điển.</p>		</li>		<li dir=\"ltr\">		<p dir=\"ltr\">Bổ sung các trạng thái bài viết</p>		</li>		<li dir=\"ltr\">		<p dir=\"ltr\">Thêm cấu hình mặc định hiển thị ảnh minh họa trên trang xem chi tiết bài viết</p>		</li>		<li dir=\"ltr\">		<p dir=\"ltr\">Thêm các công cụ tương tác với mạng xã &nbsp;hội.</p>		</li>	</ul>	</li></ul><p dir=\"ltr\"><strong>Quản lý Bình luận</strong></p><ul>	<li dir=\"ltr\">	<p dir=\"ltr\">Các bình luận của các module sẽ được tích hợp quản lý tập trung để cấu hình.</p>	</li>	<li dir=\"ltr\">Khi xây dựng mới module, Chỉ cần nhúng 1 đoạn mã vào. Tránh phải việc copy mã code gây khó khăn cho bảo trì.</li></ul>', NULL, '', '', NULL, 2, '', 0, 1, 1, 1),
(14, '', '', '<strong>Hệ thống:</strong><br  />- Sửa code theo khuyến nghị của codacy: https://www.codacy.com/app/nukeviet/nukeviet/dashboard<br  />- Cải thiện an ninh hệ thống theo đánh giá của các phần mềm bảo mật OWASP ZAP 2.6<br  />- Cải tiến chức năng Rewrite<br  />- Thêm tính năng bật tắt sitemap cho các module<br  />- Thêm link hướng dẫn sử dụng website dẫn tới từng chức năng tại https://wiki.nukeviet.vn/<br  />- Cập nhật trình soạn thảo&nbsp; CKEditor 4.7.1 để hỗ trợ việc copy nội dung từ Word, Excel, Hỗ trợ việc kéo thả ảnh, file từ máy tính vào trình soạn thảo tốt hơn: http://ckeditor.com/blog/CKEditor-4.7-released<br  />- Tích hợp thêm <a href=\\\"https://nukeviet.vn/vi/news/Tin-tuc/nukeviet-4-1-se-ho-tro-redis-de-cache-435.html\\\">Redis để cache</a> cho hệ thống<br  /><br  /><strong>Module Tài khoản:</strong><br  />- Tùy biến các trường hệ thống của module users giúp quản trị có thể cho ẩn/hiện khi đăng ký và đổi tên các trường này.<br  />- Thêm chức năng&nbsp; xác thực hai bước cho từng nhóm thành viên, Cấu hình yêu cầu xác thực hai bước cho từng nhóm thành viên.<br  />- Tích hợp reCAPTCHA<br  /><br  /><strong>Module Tin tức:</strong><br  />- Thêm cấu hình có bật tính năng copy bài viết, để dùng module này đăng cái bài viết có cạc trình bày tương tự nhau.<br  />- Cải thiện tính năng cho bài viết Facebook Instant Articles<br  />- Cảnh báo tránh cùng&nbsp; một lúc nhiều người sửa bài viết.<br  /><br  /><strong>Module banners</strong><br  />- Bỏ phần quản lý khách hàng tại quảng cáo, chuyển sang dùng tài khoản chung của site<br  />- Phần cấu hình khối quảng cáo được viết lại để cấu hình nhóm&nbsp; thành viên được đăng quảng cáo ngoài site, sau đó quản trị duyệt lại quảng cáo để hiển thị ngoài site.<br  />- Thêm cấu hình về thời gian chung áp dụng cho quảng cáo theo khối.<br  />- Sửa lại link quản cáo để tránh các click ảo.<br  />- Sửa hiển thị quản lý quảng cáo để tiện quản lý hơn.<br  /><br  />Và nhiều cập nhật sửa lỗi khác, xem chi tiết tại: https://github.com/nukeviet/nukeviet/blob/develop/CHANGELOG.txt<br  />', NULL, '', 'https://nukeviet.vn/vi/news/Tin-tuc/nukeviet-4-2-co-gi-moi-505.html', NULL, 2, '', 0, 1, 1, 1),
(15, '', '', '<strong>Hệ thống:</strong><br  />- Thay đổi phần quản lý block để dễ dùng hơn khi module có quá nhiều chức năng.<br  />- Thêm các tham số cấu hình&nbsp; SSL cho&nbsp; SMTP<br  />- Module Upload: Thêm cấu hình có thể chia nhỏ các file khi upload để có thể upload<br  />- Plugin:Thêm vị trí chạy sau khi thực hiện module, cải tiến mỗi Plugin sẽ chạy được ở các vị trí nhất định theo người lập trình quy định.<br  />- Tích hợp thêm thư viện PDF.js<br  />- Thêm tính năng xuất dữ liệu mẫu để khi tiết hành cài đặt có thể dựng luôn site hoàn chỉnh tường tự như cài đặt NukeViet eGovernment<br  /><br  /><strong>Module comment: </strong><br  />- Cho phép cấu hình có sử dụng trình soạn thảo ở phần bình luận hay không.<br  />- Cho phép cấu hình có sử dụng file đính kèm ở phần bình luận hay không.<br  />- Module news: Allow deactive category, allow search for locked posts, Allows attaching files to posts<br  />- Config module display on admin index for authors<br  />&nbsp;<br  /><strong>Module Tài khoản:</strong><br  />- Module users: Allowed to delete and change status multiple account, fix block login, update Openid icon, fix sort groups, fix delete group<br  />- Người điều hành chung của site có thể cấu hình 1 số thông số. (Lúc trước chỉ quản trị tối cao mới cấu hình được)<br  />- Với mỗi tài khoản quản trị, có thể chọn module mặc định sau khi đăng nhập quản trị.<br  /><br  /><strong>Module Tin tức:</strong><br  />-&nbsp; Thay đổi chức năng quản lý chủ đề có thể: Hiển thị trên trang chủ, không hiển thị trên trang chủ hoặc Khóa chủ đề.<br  />-&nbsp; Cho phép đính kèm file vào các bài viết (Không cần thông qua trình soạn thảo)<br  />- Thêm tính năng sắp xếp các bài viết.<br  />- Cho phép cấu hình layout khi xem chi tiết bài viết (Tưong tự module page đã có trước)<br  /><br  /><strong>Module page</strong><br  />-&nbsp; Thêm cấu hình alias lower khi thêm bài viết mới.<br  /><br  />Và nhiều cập nhật sửa lỗi khác, xem chi tiết tại: <a href=\"https://github.com/nukeviet/nukeviet/blob/develop/CHANGELOG.txt\">https://github.com/nukeviet/nukeviet/blob/develop/CHANGELOG.txt</a>', NULL, '', 'https://nukeviet.vn/vi/news/Tin-tuc/nukeviet-4-3-co-gi-moi-540.html', NULL, 2, '', 0, 1, 1, 1);

-- --------------------------------------------------------

--
-- Table structure for table `nv4_vi_news_logs`
--

CREATE TABLE `nv4_vi_news_logs` (
  `id` mediumint(8) UNSIGNED NOT NULL,
  `sid` mediumint(8) NOT NULL DEFAULT 0,
  `userid` mediumint(8) UNSIGNED NOT NULL DEFAULT 0,
  `log_key` varchar(60) NOT NULL DEFAULT '' COMMENT 'Khóa loại log, tùy vào lập trình',
  `status` tinyint(4) NOT NULL DEFAULT 0,
  `note` varchar(255) NOT NULL DEFAULT '',
  `set_time` int(11) UNSIGNED NOT NULL DEFAULT 0
) ENGINE=MyISAM DEFAULT CHARSET=utf8mb4 COLLATE=utf8mb4_unicode_ci;

-- --------------------------------------------------------

--
-- Table structure for table `nv4_vi_news_rows`
--

CREATE TABLE `nv4_vi_news_rows` (
  `id` int(11) UNSIGNED NOT NULL,
  `catid` smallint(5) UNSIGNED NOT NULL DEFAULT 0,
  `listcatid` varchar(255) NOT NULL DEFAULT '',
  `topicid` smallint(5) UNSIGNED NOT NULL DEFAULT 0,
  `admin_id` mediumint(8) UNSIGNED NOT NULL DEFAULT 0,
  `author` varchar(250) DEFAULT '',
  `sourceid` mediumint(8) NOT NULL DEFAULT 0,
  `addtime` int(11) UNSIGNED NOT NULL DEFAULT 0,
  `edittime` int(11) UNSIGNED NOT NULL DEFAULT 0,
  `status` tinyint(4) NOT NULL DEFAULT 1,
  `weight` int(11) UNSIGNED NOT NULL DEFAULT 0,
  `publtime` int(11) UNSIGNED NOT NULL DEFAULT 0,
  `exptime` int(11) UNSIGNED NOT NULL DEFAULT 0,
  `archive` tinyint(1) UNSIGNED NOT NULL DEFAULT 0,
  `title` varchar(250) NOT NULL DEFAULT '',
  `alias` varchar(250) NOT NULL DEFAULT '',
  `hometext` text NOT NULL,
  `homeimgfile` varchar(255) DEFAULT '',
  `homeimgalt` varchar(255) DEFAULT '',
  `homeimgthumb` tinyint(4) NOT NULL DEFAULT 0,
  `inhome` tinyint(1) UNSIGNED NOT NULL DEFAULT 0,
  `allowed_comm` varchar(255) DEFAULT '',
  `allowed_rating` tinyint(1) UNSIGNED NOT NULL DEFAULT 0,
  `external_link` tinyint(1) UNSIGNED NOT NULL DEFAULT 0,
  `hitstotal` mediumint(8) UNSIGNED NOT NULL DEFAULT 0,
  `hitscm` mediumint(8) UNSIGNED NOT NULL DEFAULT 0,
  `total_rating` int(11) NOT NULL DEFAULT 0,
  `click_rating` int(11) NOT NULL DEFAULT 0,
  `instant_active` tinyint(1) NOT NULL DEFAULT 0,
  `instant_template` varchar(100) NOT NULL DEFAULT '',
  `instant_creatauto` tinyint(1) NOT NULL DEFAULT 0
) ENGINE=MyISAM DEFAULT CHARSET=utf8mb4 COLLATE=utf8mb4_unicode_ci;

--
-- Dumping data for table `nv4_vi_news_rows`
--

INSERT INTO `nv4_vi_news_rows` (`id`, `catid`, `listcatid`, `topicid`, `admin_id`, `author`, `sourceid`, `addtime`, `edittime`, `status`, `weight`, `publtime`, `exptime`, `archive`, `title`, `alias`, `hometext`, `homeimgfile`, `homeimgalt`, `homeimgthumb`, `inhome`, `allowed_comm`, `allowed_rating`, `external_link`, `hitstotal`, `hitscm`, `total_rating`, `click_rating`, `instant_active`, `instant_template`, `instant_creatauto`) VALUES
(1, 1, '1,5,7', 0, 1, 'Quỳnh Nhi', 1, 1274989177, 1275318126, 1, 1, 1274989140, 0, 2, 'Ra mắt công ty mã nguồn mở đầu tiên tại Việt Nam', 'Ra-mat-cong-ty-ma-nguon-mo-dau-tien-tai-Viet-Nam', 'Mã nguồn mở NukeViet vốn đã quá quen thuộc với cộng đồng CNTT Việt Nam trong mấy năm qua. Tuy chưa hoạt động chính thức, nhưng chỉ trong khoảng 5 năm gần đây, mã nguồn mở NukeViet đã được dùng phổ biến ở Việt Nam, áp dụng ở hầu hết các lĩnh vực, từ tin tức đến thương mại điện tử, từ các website cá nhân cho tới những hệ thống website doanh nghiệp.', 'nangly.jpg', 'Thành lập VINADES.,JSC', 1, 1, '6', 1, 0, 2, 0, 0, 0, 0, '', 0),
(2, 7, '1,7', 0, 1, 'Nguyễn Thế Hùng', 7, 1453192444, 1453192444, 1, 12, 1453192444, 0, 2, 'Hãy trở thành nhà cung cấp dịch vụ của NukeViet&#33;', 'hay-tro-thanh-nha-cung-cap-dich-vu-cua-nukeviet', 'Nếu bạn là công ty hosting, là công ty thiết kế web có sử dụng mã nguồn NukeViet, là cơ sở đào tạo NukeViet hay là công ty bất kỳ có kinh doanh dịch vụ liên quan đến NukeViet... hãy cho chúng tôi biết thông tin liên hệ của bạn để NukeViet hỗ trợ bạn trong công việc kinh doanh nhé!', 'hoptac.jpg', '', 1, 1, '6', 1, 0, 13, 0, 0, 0, 0, '', 0),
(3, 4, '4', 0, 1, 'Phạm Quốc Tiến', 2, 1453192400, 1453192400, 1, 11, 1453192400, 0, 2, 'Tuyển dụng lập trình viên PHP phát triển NukeViet', 'Tuyen-dung-lap-trinh-vien-PHP', 'Bạn đam mê nguồn mở? Bạn đang cần tìm một công việc phù hợp với thế mạnh của bạn về PHP và MySQL? Hãy gia nhập VINADES.,JSC để xây dựng mã nguồn mở hàng đầu cho Việt Nam.', 'tuyendung-kythuat.jpg', 'Tuyển dụng', 1, 1, '6', 1, 0, 0, 0, 0, 0, 0, '', 0),
(4, 4, '4', 0, 1, 'Phạm Quốc Tiến', 0, 1445391089, 1445394192, 1, 5, 1445391060, 0, 2, 'Tuyển dụng chuyên viên đồ hoạ phát triển NukeViet', 'Tuyen-dung-chuyen-vien-do-hoa', 'Bạn đam mê nguồn mở? Bạn là chuyên gia đồ họa? Chúng tôi sẽ giúp bạn hiện thực hóa ước mơ của mình với một mức lương đảm bảo. Hãy gia nhập VINADES.,JSC để xây dựng mã nguồn mở hàng đầu cho Việt Nam.', 'tuyendung-kythuat.jpg', 'Tuyển dụng', 1, 1, '6', 1, 0, 0, 0, 0, 0, 0, '', 0),
(5, 4, '4', 0, 1, 'Phạm Quốc Tiến', 0, 1445391090, 1445394193, 1, 6, 1445391060, 0, 2, 'Tuyển dụng lập trình viên front-end (HTML/CSS/JS) phát triển NukeViet', 'Tuyen-dung-lap-trinh-vien-front-end-HTML-CSS-JS', 'Bạn đam mê nguồn mở? Bạn đang cần tìm một công việc phù hợp với thế mạnh của bạn về front-end (HTML/CSS/JS)? Hãy gia nhập VINADES.,JSC để xây dựng mã nguồn mở hàng đầu cho Việt Nam.', 'tuyendung-kythuat.jpg', 'Tuyển dụng', 1, 1, '6', 1, 0, 0, 0, 0, 0, 0, '', 0),
(6, 1, '1,6', 0, 1, '', 3, 1322685920, 1322686042, 1, 2, 1322685920, 0, 2, 'Mã nguồn mở NukeViet giành giải ba Nhân tài đất Việt 2011', 'Ma-nguon-mo-NukeViet-gianh-giai-ba-Nhan-tai-dat-Viet-2011', 'Không có giải nhất và giải nhì, sản phẩm Mã nguồn mở NukeViet của VINADES.,JSC là một trong ba sản phẩm đã đoạt giải ba Nhân tài đất Việt 2011 - Lĩnh vực Công nghệ thông tin (Sản phẩm đã ứng dụng rộng rãi).', 'nukeviet-nhantaidatviet2011.jpg', 'Mã nguồn mở NukeViet giành giải ba Nhân tài đất Việt 2011', 1, 1, '6', 1, 0, 1, 0, 0, 0, 0, '', 0),
(7, 1, '1', 0, 1, '', 4, 1445309676, 1445309676, 1, 3, 1445309520, 0, 2, 'NukeViet được ưu tiên mua sắm, sử dụng trong cơ quan, tổ chức nhà nước', 'nukeviet-duoc-uu-tien-mua-sam-su-dung-trong-co-quan-to-chuc-nha-nuoc', 'Ngày 5/12/2014, Bộ trưởng Bộ TT&TT Nguyễn Bắc Son đã ký ban hành Thông tư 20/2014/TT-BTTTT (Thông tư 20) quy định về các sản phẩm phần mềm nguồn mở (PMNM) được ưu tiên mua sắm, sử dụng trong cơ quan, tổ chức nhà nước. NukeViet (phiên bản 3.4.02 trở lên) là phần mềm được nằm trong danh sách này.', 'chuc-mung-nukeviet-thong-tu-20-bo-tttt.jpg', 'NukeViet được ưu tiên mua sắm, sử dụng trong cơ quan, tổ chức nhà nước', 1, 1, '4', 1, 0, 2, 0, 0, 0, 0, '', 0),
(8, 4, '4', 0, 1, 'Vũ Bích Ngọc', 0, 1445391061, 1445394203, 1, 4, 1445391000, 0, 2, 'Công ty VINADES tuyển dụng nhân viên kinh doanh', 'cong-ty-vinades-tuyen-dung-nhan-vien-kinh-doanh', 'Công ty cổ phần phát triển nguồn mở Việt Nam là đơn vị chủ quản của phần mềm mã nguồn mở NukeViet - một mã nguồn được tin dùng trong cơ quan nhà nước, đặc biệt là ngành giáo dục. Chúng tôi cần tuyển 05 nhân viên kinh doanh cho lĩnh vực này.', 'tuyen-dung-nvkd.png', '', 1, 1, '4', 1, 0, 0, 0, 0, 0, 0, '', 0),
(9, 1, '1,4', 0, 1, 'Trần Thị Thu', 0, 1445391118, 1445394180, 1, 7, 1445391060, 0, 2, 'Chương trình thực tập sinh tại công ty VINADES', 'chuong-trinh-thuc-tap-sinh-tai-cong-ty-vinades', 'Cơ hội để những sinh viên năng động được học tập, trải nghiệm, thử thách sớm với những tình huống thực tế, được làm việc cùng các chuyên gia có nhiều kinh nghiệm của công ty VINADES.', 'thuc-tap-sinh.jpg', '', 1, 1, '4', 1, 0, 0, 0, 0, 0, 0, '', 0),
(10, 4, '4', 0, 1, 'Trần Thị Thu', 0, 1445391135, 1445394444, 1, 8, 1445391120, 0, 2, 'Học việc tại công ty VINADES', 'hoc-viec-tai-cong-ty-vinades', 'Công ty cổ phần phát triển nguồn mở Việt Nam tạo cơ hội việc làm và học việc miễn phí cho những ứng viên có đam mê thiết kế web, lập trình PHP… được học tập và rèn luyện cùng đội ngũ lập trình viên phát triển NukeViet.', 'hoc-viec-tai-cong-ty-vinades.jpg', '', 1, 1, '4', 1, 0, 1, 0, 0, 0, 0, '', 0),
(11, 1, '1', 0, 1, '', 0, 1445391182, 1445394133, 1, 9, 1445391120, 0, 2, 'NukeViet được Bộ GD&amp;ĐT đưa vào Hướng dẫn thực hiện nhiệm vụ CNTT năm học 2015 - 2016', 'nukeviet-duoc-bo-gd-dt-dua-vao-huong-dan-thuc-hien-nhiem-vu-cntt-nam-hoc-2015-2016', 'Trong Hướng dẫn thực hiện nhiệm vụ CNTT năm học 2015 - 2016 của Bộ Giáo dục và Đào tạo, NukeViet được đưa vào các hạng mục: Tập huấn sử dụng phần mềm nguồn mở cho giáo viên và cán bộ quản lý giáo dục; Khai thác, sử dụng và dạy học; đặc biệt phần &quot;khuyến cáo khi sử dụng các hệ thống CNTT&quot; có chỉ rõ &quot;Không nên làm website mã nguồn đóng&quot; và &quot;Nên làm NukeViet: phần mềm nguồn mở&quot;.', 'nukeviet-cms.jpg', '', 1, 1, '4', 1, 0, 0, 0, 0, 0, 0, '', 0),
(12, 1, '1,3', 0, 1, '', 0, 1445391217, 1445393997, 1, 10, 1445391180, 0, 2, 'Hỗ trợ tập huấn và triển khai NukeViet cho các Phòng, Sở GD&amp;ĐT', 'ho-tro-tap-huan-va-trien-khai-nukeviet-cho-cac-phong-so-gd-dt', 'Trên cơ sở Hướng dẫn thực hiện nhiệm vụ CNTT năm học 2015 - 2016 của Bộ Giáo dục và Đào tạo, Công ty cổ phần phát triển nguồn mở Việt Nam và các doanh nghiệp phát triển NukeViet trong cộng đồng NukeViet đang tích cực công tác hỗ trợ cho các phòng GD&ĐT, Sở GD&ĐT triển khai 2 nội dung chính: Hỗ trợ công tác đào tạo tập huấn hướng dẫn sử dụng NukeViet và Hỗ trợ triển khai NukeViet cho các trường, Phòng và Sở GD&ĐT', 'tap-huan-pgd-ha-dong-2015.jpg', 'Tập huấn triển khai NukeViet tại Phòng Giáo dục và Đào tạo Hà Đông - Hà Nội', 1, 1, '4', 1, 0, 1, 0, 0, 0, 0, '', 0),
(13, 2, '2', 0, 1, 'VINADES', 0, 1453194455, 1453194455, 1, 13, 1453194455, 0, 2, 'NukeViet 4.0 có gì mới?', 'nukeviet-4-0-co-gi-moi', 'NukeViet 4 là phiên bản NukeViet được cộng đồng đánh giá cao, hứa hẹn nhiều điểm vượt trội về công nghệ đến thời điểm hiện tại. NukeViet 4 thay đổi gần như hoàn toàn từ nhân hệ thống đến chức năng, giao diện người dùng. Vậy, có gì mới trong phiên bản này?', 'chuc-mung-nukeviet-thong-tu-20-bo-tttt.jpg', '', 1, 1, '4', 1, 0, 2, 0, 0, 0, 0, '', 0),
(14, 2, '2', 0, 1, 'VINADES', 0, 1501837620, 1501837620, 1, 14, 1501837620, 0, 2, 'NukeViet 4.2 có gì mới?', 'nukeviet-4-2-co-gi-moi', 'NukeViet 4.2 là phiên bản nâng cấp của phiên bản NukeViet 4.0 tập trung vào việc fix các vấn đề bất cập còn tồn tại của NukeViet 4.0, Thêm các tính năng mới để tăng cường bảo mật của hệ thống cũng như tối ưu trải nghiệm của người dùng.', 'chuc-mung-nukeviet-thong-tu-20-bo-tttt.jpg', '', 1, 1, '4', 1, 1, 2, 0, 0, 0, 0, '', 0),
(15, 2, '2', 0, 1, 'VINADES', 0, 1510215907, 1510215907, 1, 15, 1510215907, 0, 2, 'NukeViet 4.3 có gì mới?', 'nukeviet-4-3-co-gi-moi', 'NukeViet 4.3 là phiên bản nâng cấp của phiên bản NukeViet 4.2 tập trung vào việc fix các vấn đề bất cập còn tồn tại, tối ưu trải nghiệm của người dùng.', 'chuc-mung-nukeviet-thong-tu-20-bo-tttt.jpg', '', 1, 1, '4', 1, 1, 2, 0, 0, 0, 0, '', 0);

-- --------------------------------------------------------

--
-- Table structure for table `nv4_vi_news_row_histories`
--

CREATE TABLE `nv4_vi_news_row_histories` (
  `id` int(11) UNSIGNED NOT NULL,
  `new_id` int(11) UNSIGNED NOT NULL DEFAULT 0,
  `historytime` int(11) UNSIGNED NOT NULL DEFAULT 0,
  `catid` smallint(5) UNSIGNED NOT NULL DEFAULT 0,
  `listcatid` varchar(255) NOT NULL DEFAULT '',
  `topicid` smallint(5) UNSIGNED NOT NULL DEFAULT 0,
  `admin_id` mediumint(8) UNSIGNED NOT NULL DEFAULT 0 COMMENT 'ID người đăng',
  `author` varchar(250) NOT NULL DEFAULT '',
  `sourceid` mediumint(8) UNSIGNED NOT NULL DEFAULT 0,
  `publtime` int(11) UNSIGNED NOT NULL DEFAULT 0,
  `exptime` int(11) UNSIGNED NOT NULL DEFAULT 0,
  `archive` tinyint(1) UNSIGNED NOT NULL DEFAULT 0,
  `title` varchar(250) NOT NULL DEFAULT '',
  `alias` varchar(250) NOT NULL DEFAULT '',
  `hometext` text NOT NULL,
  `homeimgfile` varchar(255) DEFAULT '',
  `homeimgalt` varchar(255) DEFAULT '',
  `inhome` tinyint(1) UNSIGNED NOT NULL DEFAULT 0,
  `allowed_comm` varchar(255) DEFAULT '',
  `allowed_rating` tinyint(1) UNSIGNED NOT NULL DEFAULT 0,
  `external_link` tinyint(1) UNSIGNED NOT NULL DEFAULT 0,
  `instant_active` tinyint(1) NOT NULL DEFAULT 0,
  `instant_template` varchar(100) NOT NULL DEFAULT '',
  `instant_creatauto` tinyint(1) NOT NULL DEFAULT 0,
  `titlesite` varchar(255) NOT NULL DEFAULT '',
  `description` text NOT NULL,
  `bodyhtml` longtext NOT NULL,
  `voicedata` text DEFAULT NULL COMMENT 'Data giọng đọc json',
  `keywords` varchar(255) DEFAULT '',
  `sourcetext` varchar(255) DEFAULT '',
  `files` text DEFAULT NULL,
  `tags` text DEFAULT NULL,
  `internal_authors` varchar(255) NOT NULL DEFAULT '',
  `imgposition` tinyint(1) NOT NULL DEFAULT 1,
  `layout_func` varchar(100) DEFAULT '',
  `copyright` tinyint(1) NOT NULL DEFAULT 0,
  `allowed_send` tinyint(1) NOT NULL DEFAULT 0,
  `allowed_print` tinyint(1) NOT NULL DEFAULT 0,
  `allowed_save` tinyint(1) NOT NULL DEFAULT 0,
  `changed_fields` text NOT NULL COMMENT 'Các field thay đổi'
) ENGINE=MyISAM DEFAULT CHARSET=utf8mb4 COLLATE=utf8mb4_unicode_ci COMMENT='Lịch sử bài viết';

-- --------------------------------------------------------

--
-- Table structure for table `nv4_vi_news_sources`
--

CREATE TABLE `nv4_vi_news_sources` (
  `sourceid` mediumint(8) UNSIGNED NOT NULL,
  `title` varchar(250) NOT NULL DEFAULT '',
  `link` varchar(255) DEFAULT '',
  `logo` varchar(255) DEFAULT '',
  `weight` mediumint(8) UNSIGNED NOT NULL DEFAULT 0,
  `add_time` int(11) UNSIGNED NOT NULL,
  `edit_time` int(11) UNSIGNED NOT NULL
) ENGINE=MyISAM DEFAULT CHARSET=utf8mb4 COLLATE=utf8mb4_unicode_ci;

--
-- Dumping data for table `nv4_vi_news_sources`
--

INSERT INTO `nv4_vi_news_sources` (`sourceid`, `title`, `link`, `logo`, `weight`, `add_time`, `edit_time`) VALUES
(1, 'Báo Hà Nội Mới', 'http://hanoimoi.com.vn', '', 1, 1274989177, 1274989177),
(2, 'VINADES.,JSC', 'http://vinades.vn', '', 2, 1274989787, 1274989787),
(3, 'Báo điện tử Dân Trí', 'http://dantri.com.vn', '', 3, 1322685396, 1322685396),
(4, 'Bộ Thông tin và Truyền thông', 'http://http://mic.gov.vn', '', 4, 1445309676, 1445309676);

-- --------------------------------------------------------

--
-- Table structure for table `nv4_vi_news_tags`
--

CREATE TABLE `nv4_vi_news_tags` (
  `tid` mediumint(8) UNSIGNED NOT NULL,
  `numnews` mediumint(8) NOT NULL DEFAULT 0,
  `title` varchar(250) NOT NULL DEFAULT '',
  `alias` varchar(250) NOT NULL DEFAULT '',
  `image` varchar(255) DEFAULT '',
  `description` text DEFAULT NULL,
  `keywords` varchar(255) DEFAULT ''
) ENGINE=MyISAM DEFAULT CHARSET=utf8mb4 COLLATE=utf8mb4_unicode_ci;

--
-- Dumping data for table `nv4_vi_news_tags`
--

INSERT INTO `nv4_vi_news_tags` (`tid`, `numnews`, `title`, `alias`, `image`, `description`, `keywords`) VALUES
(1, 0, '', 'nguồn-mở', '', '', 'nguồn mở'),
(2, 0, '', 'quen-thuộc', '', '', 'quen thuộc'),
(3, 0, '', 'cộng-đồng', '', '', 'cộng đồng'),
(4, 0, '', 'việt-nam', '', '', 'việt nam'),
(5, 0, '', 'hoạt-động', '', '', 'hoạt động'),
(6, 0, '', 'tin-tức', '', '', 'tin tức'),
(7, 1, '', 'thương-mại-điện', '', '', 'thương mại điện'),
(8, 0, '', 'điện-tử', '', '', 'điện tử'),
(9, 13, '', 'nukeviet', '', '', 'nukeviet'),
(10, 8, '', 'vinades', '', '', 'vinades'),
(11, 3, '', 'lập-trình-viên', '', '', 'lập trình viên'),
(12, 3, '', 'chuyên-viên-đồ-họa', '', '', 'chuyên viên đồ họa'),
(13, 3, '', 'php', '', '', 'php'),
(14, 2, '', 'mysql', '', '', 'mysql'),
(15, 1, '', 'nhân-tài-đất-việt-2011', '', '', 'nhân tài đất việt 2011'),
(16, 9, '', 'mã-nguồn-mở', '', '', 'mã nguồn mở'),
(17, 2, '', 'nukeviet4', '', '', 'nukeviet4'),
(18, 1, '', 'mail', '', '', 'mail'),
(19, 1, '', 'fpt', '', '', 'fpt'),
(20, 1, '', 'smtp', '', '', 'smtp'),
(21, 1, '', 'bootstrap', '', '', 'bootstrap'),
(22, 1, '', 'block', '', '', 'block'),
(23, 1, '', 'modules', '', '', 'modules'),
(24, 2, '', 'banner', '', '', 'banner'),
(25, 1, '', 'liên-kết', '', '', 'liên kết'),
(26, 2, '', 'hosting', '', '', 'hosting'),
(27, 1, '', 'hỗ-trợ', '', '', 'hỗ trợ'),
(28, 1, '', 'hợp-tác', '', '', 'hợp tác'),
(29, 1, '', 'tốc-độ', '', '', 'tốc độ'),
(30, 2, '', 'website', '', '', 'website'),
(31, 1, '', 'bảo-mật', '', '', 'bảo mật'),
(32, 4, '', 'giáo-dục', '', '', 'giáo dục'),
(33, 1, '', 'edu-gate', '', '', 'edu gate'),
(34, 2, '', 'lập-trình', '', '', 'lập trình'),
(35, 1, '', 'logo', '', '', 'logo'),
(36, 1, '', 'code', '', '', 'code'),
(37, 1, '', 'thực-tập', '', '', 'thực tập'),
(38, 1, '', 'kinh-doanh', '', '', 'kinh doanh'),
(39, 1, '', 'nhân-viên', '', '', 'nhân viên'),
(40, 1, '', 'bộ-gd&đt', '', '', 'Bộ GD&ĐT'),
(41, 1, '', 'module', '', '', 'module'),
(42, 1, '', 'php-nuke', '', '', 'php-nuke');

-- --------------------------------------------------------

--
-- Table structure for table `nv4_vi_news_tags_id`
--

CREATE TABLE `nv4_vi_news_tags_id` (
  `id` int(11) NOT NULL,
  `tid` mediumint(9) NOT NULL,
  `keyword` varchar(65) NOT NULL
) ENGINE=MyISAM DEFAULT CHARSET=utf8mb4 COLLATE=utf8mb4_unicode_ci;

--
-- Dumping data for table `nv4_vi_news_tags_id`
--

INSERT INTO `nv4_vi_news_tags_id` (`id`, `tid`, `keyword`) VALUES
(1, 7, 'thương mại điện'),
(1, 9, 'nukeviet'),
(1, 41, 'module'),
(1, 16, 'mã nguồn mở'),
(1, 42, 'php-nuke'),
(2, 16, 'mã nguồn mở'),
(2, 9, 'nukeviet'),
(2, 17, 'nukeviet4'),
(2, 10, 'vinades'),
(2, 24, 'banner'),
(2, 25, 'liên kết'),
(2, 26, 'hosting'),
(2, 27, 'hỗ trợ'),
(2, 28, 'hợp tác'),
(3, 10, 'vinades'),
(3, 9, 'nukeviet'),
(3, 11, 'lập trình viên'),
(3, 12, 'chuyên viên đồ họa'),
(3, 13, 'php'),
(3, 14, 'mysql'),
(4, 10, 'vinades'),
(4, 34, 'lập trình'),
(4, 35, 'logo'),
(4, 24, 'banner'),
(4, 30, 'website'),
(4, 36, 'code'),
(4, 13, 'php'),
(5, 16, 'mã nguồn mở'),
(5, 10, 'vinades'),
(5, 34, 'lập trình'),
(5, 9, 'nukeviet'),
(6, 15, 'Nhân tài đất Việt 2011'),
(6, 16, 'mã nguồn mở'),
(6, 9, 'nukeviet'),
(7, 16, 'mã nguồn mở'),
(7, 9, 'nukeviet'),
(7, 40, 'Bộ GD&ĐT'),
(7, 32, 'giáo dục'),
(8, 38, 'kinh doanh'),
(8, 9, 'nukeviet'),
(8, 32, 'giáo dục'),
(8, 39, 'nhân viên'),
(9, 37, 'thực tập'),
(9, 10, 'vinades'),
(9, 12, 'chuyên viên đồ họa'),
(9, 11, 'lập trình viên'),
(9, 9, 'nukeviet'),
(9, 16, 'mã nguồn mở'),
(10, 16, 'mã nguồn mở'),
(10, 10, 'vinades'),
(10, 9, 'nukeviet'),
(10, 11, 'lập trình viên'),
(10, 12, 'chuyên viên đồ họa'),
(11, 9, 'nukeviet'),
(11, 16, 'mã nguồn mở'),
(11, 32, 'giáo dục'),
(12, 9, 'nukeviet'),
(12, 32, 'giáo dục'),
(12, 33, 'edu gate'),
(13, 17, 'nukeviet4'),
(13, 9, 'nukeviet'),
(13, 10, 'vinades'),
(13, 13, 'php'),
(13, 14, 'mysql'),
(13, 18, 'mail'),
(13, 19, 'fpt'),
(13, 20, 'smtp'),
(13, 21, 'bootstrap'),
(13, 22, 'block'),
(13, 23, 'modules'),
(13, 16, 'mã nguồn mở');

-- --------------------------------------------------------

--
-- Table structure for table `nv4_vi_news_tmp`
--

CREATE TABLE `nv4_vi_news_tmp` (
  `id` mediumint(8) UNSIGNED NOT NULL,
  `admin_id` int(11) NOT NULL DEFAULT 0,
  `time_edit` int(11) NOT NULL,
  `time_late` int(11) NOT NULL,
  `ip` varchar(50) NOT NULL
) ENGINE=MyISAM DEFAULT CHARSET=utf8mb4 COLLATE=utf8mb4_unicode_ci;

-- --------------------------------------------------------

--
-- Table structure for table `nv4_vi_news_topics`
--

CREATE TABLE `nv4_vi_news_topics` (
  `topicid` smallint(5) UNSIGNED NOT NULL,
  `title` varchar(250) NOT NULL DEFAULT '',
  `alias` varchar(250) NOT NULL DEFAULT '',
  `image` varchar(255) DEFAULT '',
  `description` varchar(255) DEFAULT '',
  `weight` smallint(5) NOT NULL DEFAULT 0,
  `keywords` text DEFAULT NULL,
  `add_time` int(11) NOT NULL DEFAULT 0,
  `edit_time` int(11) NOT NULL DEFAULT 0
) ENGINE=MyISAM DEFAULT CHARSET=utf8mb4 COLLATE=utf8mb4_unicode_ci;

--
-- Dumping data for table `nv4_vi_news_topics`
--

INSERT INTO `nv4_vi_news_topics` (`topicid`, `title`, `alias`, `image`, `description`, `weight`, `keywords`, `add_time`, `edit_time`) VALUES
(1, 'NukeViet 4', 'NukeViet-4', '', 'NukeViet 4', 1, 'NukeViet 4', 1445396011, 1445396011);

-- --------------------------------------------------------

--
-- Table structure for table `nv4_vi_news_voices`
--

CREATE TABLE `nv4_vi_news_voices` (
  `id` smallint(4) UNSIGNED NOT NULL,
  `voice_key` varchar(50) NOT NULL DEFAULT '' COMMENT 'Khóa dùng trong Api sau này',
  `title` varchar(250) NOT NULL DEFAULT '',
  `description` text NOT NULL,
  `add_time` int(11) UNSIGNED NOT NULL DEFAULT 0,
  `edit_time` int(11) UNSIGNED NOT NULL DEFAULT 0,
  `weight` smallint(4) UNSIGNED NOT NULL DEFAULT 0,
  `status` tinyint(4) NOT NULL DEFAULT 1 COMMENT '0: Dừng, 1: Hoạt động'
) ENGINE=MyISAM DEFAULT CHARSET=utf8mb4 COLLATE=utf8mb4_unicode_ci;

-- --------------------------------------------------------

--
-- Table structure for table `nv4_vi_page`
--

CREATE TABLE `nv4_vi_page` (
  `id` mediumint(8) UNSIGNED NOT NULL,
  `title` varchar(250) NOT NULL,
  `alias` varchar(250) NOT NULL,
  `image` varchar(255) DEFAULT '',
  `imagealt` varchar(255) DEFAULT '',
  `imageposition` tinyint(1) UNSIGNED NOT NULL DEFAULT 0,
  `description` text DEFAULT NULL,
  `bodytext` mediumtext NOT NULL,
  `keywords` text DEFAULT NULL,
  `socialbutton` tinyint(4) NOT NULL DEFAULT 0,
  `activecomm` varchar(255) DEFAULT '',
  `layout_func` varchar(100) DEFAULT '',
  `weight` smallint(4) NOT NULL DEFAULT 0,
  `admin_id` mediumint(8) UNSIGNED NOT NULL DEFAULT 0,
  `add_time` int(11) NOT NULL DEFAULT 0,
  `edit_time` int(11) NOT NULL DEFAULT 0,
  `status` tinyint(1) UNSIGNED NOT NULL DEFAULT 0,
  `hitstotal` mediumint(8) UNSIGNED NOT NULL DEFAULT 0,
  `hot_post` tinyint(1) UNSIGNED NOT NULL DEFAULT 0
) ENGINE=MyISAM DEFAULT CHARSET=utf8mb4 COLLATE=utf8mb4_unicode_ci;

-- --------------------------------------------------------

--
-- Table structure for table `nv4_vi_page_config`
--

CREATE TABLE `nv4_vi_page_config` (
  `config_name` varchar(30) NOT NULL,
  `config_value` varchar(255) NOT NULL
) ENGINE=MyISAM DEFAULT CHARSET=utf8mb4 COLLATE=utf8mb4_unicode_ci;

--
-- Dumping data for table `nv4_vi_page_config`
--

INSERT INTO `nv4_vi_page_config` (`config_name`, `config_value`) VALUES
('viewtype', '0'),
('facebookapi', ''),
('per_page', '20'),
('news_first', '0'),
('related_articles', '5'),
('copy_page', '0'),
('alias_lower', '1'),
('socialbutton', 'facebook,twitter');

-- --------------------------------------------------------

--
-- Table structure for table `nv4_vi_referer_stats`
--

CREATE TABLE `nv4_vi_referer_stats` (
  `host` varchar(250) NOT NULL,
  `total` int(11) NOT NULL DEFAULT 0,
  `month01` int(11) NOT NULL DEFAULT 0,
  `month02` int(11) NOT NULL DEFAULT 0,
  `month03` int(11) NOT NULL DEFAULT 0,
  `month04` int(11) NOT NULL DEFAULT 0,
  `month05` int(11) NOT NULL DEFAULT 0,
  `month06` int(11) NOT NULL DEFAULT 0,
  `month07` int(11) NOT NULL DEFAULT 0,
  `month08` int(11) NOT NULL DEFAULT 0,
  `month09` int(11) NOT NULL DEFAULT 0,
  `month10` int(11) NOT NULL DEFAULT 0,
  `month11` int(11) NOT NULL DEFAULT 0,
  `month12` int(11) NOT NULL DEFAULT 0,
  `last_update` int(11) NOT NULL DEFAULT 0
) ENGINE=MyISAM DEFAULT CHARSET=utf8mb4 COLLATE=utf8mb4_unicode_ci;

-- --------------------------------------------------------

--
-- Table structure for table `nv4_vi_room_booking`
--

CREATE TABLE `nv4_vi_room_booking` (
  `booking_id` int(11) NOT NULL,
  `userid` int(11) NOT NULL,
  `check_in` int(11) NOT NULL,
  `check_out` int(11) NOT NULL,
  `booking_status` tinyint(3) NOT NULL DEFAULT 0,
  `rate_review` int(11) DEFAULT NULL,
  `datentime` int(11) NOT NULL DEFAULT 0
) ENGINE=InnoDB DEFAULT CHARSET=utf8mb4 COLLATE=utf8mb4_general_ci;

--
-- Dumping data for table `nv4_vi_room_booking`
--

INSERT INTO `nv4_vi_room_booking` (`booking_id`, `userid`, `check_in`, `check_out`, `booking_status`, `rate_review`, `datentime`) VALUES
(15, 0, 1728493200, 1728579600, 1, NULL, 1728231448),
(16, 0, 1728320400, 1728493200, 2, NULL, 1728232300),
(17, 0, 1728752400, 1729098000, 1, NULL, 1728232822),
(18, 0, 1728147600, 1728147600, 1, NULL, 1728232938),
(19, 0, 1729962000, 1730221200, 0, NULL, 1728233007),
(20, 0, 1728147600, 1728147600, 1, NULL, 1728233471),
(21, 0, 1728493200, 1729098000, 0, NULL, 1728235540),
(22, 0, 1730826000, 1730998800, 1, NULL, 1728235615),
(34, 0, 1728579600, 1729098000, 2, NULL, 1728272492),
(41, 0, 1728579600, 1729270800, 1, NULL, 1728273995),
(42, 0, 1728579600, 1729270800, 1, NULL, 1728276280),
(43, 0, 1728493200, 1729011600, 1, NULL, 1728277877),
(44, 0, 1728406800, 1728666000, 1, NULL, 1728285629),
(45, 0, 1728320400, 1728579600, 1, NULL, 1728286213),
(46, 0, 1728320400, 1728579600, 1, NULL, 1728286295),
(47, 0, 1728493200, 1728666000, 1, NULL, 1728405911),
(48, 0, 1730998800, 1731085200, 1, NULL, 1728464319),
(49, 0, 1733936400, 1734109200, 1, NULL, 1728464352),
(50, 0, 1725123600, 1725296400, 1, NULL, 1728484350),
(51, 0, 1725382800, 1725642000, 1, NULL, 1728484377),
(52, 0, 1729098000, 1729270800, 0, NULL, 1728824844),
(53, 0, 1729616400, 1729875600, 0, NULL, 1729480290);

-- --------------------------------------------------------

--
-- Table structure for table `nv4_vi_room_booking_details`
--

CREATE TABLE `nv4_vi_room_booking_details` (
  `id` int(11) NOT NULL,
  `booking_id` int(11) NOT NULL,
  `room_id` int(11) NOT NULL DEFAULT 0,
  `room_name` varchar(100) NOT NULL,
  `price` int(11) NOT NULL,
  `quantity` int(11) NOT NULL DEFAULT 0,
  `total_pay` int(11) NOT NULL,
  `user_name` varchar(100) NOT NULL,
  `phonenum` varchar(100) NOT NULL,
  `address` varchar(150) NOT NULL
) ENGINE=InnoDB DEFAULT CHARSET=utf8mb4 COLLATE=utf8mb4_general_ci;

--
-- Dumping data for table `nv4_vi_room_booking_details`
--

INSERT INTO `nv4_vi_room_booking_details` (`id`, `booking_id`, `room_id`, `room_name`, `price`, `quantity`, `total_pay`, `user_name`, `phonenum`, `address`) VALUES
(13, 15, 1, 'Home Signature', 2200000, 2, 4400000, 'tuyen hoang', '0964 912 488', 'Tân Quang, Văn Lâm, Hưng Yên'),
(14, 15, 3, 'Superior', 1500000, 1, 1500000, 'tuyen hoang', '0964 912 488', 'Tân Quang, Văn Lâm, Hưng Yên'),
(15, 15, 4, 'Deluxe Room', 1600000, 1, 1600000, 'tuyen hoang', '0964 912 488', 'Tân Quang, Văn Lâm, Hưng Yên'),
(16, 16, 1, 'Home Signature', 2200000, 2, 4400000, 'Tuyen', '0964 912 488', 'Tân Quang, Văn Lâm, Hưng Yên'),
(17, 17, 1, 'Home Signature', 2200000, 2, 4400000, 'Mai Nam Hai', '0147258369', 'Ha Noi, Viet Nam'),
(18, 18, 1, 'Home Signature', 2200000, 2, 4400000, 'Phung Thanh Do', '0123456999', 'Cao Bang, Viet Nam'),
(19, 19, 6, 'Premium Deluxe', 4000000, 1, 4000000, 'Nguyen Thanh Tung', '0111222333', 'Thai Binh Viet Nam'),
(20, 20, 6, 'Premium Deluxe', 4000000, 1, 4000000, 'Phuong Hang', '0999999999', 'TP. Ho Chi Minh, Viet Nam'),
(21, 21, 3, 'Superior', 1500000, 1, 1500000, 'Trinh Tran Phuong Tuan', '0555555555', 'Ca Mau, Viet Nam'),
(22, 22, 3, 'Superior', 1500000, 1, 1500000, 'Thang Ngot', '0333333333', 'Ha Noi, Viet Nam'),
(29, 34, 1, 'Home Signature', 2200000, 1, 2200000, 'Tuyen', '1231231231', 'VJTI, Matunga, Mumbai, Maharashtra'),
(34, 39, 1, 'Home Signature', 2200000, 1, 2200000, 'Trinh Tran Phuong Tuan', '1231231231', 'Ca Mau, Viet Nam'),
(36, 41, 3, 'Superior', 1500000, 1, 1500000, 'Phuong Anh', '0111222333', 'Hưng Yên, Việt Nam'),
(37, 42, 3, 'Superior', 1500000, 1, 1500000, 'le toan', '0999888777', 'Cao Bang, Viet Nam'),
(38, 42, 1, 'Home Signature', 2200000, 1, 2200000, 'le toan', '0999888777', 'Cao Bang, Viet Nam'),
(39, 42, 4, 'Deluxe Room', 1600000, 1, 1600000, 'le toan', '0999888777', 'Cao Bang, Viet Nam'),
(40, 43, 1, 'Home Signature', 2200000, 1, 2200000, 'Minh Đức', '0369643202', 'Hưng Yên, Việt Nam'),
(41, 43, 3, 'Superior', 1500000, 1, 1500000, 'Minh Đức', '0369643202', 'Hưng Yên, Việt Nam'),
(42, 44, 3, 'Superior', 1500000, 1, 1500000, 'Trinh Tran Phuong Tuan', '0964 912 488', 'VJTI, Matunga, Mumbai, Maharashtra'),
(43, 44, 4, 'Deluxe Room', 1600000, 1, 1600000, 'Trinh Tran Phuong Tuan', '0964 912 488', 'VJTI, Matunga, Mumbai, Maharashtra'),
(44, 45, 1, 'Home Signature', 2200000, 9, 19800000, 'Trinh Tran Phuong Tuan', '0964 912 488', 'Ha Noi, Viet Nam'),
(45, 46, 1, 'Home Signature', 2200000, 7, 15400000, 'Trinh Tran Phuong Tuan', '0964 912 488', 'Cao Bang, Viet Nam'),
(46, 47, 1, 'Home Signature', 2200000, 2, 4400000, 'Trinh Tran Phuong Tuan', '0964 912 488', 'Ha Noi, Viet Nam'),
(47, 48, 1, 'Home Signature', 2200000, 2, 4400000, 'Trinh Tran Phuong Tuan', '0964 912 488', 'VJTI, Matunga, Mumbai, Maharashtra'),
(48, 49, 3, 'Superior', 1500000, 2, 3000000, 'tuyen hoang', '0123654987', 'Cao Bang, Viet Nam'),
(49, 50, 3, 'Superior', 1500000, 1, 1500000, 'Trinh Tran Phuong Tuan', '0964 912 488', '123'),
(50, 50, 4, 'Deluxe Room', 1600000, 1, 1600000, 'Trinh Tran Phuong Tuan', '0964 912 488', '123'),
(51, 51, 1, 'Home Signature', 2200000, 1, 2200000, 'Khương Mộc', '000000000', 'VJTI, Matunga, Mumbai, Maharashtra'),
(52, 52, 1, 'Home Signature', 2200000, 1, 2200000, 'Tuyen', '0964 912 488', 'Ha Noi, Viet Nam'),
(53, 53, 1, 'Home Signature', 2200000, 1, 2200000, 'Tuyen', '1231231231', 'Tân Quang, Văn Lâm, Hưng Yên');

-- --------------------------------------------------------

--
-- Table structure for table `nv4_vi_room_carousel`
--

CREATE TABLE `nv4_vi_room_carousel` (
  `id` int(11) NOT NULL,
  `image` varchar(150) NOT NULL
) ENGINE=InnoDB DEFAULT CHARSET=utf8mb4 COLLATE=utf8mb4_unicode_ci;

--
-- Dumping data for table `nv4_vi_room_carousel`
--

INSERT INTO `nv4_vi_room_carousel` (`id`, `image`) VALUES
(1, '1.jpg'),
(2, '2.jpg'),
(3, '3.jpg'),
(4, '4.jpg'),
(5, '5.jpg'),
(6, '6.jpg'),
(7, '7.jpg');

-- --------------------------------------------------------

--
-- Table structure for table `nv4_vi_room_facilities`
--

CREATE TABLE `nv4_vi_room_facilities` (
  `id` int(11) NOT NULL,
  `icon` varchar(100) NOT NULL,
  `name` varchar(50) NOT NULL,
  `description` varchar(250) NOT NULL
) ENGINE=InnoDB DEFAULT CHARSET=utf8mb4 COLLATE=utf8mb4_general_ci;

--
-- Dumping data for table `nv4_vi_room_facilities`
--

INSERT INTO `nv4_vi_room_facilities` (`id`, `icon`, `name`, `description`) VALUES
(1, 'IMG_wifi.svg', 'Wifi', 'Lorem ipsum dolor sit amet consectetur adipisicing elit. Temporibus incidunt odio quos dolore commodi repudiandae tenetur.'),
(2, 'IMG_air-conditional.svg', 'Điều hòa', 'Lorem ipsum dolor sit amet consectetur adipisicing elit. Temporibus incidunt odio quos dolore commodi repudiandae tenetur.'),
(3, 'IMG_tv.svg', 'Tivi', 'Lorem ipsum dolor sit amet consectetur adipisicing elit. Temporibus incidunt odio quos dolore commodi repudiandae tenetur.'),
(4, 'hairdryer.svg', 'Máy sấy tóc', 'Lorem ipsum dolor sit amet consectetur adipisicing elit. Temporibus incidunt odio quos dolore commodi repudiandae tenetur.'),
(5, 'IMG_microwave.svg', 'Máy sưởi', 'Lorem ipsum dolor sit amet consectetur adipisicing elit. Temporibus incidunt odio quos dolore commodi repudiandae tenetur.'),
(6, 'img_geyser.svg', 'Lò sưởi', 'Lorem ipsum dolor sit amet consectetur adipisicing elit. Temporibus incidunt odio quos dolore commodi repudiandae tenetur.'),
(38, 'safe.svg', 'Két sắt điện tử', 'Két sắt điện tử là thiết bị lưu trữ an toàn sử dụng khóa điện tử'),
(39, 'bathtub.svg', 'bồn tắm', ''),
(40, 'desk.svg', 'Bàn trang điểm', ''),
(41, 'mirror.svg', 'Gương treo tường', '');

-- --------------------------------------------------------

--
-- Table structure for table `nv4_vi_room_features`
--

CREATE TABLE `nv4_vi_room_features` (
  `id` int(11) NOT NULL,
  `name` varchar(50) NOT NULL
) ENGINE=InnoDB DEFAULT CHARSET=utf8mb4 COLLATE=utf8mb4_general_ci;

--
-- Dumping data for table `nv4_vi_room_features`
--

INSERT INTO `nv4_vi_room_features` (`id`, `name`) VALUES
(1, 'Phòng bếp'),
(2, 'Ban công'),
(3, 'Phòng tắm'),
(4, 'Không hút thuốc');

-- --------------------------------------------------------

--
-- Table structure for table `nv4_vi_room_images`
--

CREATE TABLE `nv4_vi_room_images` (
  `id` int(11) NOT NULL,
  `room_id` int(11) NOT NULL,
  `image` varchar(150) NOT NULL,
  `active` tinyint(4) NOT NULL DEFAULT 0
) ENGINE=InnoDB DEFAULT CHARSET=utf8mb4 COLLATE=utf8mb4_general_ci;

--
-- Dumping data for table `nv4_vi_room_images`
--

INSERT INTO `nv4_vi_room_images` (`id`, `room_id`, `image`, `active`) VALUES
(89, 1, 'homesign2_2.jpg', 0),
(90, 1, 'homesign3_2.jpg', 0),
(91, 1, 'homesign4_2.jpg', 0),
(92, 1, 'homesign5_2.jpg', 1),
(95, 3, 'superior1_2.jpg', 0),
(96, 3, 'superior2_2.jpg', 0),
(97, 3, 'superior3_2.jpg', 1),
(98, 3, 'superior4_2.jpg', 0),
(99, 4, 'deluxe1_2.jpg', 0),
(100, 4, 'deluxe2_2.jpg', 0),
(101, 4, 'deluxe3_2.jpg', 0),
(102, 4, 'deluxe4_2.jpg', 1),
(103, 5, 'suite1_2.jpg', 0),
(104, 5, 'suite2_2.jpg', 0),
(105, 5, 'suite3_2.jpg', 0),
(106, 5, 'suite4_1.jpg', 1),
(107, 6, 'pre1_2.jpg', 0),
(108, 6, 'pre2_2.jpg', 0),
(109, 6, 'pre3_2.jpg', 1),
(110, 6, 'pre4_2.jpg', 0);

-- --------------------------------------------------------

--
-- Table structure for table `nv4_vi_room_rooms`
--

CREATE TABLE `nv4_vi_room_rooms` (
  `id` int(11) NOT NULL,
  `name` varchar(150) NOT NULL,
  `area` int(11) NOT NULL,
  `price` float NOT NULL,
  `quantity` int(11) NOT NULL,
  `adult` int(11) NOT NULL,
  `children` int(11) NOT NULL,
  `description` varchar(350) NOT NULL,
  `status` tinyint(4) NOT NULL DEFAULT 1,
  `removed` int(11) NOT NULL DEFAULT 0,
  `active` tinyint(4) NOT NULL DEFAULT 1,
  `weight` tinyint(4) NOT NULL DEFAULT 1
) ENGINE=InnoDB DEFAULT CHARSET=utf8mb4 COLLATE=utf8mb4_unicode_ci;

--
-- Dumping data for table `nv4_vi_room_rooms`
--

INSERT INTO `nv4_vi_room_rooms` (`id`, `name`, `area`, `price`, `quantity`, `adult`, `children`, `description`, `status`, `removed`, `active`, `weight`) VALUES
(1, 'Home Signature', 31, 2200000, 5, 4, 2, 'Phòng có diện tích khoảng 31m2, không gian rộng rãi với phòng tắm mở được trang bị cả bồn tắm và phòng tắm đứng. Phòng được trang bị nội thất cao cấp, sang trọng theo phong cách hiện đại cùng các tiện ích kèm theo đảm bảo quý khách sẽ có một kỳ nghỉ trọn vẹn.', 1, 0, 1, 2),
(3, 'Superior', 20, 1500000, 5, 2, 1, 'Phòng Superior rộng khoảng 20m2 được thiết kế độc đáo cùng đầy đủ các tiện nghi tiêu chuẩn đảm bảo quý khách có một kỳ nghỉ thoải mái, ấm cúng.', 1, 0, 1, 1),
(4, 'Deluxe Room', 24, 1600000, 4, 2, 2, 'Each Deluxe room is delicately decorated with pink and dark blue furniture. The 24 sqm room is equipped high-quality mattress of Queen or Twin bedding configuration for your comfort and convenience.', 1, 0, 1, 3),
(5, 'Suite Room', 20, 3000000, 2, 2, 1, 'Phòng Suite rộng 31m2 với tầm nhìn ra thành phố, nhiều không gian cho cả bồn tắm và vòi sen phun mưa. Phòng được trang bị nội thất sang trọng và hiện đại. Khách lưu trú tại Phòng Suite của chúng tôi có thể tận hưởng dịch vụ đặc biệt để đảm bảo trải nghiệm của bạn hoàn toàn trọn vẹn.', 1, 0, 1, 4),
(6, 'Premium Deluxe', 24, 4000000, 3, 2, 2, 'Trải nghiệm sự thoải mái, tiện lợi trong căn phòng rộng 24m2 với hai tông màu xanh và hồng tinh tế.', 1, 0, 1, 5);

-- --------------------------------------------------------

--
-- Table structure for table `nv4_vi_room_roomxfacilities`
--

CREATE TABLE `nv4_vi_room_roomxfacilities` (
  `id` int(11) NOT NULL,
  `room_id` int(11) NOT NULL,
  `facilities_id` int(11) NOT NULL
) ENGINE=InnoDB DEFAULT CHARSET=utf8mb4 COLLATE=utf8mb4_general_ci;

--
-- Dumping data for table `nv4_vi_room_roomxfacilities`
--

INSERT INTO `nv4_vi_room_roomxfacilities` (`id`, `room_id`, `facilities_id`) VALUES
(10, 5, 1),
(11, 5, 2),
(12, 5, 3),
(13, 5, 4),
(14, 5, 5),
(15, 5, 6),
(16, 6, 1),
(17, 6, 2),
(18, 6, 3),
(19, 6, 4),
(20, 6, 5),
(21, 6, 6),
(39, 4, 1),
(40, 4, 2),
(41, 4, 3),
(42, 4, 4),
(43, 4, 38),
(44, 3, 1),
(45, 3, 2),
(46, 3, 3),
(47, 3, 4),
(48, 3, 6),
(49, 3, 38),
(50, 1, 1),
(51, 1, 2),
(52, 1, 3),
(53, 1, 4),
(54, 1, 5),
(55, 1, 38),
(56, 1, 39),
(57, 1, 40),
(58, 1, 41);

-- --------------------------------------------------------

--
-- Table structure for table `nv4_vi_room_roomxfeatures`
--

CREATE TABLE `nv4_vi_room_roomxfeatures` (
  `id` int(11) NOT NULL,
  `room_id` int(11) NOT NULL,
  `features_id` int(11) NOT NULL
) ENGINE=InnoDB DEFAULT CHARSET=utf8mb4 COLLATE=utf8mb4_general_ci;

--
-- Dumping data for table `nv4_vi_room_roomxfeatures`
--

INSERT INTO `nv4_vi_room_roomxfeatures` (`id`, `room_id`, `features_id`) VALUES
(10, 5, 1),
(11, 5, 2),
(12, 5, 3),
(13, 5, 4),
(14, 6, 1),
(15, 6, 2),
(16, 6, 3),
(17, 6, 4),
(37, 4, 1),
(38, 4, 2),
(39, 4, 3),
(40, 4, 4),
(41, 3, 1),
(42, 3, 2),
(43, 3, 3),
(44, 3, 4),
(45, 1, 1),
(46, 1, 2),
(47, 1, 3),
(48, 1, 4);

-- --------------------------------------------------------

--
-- Table structure for table `nv4_vi_searchkeys`
--

CREATE TABLE `nv4_vi_searchkeys` (
  `id` varchar(32) NOT NULL DEFAULT '',
  `skey` varchar(250) NOT NULL,
  `total` int(11) NOT NULL DEFAULT 0,
  `search_engine` varchar(50) NOT NULL
) ENGINE=MyISAM DEFAULT CHARSET=utf8mb4 COLLATE=utf8mb4_unicode_ci;

-- --------------------------------------------------------

--
-- Table structure for table `nv4_vi_siteterms`
--

CREATE TABLE `nv4_vi_siteterms` (
  `id` mediumint(8) UNSIGNED NOT NULL,
  `title` varchar(250) NOT NULL,
  `alias` varchar(250) NOT NULL,
  `image` varchar(255) DEFAULT '',
  `imagealt` varchar(255) DEFAULT '',
  `imageposition` tinyint(1) UNSIGNED NOT NULL DEFAULT 0,
  `description` text DEFAULT NULL,
  `bodytext` mediumtext NOT NULL,
  `keywords` text DEFAULT NULL,
  `socialbutton` tinyint(4) NOT NULL DEFAULT 0,
  `activecomm` varchar(255) DEFAULT '',
  `layout_func` varchar(100) DEFAULT '',
  `weight` smallint(4) NOT NULL DEFAULT 0,
  `admin_id` mediumint(8) UNSIGNED NOT NULL DEFAULT 0,
  `add_time` int(11) NOT NULL DEFAULT 0,
  `edit_time` int(11) NOT NULL DEFAULT 0,
  `status` tinyint(1) UNSIGNED NOT NULL DEFAULT 0,
  `hitstotal` mediumint(8) UNSIGNED NOT NULL DEFAULT 0,
  `hot_post` tinyint(1) UNSIGNED NOT NULL DEFAULT 0
) ENGINE=MyISAM DEFAULT CHARSET=utf8mb4 COLLATE=utf8mb4_unicode_ci;

--
-- Dumping data for table `nv4_vi_siteterms`
--

INSERT INTO `nv4_vi_siteterms` (`id`, `title`, `alias`, `image`, `imagealt`, `imageposition`, `description`, `bodytext`, `keywords`, `socialbutton`, `activecomm`, `layout_func`, `weight`, `admin_id`, `add_time`, `edit_time`, `status`, `hitstotal`, `hot_post`) VALUES
(1, 'Chính sách bảo mật (Quyền riêng tư)', 'privacy', '', '', 0, 'Tài liệu này cung cấp cho bạn (người truy cập và sử dụng website) chính sách liên quan đến bảo mật và quyền riêng tư của bạn', '<strong><a id=\"index\" name=\"index\"></a>Danh mục</strong><br /> <a href=\"#1\">Điều 1: Thu thập thông tin</a><br /> <a href=\"#2\">Điều 2: Lưu trữ &amp; Bảo vệ thông tin</a><br /> <a href=\"#3\">Điều 3: Sử dụng thông tin </a><br /> <a href=\"#4\">Điều 4: Tiếp nhận thông tin từ các đối tác </a><br /> <a href=\"#5\">Điều 5: Chia sẻ thông tin với bên thứ ba</a><br /> <a href=\"#6\">Điều 6: Thay đổi chính sách bảo mật</a>  <hr  /> <h2><a id=\"1\" name=\"1\"></a>Điều 1: Thu thập thông tin</h2>  <h3>1.1. Thu thập tự động:</h3>  <div>Hệ thống này được xây dựng bằng mã nguồn NukeViet. Như mọi website hiện đại khác, chúng tôi sẽ thu thập địa chỉ IP và các thông tin web tiêu chuẩn khác của bạn như: loại trình duyệt, các trang bạn truy cập trong quá trình sử dụng dịch vụ, thông tin về máy tính &amp; thiết bị mạng v.v… cho mục đích phân tích thông tin phục vụ việc bảo mật và giữ an toàn cho hệ thống.</div>  <h3>1.2. Thu thập từ các khai báo của chính bạn:</h3>  <div>Các thông tin do bạn khai báo cho chúng tôi trong quá trình làm việc như: đăng ký tài khoản, liên hệ với chúng tôi... cũng sẽ được chúng tôi lưu trữ phục vụ công việc chăm sóc khách hàng sau này.</div>  <h3>1.3. Thu thập thông tin thông qua việc đặt cookies:</h3>  <p>Như mọi website hiện đại khác, khi bạn truy cập website, chúng tôi (hoặc các công cụ theo dõi hoặc thống kê hoạt động của website do các đối tác cung cấp) sẽ đặt một số File dữ liệu gọi là Cookies lên đĩa cứng hoặc bộ nhớ máy tính của bạn.</p>  <p>Một trong số những Cookies này có thể tồn tại lâu để thuận tiện cho bạn trong quá trình sử dụng, ví dụ như: lưu Email của bạn trong trang đăng nhập để bạn không phải nhập lại v.v…</p>  <h3>1.4. Thu thập và lưu trữ thông tin trong quá khứ:</h3>  <p>Bạn có thể thay đổi thông tin cá nhân của mình bất kỳ lúc nào bằng cách sử dụng chức năng tương ứng. Tuy nhiên chúng tôi sẽ lưu lại những thông tin bị thay đổi để chống các hành vi xóa dấu vết gian lận.</p>  <p style=\"text-align: right;\"><a href=\"#index\">Trở lại danh mục</a></p>  <h2><a id=\"2\" name=\"2\"></a>Điều 2: Lưu trữ &amp; Bảo vệ thông tin</h2>  <div>Hầu hết các thông tin được thu thập sẽ được lưu trữ tại cơ sở dữ liệu của chúng tôi.<br /> <br /> Chúng tôi bảo vệ dữ liệu cá nhân của các bạn bằng các hình thức như: mật khẩu, tường lửa, mã hóa cùng các hình thức thích hợp khác và chỉ cấp phép việc truy cập và xử lý dữ liệu cho các đối tượng phù hợp, ví dụ chính bạn hoặc các nhân viên có trách nhiệm xử lý thông tin với bạn thông qua các bước xác định danh tính phù hợp.<br /> <br /> Mật khẩu của bạn được lưu trữ và bảo vệ bằng phương pháp mã hoá trong cơ sở dữ liệu của hệ thống, vì thế nó rất an toàn. Tuy nhiên, chúng tôi khuyên bạn không nên dùng lại mật khẩu này trên các website khác. Mật khẩu của bạn là cách duy nhất để bạn đăng nhập vào tài khoản thành viên của mình trong website này, vì thế hãy cất giữ nó cẩn thận. Trong mọi trường hợp bạn không nên cung cấp thông tin mật khẩu cho bất kỳ người nào dù là người của chúng tôi, người của NukeViet hay bất kỳ người thứ ba nào khác trừ khi bạn hiểu rõ các rủi ro khi để lộ mật khẩu. Nếu quên mật khẩu, bạn có thể sử dụng chức năng “<a href=\"/users/lostpass/\">Quên mật khẩu</a>” trên website. Để thực hiện việc này, bạn cần phải cung cấp cho hệ thống biết tên thành viên hoặc địa chỉ Email đang sử dụng của mình trong tài khoản, sau đó hệ thống sẽ tạo ra cho bạn mật khẩu mới và gửi đến cho bạn để bạn vẫn có thể đăng nhập vào tài khoản thành viên của mình.  <p style=\"text-align: right;\"><a href=\"#index\">Trở lại danh mục</a></p> </div>  <h2><a id=\"3\" name=\"3\"></a>Điều 3: Sử dụng thông tin</h2>  <p>Thông tin thu thập được sẽ được chúng tôi sử dụng để:</p>  <div>- Cung cấp các dịch vụ hỗ trợ &amp; chăm sóc khách hàng.</div>  <div>- Thực hiện giao dịch thanh toán &amp; gửi các thông báo trong quá trình giao dịch.</div>  <div>- Xử lý khiếu nại, thu phí &amp; giải quyết sự cố.</div>  <div>- Ngăn chặn các hành vi có nguy cơ rủi ro, bị cấm hoặc bất hợp pháp và đảm bảo tuân thủ đúng chính sách “Thỏa thuận người dùng”.</div>  <div>- Đo đạc, tùy biến &amp; cải tiến dịch vụ, nội dung và hình thức của website.</div>  <div>- Gửi bạn các thông tin về chương trình Marketing, các thông báo &amp; chương trình khuyến mại.</div>  <div>- So sánh độ chính xác của thông tin cá nhân của bạn trong quá trình kiểm tra với bên thứ ba.</div>  <p style=\"text-align: right;\"><a href=\"#index\">Trở lại danh mục</a></p>  <h2><a id=\"4\" name=\"4\"></a>Điều 4: Tiếp nhận thông tin từ các đối tác</h2>  <div>Khi sử dụng các công cụ giao dịch và thanh toán thông qua internet, chúng tôi có thể tiếp nhận thêm các thông tin về bạn như địa chỉ username, Email, số tài khoản ngân hàng... Chúng tôi kiểm tra những thông tin này với cơ sở dữ liệu người dùng của mình nhằm xác nhận rằng bạn có phải là khách hàng của chúng tôi hay không nhằm giúp việc thực hiện các dịch vụ cho bạn được thuận lợi.<br /> <br /> Các thông tin tiếp nhận được sẽ được chúng tôi bảo mật như những thông tin mà chúng tôi thu thập được trực tiếp từ bạn.</div>  <p style=\"text-align: right;\"><a href=\"#index\">Trở lại danh mục</a></p>  <h2><a id=\"5\" name=\"5\"></a>Điều 5: Chia sẻ thông tin với bên thứ ba</h2>  <p>Chúng tôi sẽ không chia sẻ thông tin cá nhân, thông tin tài chính... của bạn cho các bên thứ 3 trừ khi được sự đồng ý của chính bạn hoặc khi chúng tôi buộc phải tuân thủ theo các quy định pháp luật hoặc khi có yêu cầu từ cơ quan công quyền có thẩm quyền.</p>  <p style=\"text-align: right;\"><a href=\"#index\">Trở lại danh mục</a></p>  <h2><a id=\"6\" name=\"6\"></a>Điều 6: Thay đổi chính sách bảo mật</h2>  <p>Chính sách Bảo mật này có thể thay đổi theo thời gian. Chúng tôi sẽ không giảm quyền của bạn theo Chính sách Bảo mật này mà không có sự đồng ý rõ ràng của bạn. Chúng tôi sẽ đăng bất kỳ thay đổi Chính sách Bảo mật nào trên trang này và, nếu những thay đổi này quan trọng, chúng tôi sẽ cung cấp thông báo nổi bật hơn (bao gồm, đối với một số dịch vụ nhất định, thông báo bằng email về các thay đổi của Chính sách Bảo mật).</p>  <p style=\"text-align: right;\"><a href=\"#index\">Trở lại danh mục</a></p>  <p style=\"text-align: right;\">Chính sách bảo mật mặc định này được xây dựng cho <a href=\"http://nukeviet.vn\" target=\"_blank\">NukeViet CMS</a>, được tham khảo từ website <a href=\"http://webnhanh.vn/vi/thiet-ke-web/detail/Chinh-sach-bao-mat-Quyen-rieng-tu-Privacy-Policy-2147/\">webnhanh.vn</a></p>', '', 0, '4', '', 1, 1, 1724657086, 1724657086, 1, 0, 0),
(2, 'Điều khoản và điều kiện sử dụng', 'terms-and-conditions', '', '', 0, 'Đây là các điều khoản và điều kiện áp dụng cho website này. Truy cập và sử dụng website tức là bạn đã đồng ý với các quy định này.', '<div>Cảm ơn bạn đã sử dụng. Xin vui lòng đọc các Điều khoản một cách cẩn thận, và <a href=\"/contact/\">liên hệ</a> với chúng tôi nếu bạn có bất kỳ câu hỏi. Bằng việc truy cập hoặc sử dụng website của chúng tôi, bạn đồng ý bị ràng buộc bởi các <a href=\"/siteterms/terms-and-conditions.html\">Điều khoản và điều kiện</a> sử dụng cũng như <a href=\"/siteterms/privacy.html\">Chính sách bảo mật</a> của chúng tôi. Nếu không đồng ý với các quy định này, bạn vui lòng ngưng sử dụng website.<br /> <br /> <strong><a id=\"index\" name=\"index\"></a>Danh mục</strong><br /> <a href=\"#1\">Điều 1: Điều khoản liên quan đến phần mềm vận hành website</a><br /> <a href=\"#2\">Điều 2: Giới hạn cho việc sử dụng Website và các tài liệu trên website</a><br /> <a href=\"#3\">Điều 3: Sử dụng thương hiệu</a><br /> <a href=\"#4\">Điều 4: Các hành vi bị nghiêm cấm</a><br /> <a href=\"#5\">Điều 5: Các đường liên kết đến các website khác</a><br /> <a href=\"#6\">Điều 6: Từ chối bảo đảm</a><br /> <a href=\"#7\">Điều 7: Luật áp dụng và cơ quan giải quyết tranh chấp</a><br /> <a href=\"#8\">Điều 8: Thay đổi điều khoản và điều kiện sử dụng</a></div>  <hr  /> <h2><a id=\"1\" name=\"1\"></a>Điều khoản liên quan đến phần mềm vận hành website</h2>  <p>- Website của chúng tôi sử dụng hệ thống NukeViet, là giải pháp về website/ cổng thông tin nguồn mở được phát hành theo giấy phép bản quyền phần mềm tự do nguồn mở “<a href=\"http://www.gnu.org/licenses/old-licenses/gpl-2.0.html\" target=\"_blank\">GNU General Public License</a>” (viết tắt là GNU/GPL hay GPL) và có thể tải về miễn phí tại trang web <a href=\"http://www.nukeviet.vn\" target=\"_blank\">www.nukeviet.vn</a>.<br /> - Website này do chúng tôi sở hữu, điều hành và duy trì. NukeViet (hiểu ở đây là “hệ thống NukeViet” (bao gồm nhân hệ thống NukeViet và các sản phẩm phái sinh như NukeViet CMS, NukeViet Portal, <a href=\"http://edu.nukeviet.vn\" target=\"_blank\">NukeViet Edu Gate</a>...), “www.nukeviet.vn”, “tổ chức NukeViet”, “ban điều hành NukeViet”, &quot;Ban Quản Trị NukeViet&quot; và nói chung là những gì liên quan đến NukeViet...) không liên quan gì đến việc chúng tôi điều hành website cũng như quy định bạn được phép làm và không được phép làm gì trên website này.<br /> - Hệ thống NukeViet là bộ mã nguồn được phát triển để xây dựng các website/ cổng thông tin trên mạng. Chúng tôi (chủ sở hữu, điều hành và duy trì website này) không hỗ trợ và khẳng định hay ngụ ý về việc có liên quan đến NukeViet. Để biết thêm nhiều thông tin về NukeViet, hãy ghé thăm website của NukeViet tại địa chỉ: <a href=\"http://nukeviet.vn\" target=\"_blank\">http://nukeviet.vn</a>.</p>  <p style=\"text-align: right;\"><a href=\"#index\">Trở lại danh mục</a></p>  <h2><a id=\"2\" name=\"2\"></a>Giới hạn cho việc sử dụng Website và các tài liệu trên website</h2>  <p>- Tất cả các quyền liên quan đến tất cả tài liệu và thông tin được hiển thị và/ hoặc được tạo ra sẵn cho Website này (ví dụ như những tài liệu được cung cấp để tải về) được quản lý, sở hữu hoặc được cho phép sử dụng bởi chúng tôi hoặc chủ sở hữu tương ứng với giấy phép tương ứng. Việc sử dụng các tài liệu và thông tin phải được tuân thủ theo giấy phép tương ứng được áp dụng cho chúng.<br /> - Ngoại trừ các tài liệu được cấp phép rõ ràng dưới dạng giấy phép tư liệu mở&nbsp;Creative Commons (gọi là giấy phép CC) cho phép bạn khai thác và chia sẻ theo quy định của giấy phép tư liệu mở, đối với các loại tài liệu không ghi giấy phép rõ ràng thì bạn không được phép sử dụng (bao gồm nhưng không giới hạn việc sao chép, chỉnh sửa toàn bộ hay một phần, đăng tải, phân phối, cấp phép, bán và xuất bản) bất cứ tài liệu nào mà không có sự cho phép trước bằng văn bản của chúng tôi ngoại trừ việc sử dụng cho mục đích cá nhân, nội bộ, phi thương mại.<br /> - Một số tài liệu hoặc thông tin có những điều khoản và điều kiện áp dụng riêng cho chúng không phải là giấy phép tư liệu mở, trong trường hợp như vậy, bạn được yêu cầu phải chấp nhận các điều khoản và điều kiện đó khi truy cập vào các tài liệu và thông tin này.</p>  <p style=\"text-align: right;\"><a href=\"#index\">Trở lại danh mục</a></p>  <h2><a id=\"3\" name=\"3\"></a>Sử dụng thương hiệu</h2>  <p>- VINADES.,JSC, NukeViet và thương hiệu gắn với NukeViet (ví dụ NukeViet CMS, NukeViet Portal, NukeViet Edu Gate...), logo công ty VINADES thuộc sở hữu của Công ty cổ phần phát triển nguồn mở Việt Nam.<br /> - Những tên sản phẩm, tên dịch vụ khác, logo và/ hoặc những tên công ty được sử dụng trong Website này là những tài sản đã được đăng ký độc quyền và được giữ bản quyền bởi những người sở hữu và/ hoặc người cấp phép tương ứng.</p>  <p style=\"text-align: right;\"><a href=\"#index\">Trở lại danh mục</a></p>  <h2><a id=\"4\" name=\"4\"></a>Các hành vi bị nghiêm cấm</h2>  <p>Người truy cập website này không được thực hiện những hành vi dưới đây khi sử dụng website:<br /> - Xâm phạm các quyền hợp pháp (bao gồm nhưng không giới hạn đối với các quyền riêng tư và chung) của người khác.<br /> - Gây ra sự thiệt hại hoặc bất lợi cho người khác.<br /> - Làm xáo trộn trật tự công cộng.<br /> - Hành vi liên quan đến tội phạm.<br /> - Tải lên hoặc phát tán thông tin riêng tư của tổ chức, cá nhân khác mà không được sự chấp thuận của họ.<br /> - Sử dụng Website này vào mục đích thương mại mà chưa được sự cho phép của chúng tôi.<br /> - Nói xấu, làm nhục, phỉ báng người khác.<br /> - Tải lên các tập tin chứa virus hoặc các tập tin bị hư mà có thể gây thiệt hại đến sự vận hành của máy tính khác.<br /> - Những hoạt động có khả năng ảnh hưởng đến hoạt động bình thường của website.<br /> - Những hoạt động mà chúng tôi cho là không thích hợp.<br /> - Những hoạt động bất hợp pháp hoặc bị cấm bởi pháp luật hiện hành.</p>  <p style=\"text-align: right;\"><a href=\"#index\">Trở lại danh mục</a></p>  <h2><a id=\"5\" name=\"5\"></a>Các đường liên kết đến các website khác</h2>  <p>- Các website của các bên thứ ba (không phải các trang do chúng tôi quản lý) được liên kết đến hoặc từ website này (&quot;Các website khác&quot;) được điều hành và duy trì hoàn toàn độc lập bởi các bên thứ ba đó và không nằm trong quyền điều khiển và/hoặc giám sát của chúng tôi. Việc truy cập các website khác phải được tuân thủ theo các điều khoản và điều kiện quy định bởi ban điều hành của website đó.<br /> - Chúng tôi không chịu trách nhiệm cho sự mất mát hoặc thiệt hại do việc truy cập và sử dụng các website bên ngoài, và bạn phải chịu mọi rủi ro khi truy cập các website đó.<br /> - Không có nội dung nào trong Website này thể hiện như một sự đảm bảo của chúng tôi về nội dung của các website khác và các sản phẩm và/ hoặc các dịch vụ xuất hiện và/ hoặc được cung cấp tại các website khác.</p>  <p style=\"text-align: right;\"><a href=\"#index\">Trở lại danh mục</a></p>  <h2><a id=\"6\" name=\"6\"></a>Từ chối bảo đảm</h2>  <p>NGOẠI TRỪ PHẠM VI BỊ CẤM THEO LUẬT PHÁP HIỆN HÀNH, CHÚNG TÔI SẼ:<br /> - KHÔNG CHỊU TRÁCH NHIỆM HAY BẢO ĐẢM, MỘT CÁCH RÕ RÀNG HAY NGỤ Ý, BAO GỒM SỰ BẢO ĐẢM VỀ TÍNH CHÍNH XÁC, MỨC ĐỘ TIN CẬY, HOÀN THIỆN, PHÙ HỢP CHO MỤC ĐÍCH CỤ THỂ, SỰ KHÔNG XÂM PHẠM QUYỀN CỦA BÊN THỨ 3 VÀ/HOẶC TÍNH AN TOÀN CỦA NỘI DỤNG WEBSITE NÀY, VÀ NHỮNG TUYÊN BỐ, ĐẢM BẢO CÓ LIÊN QUAN.<br /> - KHÔNG CHỊU TRÁCH NHIỆM CHO BẤT KỲ SỰ THIỆT HẠI HAY MẤT MÁT PHÁT SINH TỪ VIỆC TRUY CẬP VÀ SỬ DỤNG WEBSITE HAY VIỆC KHÔNG THỂ SỬ DỤNG WEBSITE.<br /> - CHÚNG TÔI CÓ THỂ THAY ĐỔI VÀ/HOẶC THAY THẾ NỘI DUNG CỦA WEBSITE NÀY, HOẶC TẠM HOÃN HOẶC NGƯNG CUNG CẤP CÁC DỊCH VỤ QUA WEBSITE NÀY VÀO BẤT KỲ THỜI ĐIỂM NÀO MÀ KHÔNG CẦN THÔNG BÁO TRƯỚC. CHÚNG TÔI SẼ KHÔNG CHỊU TRÁCH NHIỆM CHO BẤT CỨ THIỆT HẠI NÀO PHÁT SINH DO SỰ THAY ĐỔI HOẶC THAY THẾ NỘI DUNG CỦA WEBSITE.</p>  <p style=\"text-align: right;\"><a href=\"#index\">Trở lại danh mục</a></p>  <h2><a id=\"7\" name=\"7\"></a>Luật áp dụng và cơ quan giải quyết tranh chấp</h2>  <p>- Các Điều Khoản và Điều Kiện này được điều chỉnh và giải thích theo luật của Việt Nam trừ khi có điều khoản khác được cung cấp thêm. Tất cả tranh chấp phát sinh liên quan đến website này và các Điều Khoản và Điều Kiện sử dụng này sẽ được giải quyết tại các tòa án ở Việt Nam.<br /> - Nếu một phần nào đó của các Điều Khoản và Điều Kiện bị xem là không có giá trị, vô hiệu, hoặc không áp dụng được vì lý do nào đó, phần đó được xem như là phần riêng biệt và không ảnh hưởng đến tính hiệu lực của phần còn lại.<br /> - Trong trường hợp có sự mâu thuẫn giữa bản Tiếng Anh và bản Tiếng Việt của bản Điều Khoản và Điều Kiện này, bản Tiếng Việt sẽ được ưu tiên áp dụng.</p>  <p style=\"text-align: right;\"><a href=\"#index\">Trở lại danh mục</a></p>  <h2><a id=\"8\" name=\"8\"></a>Thay đổi điều khoản và điều kiện sử dụng</h2>  <div>Điều khoản và điều kiện sử dụng có thể thay đổi theo thời gian. Chúng tôi bảo lưu quyền thay đổi hoặc sửa đổi bất kỳ điều khoản và điều kiện cũng như các quy định khác, bất cứ lúc nào và theo ý mình. Chúng tôi sẽ có thông báo trên website khi có sự thay đổi. Tiếp tục sử dụng trang web này sau khi đăng các thay đổi tức là bạn đã chấp nhận các thay đổi đó. <p style=\"text-align: right;\"><a href=\"#index\">Trở lại danh mục</a></p> </div>', '', 0, '4', '', 2, 1, 1724657086, 1724657086, 1, 0, 0);

-- --------------------------------------------------------

--
-- Table structure for table `nv4_vi_siteterms_config`
--

CREATE TABLE `nv4_vi_siteterms_config` (
  `config_name` varchar(30) NOT NULL,
  `config_value` varchar(255) NOT NULL
) ENGINE=MyISAM DEFAULT CHARSET=utf8mb4 COLLATE=utf8mb4_unicode_ci;

--
-- Dumping data for table `nv4_vi_siteterms_config`
--

INSERT INTO `nv4_vi_siteterms_config` (`config_name`, `config_value`) VALUES
('viewtype', '0'),
('facebookapi', ''),
('per_page', '20'),
('news_first', '0'),
('related_articles', '5'),
('copy_page', '0'),
('alias_lower', '1'),
('socialbutton', 'facebook,twitter');

-- --------------------------------------------------------

--
-- Table structure for table `nv4_vi_user_sample`
--

CREATE TABLE `nv4_vi_user_sample` (
  `id` int(11) NOT NULL,
  `fullname` varchar(255) NOT NULL,
  `email` varchar(100) NOT NULL,
  `phone` varchar(15) NOT NULL,
  `gender` tinyint(4) NOT NULL DEFAULT 0,
  `provide` int(11) NOT NULL DEFAULT 0,
  `district` int(11) NOT NULL DEFAULT 0,
  `active` int(11) NOT NULL DEFAULT 0,
  `addtime` int(11) NOT NULL DEFAULT 0,
  `updatetime` int(11) NOT NULL DEFAULT 0,
  `weight` int(11) NOT NULL DEFAULT 0
) ENGINE=InnoDB DEFAULT CHARSET=utf8mb4 COLLATE=utf8mb4_unicode_ci;

-- --------------------------------------------------------

--
-- Table structure for table `nv4_vi_voting`
--

CREATE TABLE `nv4_vi_voting` (
  `vid` smallint(5) UNSIGNED NOT NULL,
  `question` varchar(250) NOT NULL,
  `link` varchar(255) DEFAULT '',
  `acceptcm` int(2) NOT NULL DEFAULT 1,
  `active_captcha` tinyint(1) UNSIGNED NOT NULL DEFAULT 0,
  `admin_id` mediumint(8) UNSIGNED NOT NULL DEFAULT 0,
  `groups_view` varchar(255) DEFAULT '',
  `publ_time` int(11) UNSIGNED NOT NULL DEFAULT 0,
  `exp_time` int(11) UNSIGNED NOT NULL DEFAULT 0,
  `act` tinyint(1) UNSIGNED NOT NULL DEFAULT 0,
  `vote_one` tinyint(1) UNSIGNED NOT NULL DEFAULT 0 COMMENT '0 cho phép vote nhiều lần 1 cho phép vote 1 lần'
) ENGINE=MyISAM DEFAULT CHARSET=utf8mb4 COLLATE=utf8mb4_unicode_ci;

--
-- Dumping data for table `nv4_vi_voting`
--

INSERT INTO `nv4_vi_voting` (`vid`, `question`, `link`, `acceptcm`, `active_captcha`, `admin_id`, `groups_view`, `publ_time`, `exp_time`, `act`, `vote_one`) VALUES
(2, 'Bạn biết gì về NukeViet 4?', '', 1, 0, 1, '6', 1724657086, 0, 1, 0),
(3, 'Lợi ích của phần mềm nguồn mở là gì?', '', 1, 0, 1, '6', 1724657086, 0, 1, 0);

-- --------------------------------------------------------

--
-- Table structure for table `nv4_vi_voting_rows`
--

CREATE TABLE `nv4_vi_voting_rows` (
  `id` mediumint(8) UNSIGNED NOT NULL,
  `vid` smallint(5) UNSIGNED NOT NULL,
  `title` varchar(245) NOT NULL DEFAULT '',
  `url` varchar(255) DEFAULT '',
  `hitstotal` int(11) UNSIGNED NOT NULL DEFAULT 0
) ENGINE=MyISAM DEFAULT CHARSET=utf8mb4 COLLATE=utf8mb4_unicode_ci;

--
-- Dumping data for table `nv4_vi_voting_rows`
--

INSERT INTO `nv4_vi_voting_rows` (`id`, `vid`, `title`, `url`, `hitstotal`) VALUES
(5, 2, 'Một bộ sourcecode cho web hoàn toàn mới.', '', 0),
(6, 2, 'Mã nguồn mở, sử dụng miễn phí.', '', 0),
(7, 2, 'Sử dụng HTML5, CSS3 và hỗ trợ Ajax', '', 0),
(8, 2, 'Tất cả các ý kiến trên', '', 0),
(9, 3, 'Liên tục được cải tiến, sửa đổi bởi cả thế giới.', '', 0),
(10, 3, 'Được sử dụng miễn phí không mất tiền.', '', 0),
(11, 3, 'Được tự do khám phá, sửa đổi theo ý thích.', '', 0),
(12, 3, 'Phù hợp để học tập, nghiên cứu vì được tự do sửa đổi theo ý thích.', '', 0),
(13, 3, 'Tất cả các ý kiến trên', '', 0);

-- --------------------------------------------------------

--
-- Table structure for table `nv4_vi_voting_voted`
--

CREATE TABLE `nv4_vi_voting_voted` (
  `vid` smallint(5) UNSIGNED NOT NULL,
  `voted` text DEFAULT NULL
) ENGINE=MyISAM DEFAULT CHARSET=utf8mb4 COLLATE=utf8mb4_unicode_ci;

--
-- Indexes for dumped tables
--

--
-- Indexes for table `nv4_authors`
--
ALTER TABLE `nv4_authors`
  ADD PRIMARY KEY (`admin_id`);

--
-- Indexes for table `nv4_authors_api_credential`
--
ALTER TABLE `nv4_authors_api_credential`
  ADD UNIQUE KEY `credential_ident` (`credential_ident`),
  ADD UNIQUE KEY `credential_secret` (`credential_secret`),
  ADD KEY `admin_id` (`admin_id`);

--
-- Indexes for table `nv4_authors_api_role`
--
ALTER TABLE `nv4_authors_api_role`
  ADD PRIMARY KEY (`role_id`);

--
-- Indexes for table `nv4_authors_config`
--
ALTER TABLE `nv4_authors_config`
  ADD PRIMARY KEY (`id`),
  ADD UNIQUE KEY `keyname` (`keyname`);

--
-- Indexes for table `nv4_authors_module`
--
ALTER TABLE `nv4_authors_module`
  ADD PRIMARY KEY (`mid`),
  ADD UNIQUE KEY `module` (`module`);

--
-- Indexes for table `nv4_authors_oauth`
--
ALTER TABLE `nv4_authors_oauth`
  ADD PRIMARY KEY (`id`),
  ADD UNIQUE KEY `admin_id` (`admin_id`,`oauth_server`,`oauth_uid`),
  ADD KEY `oauth_email` (`oauth_email`);

--
-- Indexes for table `nv4_banners_click`
--
ALTER TABLE `nv4_banners_click`
  ADD PRIMARY KEY (`id`),
  ADD KEY `bid` (`bid`),
  ADD KEY `click_day` (`click_day`),
  ADD KEY `click_ip` (`click_ip`),
  ADD KEY `click_country` (`click_country`),
  ADD KEY `click_browse_key` (`click_browse_key`),
  ADD KEY `click_os_key` (`click_os_key`);

--
-- Indexes for table `nv4_banners_plans`
--
ALTER TABLE `nv4_banners_plans`
  ADD PRIMARY KEY (`id`),
  ADD KEY `title` (`title`);

--
-- Indexes for table `nv4_banners_rows`
--
ALTER TABLE `nv4_banners_rows`
  ADD PRIMARY KEY (`id`),
  ADD KEY `pid` (`pid`),
  ADD KEY `clid` (`clid`);

--
-- Indexes for table `nv4_config`
--
ALTER TABLE `nv4_config`
  ADD UNIQUE KEY `lang` (`lang`,`module`,`config_name`);

--
-- Indexes for table `nv4_cookies`
--
ALTER TABLE `nv4_cookies`
  ADD UNIQUE KEY `cookiename` (`name`,`domain`,`path`),
  ADD KEY `name` (`name`);

--
-- Indexes for table `nv4_counter`
--
ALTER TABLE `nv4_counter`
  ADD UNIQUE KEY `c_type` (`c_type`,`c_val`);

--
-- Indexes for table `nv4_cronjobs`
--
ALTER TABLE `nv4_cronjobs`
  ADD PRIMARY KEY (`id`),
  ADD KEY `is_sys` (`is_sys`);

--
-- Indexes for table `nv4_extension_files`
--
ALTER TABLE `nv4_extension_files`
  ADD PRIMARY KEY (`idfile`);

--
-- Indexes for table `nv4_ips`
--
ALTER TABLE `nv4_ips`
  ADD PRIMARY KEY (`id`),
  ADD UNIQUE KEY `ip` (`ip`,`type`);

--
-- Indexes for table `nv4_language`
--
ALTER TABLE `nv4_language`
  ADD PRIMARY KEY (`id`),
  ADD UNIQUE KEY `filelang` (`idfile`,`lang_key`,`langtype`);

--
-- Indexes for table `nv4_language_file`
--
ALTER TABLE `nv4_language_file`
  ADD PRIMARY KEY (`idfile`),
  ADD UNIQUE KEY `module` (`module`,`admin_file`);

--
-- Indexes for table `nv4_logs`
--
ALTER TABLE `nv4_logs`
  ADD PRIMARY KEY (`id`);

--
-- Indexes for table `nv4_notification`
--
ALTER TABLE `nv4_notification`
  ADD PRIMARY KEY (`id`),
  ADD KEY `send_to` (`send_to`),
  ADD KEY `admin_view_allowed` (`admin_view_allowed`),
  ADD KEY `logic_mode` (`logic_mode`);

--
-- Indexes for table `nv4_plugin`
--
ALTER TABLE `nv4_plugin`
  ADD PRIMARY KEY (`pid`),
  ADD UNIQUE KEY `plugin_file` (`plugin_file`);

--
-- Indexes for table `nv4_sessions`
--
ALTER TABLE `nv4_sessions`
  ADD UNIQUE KEY `session_id` (`session_id`),
  ADD KEY `onl_time` (`onl_time`);

--
-- Indexes for table `nv4_setup_extensions`
--
ALTER TABLE `nv4_setup_extensions`
  ADD UNIQUE KEY `title` (`type`,`title`),
  ADD KEY `id` (`id`),
  ADD KEY `type` (`type`);

--
-- Indexes for table `nv4_setup_language`
--
ALTER TABLE `nv4_setup_language`
  ADD PRIMARY KEY (`lang`);

--
-- Indexes for table `nv4_upload_dir`
--
ALTER TABLE `nv4_upload_dir`
  ADD PRIMARY KEY (`did`),
  ADD UNIQUE KEY `name` (`dirname`);

--
-- Indexes for table `nv4_upload_file`
--
ALTER TABLE `nv4_upload_file`
  ADD UNIQUE KEY `did` (`did`,`title`),
  ADD KEY `userid` (`userid`),
  ADD KEY `type` (`type`);

--
-- Indexes for table `nv4_users`
--
ALTER TABLE `nv4_users`
  ADD PRIMARY KEY (`userid`),
  ADD UNIQUE KEY `username` (`username`),
  ADD UNIQUE KEY `md5username` (`md5username`),
  ADD UNIQUE KEY `email` (`email`),
  ADD KEY `idsite` (`idsite`);

--
-- Indexes for table `nv4_users_backupcodes`
--
ALTER TABLE `nv4_users_backupcodes`
  ADD UNIQUE KEY `userid` (`userid`,`code`);

--
-- Indexes for table `nv4_users_config`
--
ALTER TABLE `nv4_users_config`
  ADD PRIMARY KEY (`config`);

--
-- Indexes for table `nv4_users_edit`
--
ALTER TABLE `nv4_users_edit`
  ADD PRIMARY KEY (`userid`);

--
-- Indexes for table `nv4_users_field`
--
ALTER TABLE `nv4_users_field`
  ADD PRIMARY KEY (`fid`),
  ADD UNIQUE KEY `field` (`field`);

--
-- Indexes for table `nv4_users_groups`
--
ALTER TABLE `nv4_users_groups`
  ADD PRIMARY KEY (`group_id`),
  ADD UNIQUE KEY `kalias` (`alias`,`idsite`),
  ADD KEY `exp_time` (`exp_time`);

--
-- Indexes for table `nv4_users_groups_detail`
--
ALTER TABLE `nv4_users_groups_detail`
  ADD UNIQUE KEY `group_id_lang` (`lang`,`group_id`);

--
-- Indexes for table `nv4_users_groups_users`
--
ALTER TABLE `nv4_users_groups_users`
  ADD PRIMARY KEY (`group_id`,`userid`);

--
-- Indexes for table `nv4_users_info`
--
ALTER TABLE `nv4_users_info`
  ADD PRIMARY KEY (`userid`);

--
-- Indexes for table `nv4_users_openid`
--
ALTER TABLE `nv4_users_openid`
  ADD UNIQUE KEY `opid` (`openid`,`opid`),
  ADD KEY `userid` (`userid`),
  ADD KEY `email` (`email`);

--
-- Indexes for table `nv4_users_question`
--
ALTER TABLE `nv4_users_question`
  ADD PRIMARY KEY (`qid`),
  ADD UNIQUE KEY `title` (`title`,`lang`);

--
-- Indexes for table `nv4_users_reg`
--
ALTER TABLE `nv4_users_reg`
  ADD PRIMARY KEY (`userid`),
  ADD UNIQUE KEY `login` (`username`),
  ADD UNIQUE KEY `md5username` (`md5username`),
  ADD UNIQUE KEY `email` (`email`);

--
-- Indexes for table `nv4_vi_about`
--
ALTER TABLE `nv4_vi_about`
  ADD PRIMARY KEY (`id`),
  ADD UNIQUE KEY `alias` (`alias`);

--
-- Indexes for table `nv4_vi_about_config`
--
ALTER TABLE `nv4_vi_about_config`
  ADD UNIQUE KEY `config_name` (`config_name`);

--
-- Indexes for table `nv4_vi_blocks_groups`
--
ALTER TABLE `nv4_vi_blocks_groups`
  ADD PRIMARY KEY (`bid`),
  ADD KEY `theme` (`theme`),
  ADD KEY `module` (`module`),
  ADD KEY `position` (`position`),
  ADD KEY `exp_time` (`exp_time`);

--
-- Indexes for table `nv4_vi_blocks_weight`
--
ALTER TABLE `nv4_vi_blocks_weight`
  ADD UNIQUE KEY `bid` (`bid`,`func_id`);

--
-- Indexes for table `nv4_vi_comment`
--
ALTER TABLE `nv4_vi_comment`
  ADD PRIMARY KEY (`cid`),
  ADD KEY `mod_id` (`module`,`area`,`id`),
  ADD KEY `post_time` (`post_time`);

--
-- Indexes for table `nv4_vi_contact_department`
--
ALTER TABLE `nv4_vi_contact_department`
  ADD PRIMARY KEY (`id`),
  ADD UNIQUE KEY `full_name` (`full_name`),
  ADD UNIQUE KEY `alias` (`alias`);

--
-- Indexes for table `nv4_vi_contact_reply`
--
ALTER TABLE `nv4_vi_contact_reply`
  ADD PRIMARY KEY (`rid`),
  ADD KEY `id` (`id`);

--
-- Indexes for table `nv4_vi_contact_send`
--
ALTER TABLE `nv4_vi_contact_send`
  ADD PRIMARY KEY (`id`),
  ADD KEY `sender_name` (`sender_name`);

--
-- Indexes for table `nv4_vi_contact_supporter`
--
ALTER TABLE `nv4_vi_contact_supporter`
  ADD PRIMARY KEY (`id`);

--
-- Indexes for table `nv4_vi_freecontent_blocks`
--
ALTER TABLE `nv4_vi_freecontent_blocks`
  ADD PRIMARY KEY (`bid`);

--
-- Indexes for table `nv4_vi_freecontent_rows`
--
ALTER TABLE `nv4_vi_freecontent_rows`
  ADD PRIMARY KEY (`id`);

--
-- Indexes for table `nv4_vi_menu`
--
ALTER TABLE `nv4_vi_menu`
  ADD PRIMARY KEY (`id`),
  ADD UNIQUE KEY `title` (`title`);

--
-- Indexes for table `nv4_vi_menu_rows`
--
ALTER TABLE `nv4_vi_menu_rows`
  ADD PRIMARY KEY (`id`),
  ADD KEY `parentid` (`parentid`,`mid`);

--
-- Indexes for table `nv4_vi_modfuncs`
--
ALTER TABLE `nv4_vi_modfuncs`
  ADD PRIMARY KEY (`func_id`),
  ADD UNIQUE KEY `func_name` (`func_name`,`in_module`),
  ADD UNIQUE KEY `alias` (`alias`,`in_module`);

--
-- Indexes for table `nv4_vi_modthemes`
--
ALTER TABLE `nv4_vi_modthemes`
  ADD UNIQUE KEY `func_id` (`func_id`,`layout`,`theme`);

--
-- Indexes for table `nv4_vi_modules`
--
ALTER TABLE `nv4_vi_modules`
  ADD PRIMARY KEY (`title`);

--
-- Indexes for table `nv4_vi_news_1`
--
ALTER TABLE `nv4_vi_news_1`
  ADD PRIMARY KEY (`id`),
  ADD KEY `catid` (`catid`),
  ADD KEY `topicid` (`topicid`),
  ADD KEY `admin_id` (`admin_id`),
  ADD KEY `author` (`author`),
  ADD KEY `title` (`title`),
  ADD KEY `addtime` (`addtime`),
  ADD KEY `edittime` (`edittime`),
  ADD KEY `publtime` (`publtime`),
  ADD KEY `exptime` (`exptime`),
  ADD KEY `status` (`status`),
  ADD KEY `instant_active` (`instant_active`),
  ADD KEY `instant_creatauto` (`instant_creatauto`);

--
-- Indexes for table `nv4_vi_news_2`
--
ALTER TABLE `nv4_vi_news_2`
  ADD PRIMARY KEY (`id`),
  ADD KEY `catid` (`catid`),
  ADD KEY `topicid` (`topicid`),
  ADD KEY `admin_id` (`admin_id`),
  ADD KEY `author` (`author`),
  ADD KEY `title` (`title`),
  ADD KEY `addtime` (`addtime`),
  ADD KEY `edittime` (`edittime`),
  ADD KEY `publtime` (`publtime`),
  ADD KEY `exptime` (`exptime`),
  ADD KEY `status` (`status`),
  ADD KEY `instant_active` (`instant_active`),
  ADD KEY `instant_creatauto` (`instant_creatauto`);

--
-- Indexes for table `nv4_vi_news_3`
--
ALTER TABLE `nv4_vi_news_3`
  ADD PRIMARY KEY (`id`),
  ADD KEY `catid` (`catid`),
  ADD KEY `topicid` (`topicid`),
  ADD KEY `admin_id` (`admin_id`),
  ADD KEY `author` (`author`),
  ADD KEY `title` (`title`),
  ADD KEY `addtime` (`addtime`),
  ADD KEY `edittime` (`edittime`),
  ADD KEY `publtime` (`publtime`),
  ADD KEY `exptime` (`exptime`),
  ADD KEY `status` (`status`),
  ADD KEY `instant_active` (`instant_active`),
  ADD KEY `instant_creatauto` (`instant_creatauto`);

--
-- Indexes for table `nv4_vi_news_4`
--
ALTER TABLE `nv4_vi_news_4`
  ADD PRIMARY KEY (`id`),
  ADD KEY `catid` (`catid`),
  ADD KEY `topicid` (`topicid`),
  ADD KEY `admin_id` (`admin_id`),
  ADD KEY `author` (`author`),
  ADD KEY `title` (`title`),
  ADD KEY `addtime` (`addtime`),
  ADD KEY `edittime` (`edittime`),
  ADD KEY `publtime` (`publtime`),
  ADD KEY `exptime` (`exptime`),
  ADD KEY `status` (`status`),
  ADD KEY `instant_active` (`instant_active`),
  ADD KEY `instant_creatauto` (`instant_creatauto`);

--
-- Indexes for table `nv4_vi_news_5`
--
ALTER TABLE `nv4_vi_news_5`
  ADD PRIMARY KEY (`id`),
  ADD KEY `catid` (`catid`),
  ADD KEY `topicid` (`topicid`),
  ADD KEY `admin_id` (`admin_id`),
  ADD KEY `author` (`author`),
  ADD KEY `title` (`title`),
  ADD KEY `addtime` (`addtime`),
  ADD KEY `edittime` (`edittime`),
  ADD KEY `publtime` (`publtime`),
  ADD KEY `exptime` (`exptime`),
  ADD KEY `status` (`status`),
  ADD KEY `instant_active` (`instant_active`),
  ADD KEY `instant_creatauto` (`instant_creatauto`);

--
-- Indexes for table `nv4_vi_news_6`
--
ALTER TABLE `nv4_vi_news_6`
  ADD PRIMARY KEY (`id`),
  ADD KEY `catid` (`catid`),
  ADD KEY `topicid` (`topicid`),
  ADD KEY `admin_id` (`admin_id`),
  ADD KEY `author` (`author`),
  ADD KEY `title` (`title`),
  ADD KEY `addtime` (`addtime`),
  ADD KEY `edittime` (`edittime`),
  ADD KEY `publtime` (`publtime`),
  ADD KEY `exptime` (`exptime`),
  ADD KEY `status` (`status`),
  ADD KEY `instant_active` (`instant_active`),
  ADD KEY `instant_creatauto` (`instant_creatauto`);

--
-- Indexes for table `nv4_vi_news_7`
--
ALTER TABLE `nv4_vi_news_7`
  ADD PRIMARY KEY (`id`),
  ADD KEY `catid` (`catid`),
  ADD KEY `topicid` (`topicid`),
  ADD KEY `admin_id` (`admin_id`),
  ADD KEY `author` (`author`),
  ADD KEY `title` (`title`),
  ADD KEY `addtime` (`addtime`),
  ADD KEY `edittime` (`edittime`),
  ADD KEY `publtime` (`publtime`),
  ADD KEY `exptime` (`exptime`),
  ADD KEY `status` (`status`),
  ADD KEY `instant_active` (`instant_active`),
  ADD KEY `instant_creatauto` (`instant_creatauto`);

--
-- Indexes for table `nv4_vi_news_admins`
--
ALTER TABLE `nv4_vi_news_admins`
  ADD UNIQUE KEY `userid` (`userid`,`catid`);

--
-- Indexes for table `nv4_vi_news_author`
--
ALTER TABLE `nv4_vi_news_author`
  ADD PRIMARY KEY (`id`),
  ADD UNIQUE KEY `uid` (`uid`),
  ADD UNIQUE KEY `alias` (`alias`);

--
-- Indexes for table `nv4_vi_news_authorlist`
--
ALTER TABLE `nv4_vi_news_authorlist`
  ADD UNIQUE KEY `id_aid` (`id`,`aid`),
  ADD KEY `aid` (`aid`),
  ADD KEY `alias` (`alias`);

--
-- Indexes for table `nv4_vi_news_block`
--
ALTER TABLE `nv4_vi_news_block`
  ADD UNIQUE KEY `bid` (`bid`,`id`);

--
-- Indexes for table `nv4_vi_news_block_cat`
--
ALTER TABLE `nv4_vi_news_block_cat`
  ADD PRIMARY KEY (`bid`),
  ADD UNIQUE KEY `title` (`title`),
  ADD UNIQUE KEY `alias` (`alias`);

--
-- Indexes for table `nv4_vi_news_cat`
--
ALTER TABLE `nv4_vi_news_cat`
  ADD PRIMARY KEY (`catid`),
  ADD UNIQUE KEY `alias` (`alias`),
  ADD KEY `parentid` (`parentid`),
  ADD KEY `status` (`status`);

--
-- Indexes for table `nv4_vi_news_config_post`
--
ALTER TABLE `nv4_vi_news_config_post`
  ADD PRIMARY KEY (`group_id`);

--
-- Indexes for table `nv4_vi_news_detail`
--
ALTER TABLE `nv4_vi_news_detail`
  ADD PRIMARY KEY (`id`);

--
-- Indexes for table `nv4_vi_news_logs`
--
ALTER TABLE `nv4_vi_news_logs`
  ADD PRIMARY KEY (`id`),
  ADD KEY `sid` (`sid`),
  ADD KEY `log_key` (`log_key`),
  ADD KEY `status` (`status`),
  ADD KEY `userid` (`userid`);

--
-- Indexes for table `nv4_vi_news_rows`
--
ALTER TABLE `nv4_vi_news_rows`
  ADD PRIMARY KEY (`id`),
  ADD KEY `catid` (`catid`),
  ADD KEY `topicid` (`topicid`),
  ADD KEY `admin_id` (`admin_id`),
  ADD KEY `author` (`author`),
  ADD KEY `title` (`title`),
  ADD KEY `addtime` (`addtime`),
  ADD KEY `edittime` (`edittime`),
  ADD KEY `publtime` (`publtime`),
  ADD KEY `exptime` (`exptime`),
  ADD KEY `status` (`status`),
  ADD KEY `instant_active` (`instant_active`),
  ADD KEY `instant_creatauto` (`instant_creatauto`);

--
-- Indexes for table `nv4_vi_news_row_histories`
--
ALTER TABLE `nv4_vi_news_row_histories`
  ADD PRIMARY KEY (`id`),
  ADD KEY `new_id` (`new_id`),
  ADD KEY `historytime` (`historytime`),
  ADD KEY `admin_id` (`admin_id`);

--
-- Indexes for table `nv4_vi_news_sources`
--
ALTER TABLE `nv4_vi_news_sources`
  ADD PRIMARY KEY (`sourceid`),
  ADD UNIQUE KEY `title` (`title`);

--
-- Indexes for table `nv4_vi_news_tags`
--
ALTER TABLE `nv4_vi_news_tags`
  ADD PRIMARY KEY (`tid`),
  ADD UNIQUE KEY `alias` (`alias`);

--
-- Indexes for table `nv4_vi_news_tags_id`
--
ALTER TABLE `nv4_vi_news_tags_id`
  ADD UNIQUE KEY `id_tid` (`id`,`tid`),
  ADD KEY `tid` (`tid`);

--
-- Indexes for table `nv4_vi_news_tmp`
--
ALTER TABLE `nv4_vi_news_tmp`
  ADD PRIMARY KEY (`id`);

--
-- Indexes for table `nv4_vi_news_topics`
--
ALTER TABLE `nv4_vi_news_topics`
  ADD PRIMARY KEY (`topicid`),
  ADD UNIQUE KEY `title` (`title`),
  ADD UNIQUE KEY `alias` (`alias`);

--
-- Indexes for table `nv4_vi_news_voices`
--
ALTER TABLE `nv4_vi_news_voices`
  ADD PRIMARY KEY (`id`),
  ADD UNIQUE KEY `title` (`title`),
  ADD KEY `weight` (`weight`),
  ADD KEY `status` (`status`);

--
-- Indexes for table `nv4_vi_page`
--
ALTER TABLE `nv4_vi_page`
  ADD PRIMARY KEY (`id`),
  ADD UNIQUE KEY `alias` (`alias`);

--
-- Indexes for table `nv4_vi_page_config`
--
ALTER TABLE `nv4_vi_page_config`
  ADD UNIQUE KEY `config_name` (`config_name`);

--
-- Indexes for table `nv4_vi_referer_stats`
--
ALTER TABLE `nv4_vi_referer_stats`
  ADD UNIQUE KEY `host` (`host`),
  ADD KEY `total` (`total`);

--
-- Indexes for table `nv4_vi_room_booking`
--
ALTER TABLE `nv4_vi_room_booking`
  ADD PRIMARY KEY (`booking_id`);

--
-- Indexes for table `nv4_vi_room_booking_details`
--
ALTER TABLE `nv4_vi_room_booking_details`
  ADD PRIMARY KEY (`id`),
  ADD KEY `booking_id` (`booking_id`);

--
-- Indexes for table `nv4_vi_room_carousel`
--
ALTER TABLE `nv4_vi_room_carousel`
  ADD PRIMARY KEY (`id`);

--
-- Indexes for table `nv4_vi_room_facilities`
--
ALTER TABLE `nv4_vi_room_facilities`
  ADD PRIMARY KEY (`id`);

--
-- Indexes for table `nv4_vi_room_features`
--
ALTER TABLE `nv4_vi_room_features`
  ADD PRIMARY KEY (`id`);

--
-- Indexes for table `nv4_vi_room_images`
--
ALTER TABLE `nv4_vi_room_images`
  ADD PRIMARY KEY (`id`),
  ADD KEY `room_id` (`room_id`);

--
-- Indexes for table `nv4_vi_room_rooms`
--
ALTER TABLE `nv4_vi_room_rooms`
  ADD PRIMARY KEY (`id`);

--
-- Indexes for table `nv4_vi_room_roomxfacilities`
--
ALTER TABLE `nv4_vi_room_roomxfacilities`
  ADD PRIMARY KEY (`id`),
  ADD KEY `room_id` (`room_id`),
  ADD KEY `facilities_id` (`facilities_id`);

--
-- Indexes for table `nv4_vi_room_roomxfeatures`
--
ALTER TABLE `nv4_vi_room_roomxfeatures`
  ADD PRIMARY KEY (`id`),
  ADD KEY `room_id` (`room_id`),
  ADD KEY `features_id` (`features_id`);

--
-- Indexes for table `nv4_vi_searchkeys`
--
ALTER TABLE `nv4_vi_searchkeys`
  ADD KEY `id` (`id`),
  ADD KEY `skey` (`skey`),
  ADD KEY `search_engine` (`search_engine`);

--
-- Indexes for table `nv4_vi_siteterms`
--
ALTER TABLE `nv4_vi_siteterms`
  ADD PRIMARY KEY (`id`),
  ADD UNIQUE KEY `alias` (`alias`);

--
-- Indexes for table `nv4_vi_siteterms_config`
--
ALTER TABLE `nv4_vi_siteterms_config`
  ADD UNIQUE KEY `config_name` (`config_name`);

--
-- Indexes for table `nv4_vi_user_sample`
--
ALTER TABLE `nv4_vi_user_sample`
  ADD PRIMARY KEY (`id`);

--
-- Indexes for table `nv4_vi_voting`
--
ALTER TABLE `nv4_vi_voting`
  ADD PRIMARY KEY (`vid`),
  ADD UNIQUE KEY `question` (`question`);

--
-- Indexes for table `nv4_vi_voting_rows`
--
ALTER TABLE `nv4_vi_voting_rows`
  ADD PRIMARY KEY (`id`),
  ADD UNIQUE KEY `vid` (`vid`,`title`);

--
-- Indexes for table `nv4_vi_voting_voted`
--
ALTER TABLE `nv4_vi_voting_voted`
  ADD UNIQUE KEY `vid` (`vid`);

--
-- AUTO_INCREMENT for dumped tables
--

--
-- AUTO_INCREMENT for table `nv4_authors_api_role`
--
ALTER TABLE `nv4_authors_api_role`
  MODIFY `role_id` smallint(4) NOT NULL AUTO_INCREMENT;

--
-- AUTO_INCREMENT for table `nv4_authors_config`
--
ALTER TABLE `nv4_authors_config`
  MODIFY `id` mediumint(8) UNSIGNED NOT NULL AUTO_INCREMENT;

--
-- AUTO_INCREMENT for table `nv4_authors_module`
--
ALTER TABLE `nv4_authors_module`
  MODIFY `mid` mediumint(8) NOT NULL AUTO_INCREMENT, AUTO_INCREMENT=13;

--
-- AUTO_INCREMENT for table `nv4_authors_oauth`
--
ALTER TABLE `nv4_authors_oauth`
  MODIFY `id` mediumint(8) UNSIGNED NOT NULL AUTO_INCREMENT;

--
-- AUTO_INCREMENT for table `nv4_banners_click`
--
ALTER TABLE `nv4_banners_click`
  MODIFY `id` int(11) UNSIGNED NOT NULL AUTO_INCREMENT;

--
-- AUTO_INCREMENT for table `nv4_banners_plans`
--
ALTER TABLE `nv4_banners_plans`
  MODIFY `id` smallint(5) UNSIGNED NOT NULL AUTO_INCREMENT, AUTO_INCREMENT=4;

--
-- AUTO_INCREMENT for table `nv4_banners_rows`
--
ALTER TABLE `nv4_banners_rows`
  MODIFY `id` mediumint(8) UNSIGNED NOT NULL AUTO_INCREMENT, AUTO_INCREMENT=3;

--
-- AUTO_INCREMENT for table `nv4_cronjobs`
--
ALTER TABLE `nv4_cronjobs`
  MODIFY `id` mediumint(8) UNSIGNED NOT NULL AUTO_INCREMENT, AUTO_INCREMENT=10;

--
-- AUTO_INCREMENT for table `nv4_extension_files`
--
ALTER TABLE `nv4_extension_files`
  MODIFY `idfile` mediumint(8) UNSIGNED NOT NULL AUTO_INCREMENT;

--
-- AUTO_INCREMENT for table `nv4_ips`
--
ALTER TABLE `nv4_ips`
  MODIFY `id` mediumint(8) NOT NULL AUTO_INCREMENT, AUTO_INCREMENT=2;

--
-- AUTO_INCREMENT for table `nv4_language`
--
ALTER TABLE `nv4_language`
  MODIFY `id` mediumint(8) UNSIGNED NOT NULL AUTO_INCREMENT, AUTO_INCREMENT=4850;

--
-- AUTO_INCREMENT for table `nv4_language_file`
--
ALTER TABLE `nv4_language_file`
  MODIFY `idfile` mediumint(8) UNSIGNED NOT NULL AUTO_INCREMENT, AUTO_INCREMENT=57;

--
-- AUTO_INCREMENT for table `nv4_logs`
--
ALTER TABLE `nv4_logs`
  MODIFY `id` int(11) NOT NULL AUTO_INCREMENT, AUTO_INCREMENT=1004;

--
-- AUTO_INCREMENT for table `nv4_notification`
--
ALTER TABLE `nv4_notification`
  MODIFY `id` int(11) UNSIGNED NOT NULL AUTO_INCREMENT, AUTO_INCREMENT=5;

--
-- AUTO_INCREMENT for table `nv4_plugin`
--
ALTER TABLE `nv4_plugin`
  MODIFY `pid` tinyint(4) NOT NULL AUTO_INCREMENT, AUTO_INCREMENT=3;

--
-- AUTO_INCREMENT for table `nv4_upload_dir`
--
ALTER TABLE `nv4_upload_dir`
  MODIFY `did` mediumint(8) NOT NULL AUTO_INCREMENT, AUTO_INCREMENT=29;

--
-- AUTO_INCREMENT for table `nv4_users`
--
ALTER TABLE `nv4_users`
  MODIFY `userid` mediumint(8) UNSIGNED NOT NULL AUTO_INCREMENT, AUTO_INCREMENT=7;

--
-- AUTO_INCREMENT for table `nv4_users_backupcodes`
--
ALTER TABLE `nv4_users_backupcodes`
  MODIFY `userid` mediumint(8) UNSIGNED NOT NULL AUTO_INCREMENT;

--
-- AUTO_INCREMENT for table `nv4_users_field`
--
ALTER TABLE `nv4_users_field`
  MODIFY `fid` mediumint(8) NOT NULL AUTO_INCREMENT, AUTO_INCREMENT=8;

--
-- AUTO_INCREMENT for table `nv4_users_groups`
--
ALTER TABLE `nv4_users_groups`
  MODIFY `group_id` smallint(5) UNSIGNED NOT NULL AUTO_INCREMENT, AUTO_INCREMENT=13;

--
-- AUTO_INCREMENT for table `nv4_users_question`
--
ALTER TABLE `nv4_users_question`
  MODIFY `qid` smallint(5) UNSIGNED NOT NULL AUTO_INCREMENT, AUTO_INCREMENT=8;

--
-- AUTO_INCREMENT for table `nv4_users_reg`
--
ALTER TABLE `nv4_users_reg`
  MODIFY `userid` mediumint(8) UNSIGNED NOT NULL AUTO_INCREMENT, AUTO_INCREMENT=2;

--
-- AUTO_INCREMENT for table `nv4_vi_about`
--
ALTER TABLE `nv4_vi_about`
  MODIFY `id` mediumint(8) UNSIGNED NOT NULL AUTO_INCREMENT, AUTO_INCREMENT=4;

--
-- AUTO_INCREMENT for table `nv4_vi_blocks_groups`
--
ALTER TABLE `nv4_vi_blocks_groups`
  MODIFY `bid` mediumint(8) UNSIGNED NOT NULL AUTO_INCREMENT, AUTO_INCREMENT=257;

--
-- AUTO_INCREMENT for table `nv4_vi_comment`
--
ALTER TABLE `nv4_vi_comment`
  MODIFY `cid` mediumint(8) UNSIGNED NOT NULL AUTO_INCREMENT, AUTO_INCREMENT=3;

--
-- AUTO_INCREMENT for table `nv4_vi_contact_department`
--
ALTER TABLE `nv4_vi_contact_department`
  MODIFY `id` smallint(5) UNSIGNED NOT NULL AUTO_INCREMENT, AUTO_INCREMENT=3;

--
-- AUTO_INCREMENT for table `nv4_vi_contact_reply`
--
ALTER TABLE `nv4_vi_contact_reply`
  MODIFY `rid` mediumint(8) UNSIGNED NOT NULL AUTO_INCREMENT;

--
-- AUTO_INCREMENT for table `nv4_vi_contact_send`
--
ALTER TABLE `nv4_vi_contact_send`
  MODIFY `id` mediumint(8) UNSIGNED NOT NULL AUTO_INCREMENT, AUTO_INCREMENT=2;

--
-- AUTO_INCREMENT for table `nv4_vi_contact_supporter`
--
ALTER TABLE `nv4_vi_contact_supporter`
  MODIFY `id` smallint(5) UNSIGNED NOT NULL AUTO_INCREMENT;

--
-- AUTO_INCREMENT for table `nv4_vi_freecontent_blocks`
--
ALTER TABLE `nv4_vi_freecontent_blocks`
  MODIFY `bid` mediumint(8) UNSIGNED NOT NULL AUTO_INCREMENT, AUTO_INCREMENT=2;

--
-- AUTO_INCREMENT for table `nv4_vi_freecontent_rows`
--
ALTER TABLE `nv4_vi_freecontent_rows`
  MODIFY `id` mediumint(8) UNSIGNED NOT NULL AUTO_INCREMENT, AUTO_INCREMENT=6;

--
-- AUTO_INCREMENT for table `nv4_vi_menu`
--
ALTER TABLE `nv4_vi_menu`
  MODIFY `id` smallint(5) UNSIGNED NOT NULL AUTO_INCREMENT, AUTO_INCREMENT=4;

--
-- AUTO_INCREMENT for table `nv4_vi_menu_rows`
--
ALTER TABLE `nv4_vi_menu_rows`
  MODIFY `id` mediumint(5) NOT NULL AUTO_INCREMENT, AUTO_INCREMENT=41;

--
-- AUTO_INCREMENT for table `nv4_vi_modfuncs`
--
ALTER TABLE `nv4_vi_modfuncs`
  MODIFY `func_id` mediumint(8) UNSIGNED NOT NULL AUTO_INCREMENT, AUTO_INCREMENT=84;

--
-- AUTO_INCREMENT for table `nv4_vi_news_1`
--
ALTER TABLE `nv4_vi_news_1`
  MODIFY `id` int(11) UNSIGNED NOT NULL AUTO_INCREMENT, AUTO_INCREMENT=13;

--
-- AUTO_INCREMENT for table `nv4_vi_news_2`
--
ALTER TABLE `nv4_vi_news_2`
  MODIFY `id` int(11) UNSIGNED NOT NULL AUTO_INCREMENT, AUTO_INCREMENT=16;

--
-- AUTO_INCREMENT for table `nv4_vi_news_3`
--
ALTER TABLE `nv4_vi_news_3`
  MODIFY `id` int(11) UNSIGNED NOT NULL AUTO_INCREMENT, AUTO_INCREMENT=13;

--
-- AUTO_INCREMENT for table `nv4_vi_news_4`
--
ALTER TABLE `nv4_vi_news_4`
  MODIFY `id` int(11) UNSIGNED NOT NULL AUTO_INCREMENT, AUTO_INCREMENT=11;

--
-- AUTO_INCREMENT for table `nv4_vi_news_5`
--
ALTER TABLE `nv4_vi_news_5`
  MODIFY `id` int(11) UNSIGNED NOT NULL AUTO_INCREMENT, AUTO_INCREMENT=2;

--
-- AUTO_INCREMENT for table `nv4_vi_news_6`
--
ALTER TABLE `nv4_vi_news_6`
  MODIFY `id` int(11) UNSIGNED NOT NULL AUTO_INCREMENT, AUTO_INCREMENT=7;

--
-- AUTO_INCREMENT for table `nv4_vi_news_7`
--
ALTER TABLE `nv4_vi_news_7`
  MODIFY `id` int(11) UNSIGNED NOT NULL AUTO_INCREMENT, AUTO_INCREMENT=3;

--
-- AUTO_INCREMENT for table `nv4_vi_news_author`
--
ALTER TABLE `nv4_vi_news_author`
  MODIFY `id` mediumint(8) UNSIGNED NOT NULL AUTO_INCREMENT, AUTO_INCREMENT=2;

--
-- AUTO_INCREMENT for table `nv4_vi_news_block_cat`
--
ALTER TABLE `nv4_vi_news_block_cat`
  MODIFY `bid` smallint(5) UNSIGNED NOT NULL AUTO_INCREMENT, AUTO_INCREMENT=3;

--
-- AUTO_INCREMENT for table `nv4_vi_news_cat`
--
ALTER TABLE `nv4_vi_news_cat`
  MODIFY `catid` smallint(5) UNSIGNED NOT NULL AUTO_INCREMENT, AUTO_INCREMENT=8;

--
-- AUTO_INCREMENT for table `nv4_vi_news_logs`
--
ALTER TABLE `nv4_vi_news_logs`
  MODIFY `id` mediumint(8) UNSIGNED NOT NULL AUTO_INCREMENT;

--
-- AUTO_INCREMENT for table `nv4_vi_news_rows`
--
ALTER TABLE `nv4_vi_news_rows`
  MODIFY `id` int(11) UNSIGNED NOT NULL AUTO_INCREMENT, AUTO_INCREMENT=16;

--
-- AUTO_INCREMENT for table `nv4_vi_news_row_histories`
--
ALTER TABLE `nv4_vi_news_row_histories`
  MODIFY `id` int(11) UNSIGNED NOT NULL AUTO_INCREMENT;

--
-- AUTO_INCREMENT for table `nv4_vi_news_sources`
--
ALTER TABLE `nv4_vi_news_sources`
  MODIFY `sourceid` mediumint(8) UNSIGNED NOT NULL AUTO_INCREMENT, AUTO_INCREMENT=5;

--
-- AUTO_INCREMENT for table `nv4_vi_news_tags`
--
ALTER TABLE `nv4_vi_news_tags`
  MODIFY `tid` mediumint(8) UNSIGNED NOT NULL AUTO_INCREMENT, AUTO_INCREMENT=43;

--
-- AUTO_INCREMENT for table `nv4_vi_news_topics`
--
ALTER TABLE `nv4_vi_news_topics`
  MODIFY `topicid` smallint(5) UNSIGNED NOT NULL AUTO_INCREMENT, AUTO_INCREMENT=2;

--
-- AUTO_INCREMENT for table `nv4_vi_news_voices`
--
ALTER TABLE `nv4_vi_news_voices`
  MODIFY `id` smallint(4) UNSIGNED NOT NULL AUTO_INCREMENT;

--
-- AUTO_INCREMENT for table `nv4_vi_page`
--
ALTER TABLE `nv4_vi_page`
  MODIFY `id` mediumint(8) UNSIGNED NOT NULL AUTO_INCREMENT;

--
-- AUTO_INCREMENT for table `nv4_vi_room_booking`
--
ALTER TABLE `nv4_vi_room_booking`
  MODIFY `booking_id` int(11) NOT NULL AUTO_INCREMENT, AUTO_INCREMENT=54;

--
-- AUTO_INCREMENT for table `nv4_vi_room_booking_details`
--
ALTER TABLE `nv4_vi_room_booking_details`
  MODIFY `id` int(11) NOT NULL AUTO_INCREMENT, AUTO_INCREMENT=54;

--
-- AUTO_INCREMENT for table `nv4_vi_room_carousel`
--
ALTER TABLE `nv4_vi_room_carousel`
  MODIFY `id` int(11) NOT NULL AUTO_INCREMENT, AUTO_INCREMENT=8;

--
-- AUTO_INCREMENT for table `nv4_vi_room_facilities`
--
ALTER TABLE `nv4_vi_room_facilities`
  MODIFY `id` int(11) NOT NULL AUTO_INCREMENT, AUTO_INCREMENT=42;

--
-- AUTO_INCREMENT for table `nv4_vi_room_features`
--
ALTER TABLE `nv4_vi_room_features`
  MODIFY `id` int(11) NOT NULL AUTO_INCREMENT, AUTO_INCREMENT=36;

--
-- AUTO_INCREMENT for table `nv4_vi_room_images`
--
ALTER TABLE `nv4_vi_room_images`
  MODIFY `id` int(11) NOT NULL AUTO_INCREMENT, AUTO_INCREMENT=112;

--
-- AUTO_INCREMENT for table `nv4_vi_room_rooms`
--
ALTER TABLE `nv4_vi_room_rooms`
  MODIFY `id` int(11) NOT NULL AUTO_INCREMENT, AUTO_INCREMENT=19;

--
-- AUTO_INCREMENT for table `nv4_vi_room_roomxfacilities`
--
ALTER TABLE `nv4_vi_room_roomxfacilities`
  MODIFY `id` int(11) NOT NULL AUTO_INCREMENT, AUTO_INCREMENT=59;

--
-- AUTO_INCREMENT for table `nv4_vi_room_roomxfeatures`
--
ALTER TABLE `nv4_vi_room_roomxfeatures`
  MODIFY `id` int(11) NOT NULL AUTO_INCREMENT, AUTO_INCREMENT=49;

--
-- AUTO_INCREMENT for table `nv4_vi_siteterms`
--
ALTER TABLE `nv4_vi_siteterms`
  MODIFY `id` mediumint(8) UNSIGNED NOT NULL AUTO_INCREMENT, AUTO_INCREMENT=3;

--
-- AUTO_INCREMENT for table `nv4_vi_user_sample`
--
ALTER TABLE `nv4_vi_user_sample`
  MODIFY `id` int(11) NOT NULL AUTO_INCREMENT;

--
-- AUTO_INCREMENT for table `nv4_vi_voting`
--
ALTER TABLE `nv4_vi_voting`
  MODIFY `vid` smallint(5) UNSIGNED NOT NULL AUTO_INCREMENT, AUTO_INCREMENT=4;

--
-- AUTO_INCREMENT for table `nv4_vi_voting_rows`
--
ALTER TABLE `nv4_vi_voting_rows`
  MODIFY `id` mediumint(8) UNSIGNED NOT NULL AUTO_INCREMENT, AUTO_INCREMENT=14;

--
-- Constraints for dumped tables
--

--
-- Constraints for table `nv4_vi_room_images`
--
ALTER TABLE `nv4_vi_room_images`
  ADD CONSTRAINT `nv4_vi_room_images_ibfk_1` FOREIGN KEY (`room_id`) REFERENCES `nv4_vi_room_rooms` (`id`);

--
-- Constraints for table `nv4_vi_room_rooms`
--
ALTER TABLE `nv4_vi_room_rooms`
  ADD CONSTRAINT `nv4_vi_room_rooms_ibfk_1` FOREIGN KEY (`id`) REFERENCES `nv4_vi_room_roomxfacilities` (`room_id`) ON DELETE CASCADE ON UPDATE CASCADE;

--
-- Constraints for table `nv4_vi_room_roomxfacilities`
--
ALTER TABLE `nv4_vi_room_roomxfacilities`
  ADD CONSTRAINT `nv4_vi_room_roomxfacilities_ibfk_1` FOREIGN KEY (`room_id`) REFERENCES `nv4_vi_room_rooms` (`id`),
  ADD CONSTRAINT `nv4_vi_room_roomxfacilities_ibfk_2` FOREIGN KEY (`facilities_id`) REFERENCES `nv4_vi_room_facilities` (`id`);

--
-- Constraints for table `nv4_vi_room_roomxfeatures`
--
ALTER TABLE `nv4_vi_room_roomxfeatures`
  ADD CONSTRAINT `nv4_vi_room_roomxfeatures_ibfk_1` FOREIGN KEY (`room_id`) REFERENCES `nv4_vi_room_rooms` (`id`),
  ADD CONSTRAINT `nv4_vi_room_roomxfeatures_ibfk_2` FOREIGN KEY (`features_id`) REFERENCES `nv4_vi_room_features` (`id`);
COMMIT;
